date,season,home,visitor,hgoal,vgoal,division,tier,totgoal,goaldif,year,month,home_win,away_win,draw,match_result
2020-01-01,2019,Brighton & Hove Albion,Chelsea,1,1,1,1,2,0,2020,1,0,0,1,Draw
2020-01-01,2019,Burnley,Aston Villa,1,2,1,1,3,-1,2020,1,0,1,0,Away Win
2020-01-01,2019,Newcastle United,Leicester City,0,3,1,1,3,-3,2020,1,0,1,0,Away Win
2020-01-01,2019,Southampton,Tottenham Hotspur,1,0,1,1,1,1,2020,1,1,0,0,Home Win
2020-01-01,2019,Watford,Wolverhampton Wanderers,2,1,1,1,3,1,2020,1,1,0,0,Home Win
2020-01-01,2019,Manchester City,Everton,2,1,1,1,3,1,2020,1,1,0,0,Home Win
2020-01-01,2019,Norwich City,Crystal Palace,1,1,1,1,2,0,2020,1,0,0,1,Draw
2020-01-01,2019,West Ham United,AFC Bournemouth,4,0,1,1,4,4,2020,1,1,0,0,Home Win
2020-01-01,2019,Arsenal,Manchester United,2,0,1,1,2,2,2020,1,1,0,0,Home Win
2020-01-01,2019,Millwall,Luton Town,3,1,2,2,4,2,2020,1,1,0,0,Home Win
2020-01-01,2019,Birmingham City,Wigan Athletic,2,3,2,2,5,-1,2020,1,0,1,0,Away Win
2020-01-01,2019,Bristol City,Brentford,0,4,2,2,4,-4,2020,1,0,1,0,Away Win
2020-01-01,2019,Fulham,Reading,1,2,2,2,3,-1,2020,1,0,1,0,Away Win
2020-01-01,2019,Huddersfield Town,Stoke City,2,5,2,2,7,-3,2020,1,0,1,0,Away Win
2020-01-01,2019,Nottingham Forest,Blackburn Rovers,3,2,2,2,5,1,2020,1,1,0,0,Home Win
2020-01-01,2019,Preston North End,Middlesbrough,0,2,2,2,2,-2,2020,1,0,1,0,Away Win
2020-01-01,2019,Queens Park Rangers,Cardiff City,6,1,2,2,7,5,2020,1,1,0,0,Home Win
2020-01-01,2019,Sheffield Wednesday,Hull City,0,1,2,2,1,-1,2020,1,0,1,0,Away Win
2020-01-01,2019,West Bromwich Albion,Leeds United,1,1,2,2,2,0,2020,1,0,0,1,Draw
2020-01-01,2019,Accrington,Rochdale,1,2,3,3,3,-1,2020,1,0,1,0,Away Win
2020-01-01,2019,AFC Wimbledon,Southend United,1,1,3,3,2,0,2020,1,0,0,1,Draw
2020-01-01,2019,Bolton Wanderers,Burton Albion,3,4,3,3,7,-1,2020,1,0,1,0,Away Win
2020-01-01,2019,Doncaster Rovers,Oxford United,1,0,3,3,1,1,2020,1,1,0,0,Home Win
2020-01-01,2019,Fleetwood Town,Sunderland,1,1,3,3,2,0,2020,1,0,0,1,Draw
2020-01-01,2019,Gillingham,Portsmouth,1,1,3,3,2,0,2020,1,0,0,1,Draw
2020-01-01,2019,Lincoln City,Peterborough United,2,1,3,3,3,1,2020,1,1,0,0,Home Win
2020-01-01,2019,Milton Keynes Dons,Bristol Rovers,3,0,3,3,3,3,2020,1,1,0,0,Home Win
2020-01-01,2019,Rotherham United,Blackpool,2,1,3,3,3,1,2020,1,1,0,0,Home Win
2020-01-01,2019,Tranmere Rovers,Coventry City,1,4,3,3,5,-3,2020,1,0,1,0,Away Win
2020-01-01,2019,Wycombe Wanderers,Ipswich Town,1,1,3,3,2,0,2020,1,0,0,1,Draw
2020-01-01,2019,Bradford City,Morecambe,1,0,4,4,1,1,2020,1,1,0,0,Home Win
2020-01-01,2019,Cambridge United,Mansfield Town,2,3,4,4,5,-1,2020,1,0,1,0,Away Win
2020-01-01,2019,Colchester United,Crawley Town,1,1,4,4,2,0,2020,1,0,0,1,Draw
2020-01-01,2019,Crewe Alexandra,Carlisle United,4,1,4,4,5,3,2020,1,1,0,0,Home Win
2020-01-01,2019,Forest Green Rovers,Exeter City,0,1,4,4,1,-1,2020,1,0,1,0,Away Win
2020-01-01,2019,Grimsby Town,Salford City,1,0,4,4,1,1,2020,1,1,0,0,Home Win
2020-01-01,2019,Newport County,Cheltenham,1,1,4,4,2,0,2020,1,0,0,1,Draw
2020-01-01,2019,Northampton Town,Stevenage Borough,1,0,4,4,1,1,2020,1,1,0,0,Home Win
2020-01-01,2019,Oldham Athletic,Scunthorpe United,0,2,4,4,2,-2,2020,1,0,1,0,Away Win
2020-01-01,2019,Plymouth Argyle,Swindon Town,1,2,4,4,3,-1,2020,1,0,1,0,Away Win
2020-01-01,2019,Port Vale,Macclesfield,2,2,4,4,4,0,2020,1,0,0,1,Draw
2020-01-01,2019,Walsall,Leyton Orient,1,0,4,4,1,1,2020,1,1,0,0,Home Win
2020-01-02,2019,Liverpool,Sheffield United,2,0,1,1,2,2,2020,1,1,0,0,Home Win
2020-01-02,2019,Derby County,Barnsley,2,1,2,2,3,1,2020,1,1,0,0,Home Win
2020-01-02,2019,Swansea City,Charlton Athletic,1,0,2,2,1,1,2020,1,1,0,0,Home Win
2020-01-04,2019,Sunderland,Lincoln City,3,1,3,3,4,2,2020,1,1,0,0,Home Win
2020-01-04,2019,Cheltenham,Oldham Athletic,3,0,4,4,3,3,2020,1,1,0,0,Home Win
2020-01-04,2019,Crawley Town,Forest Green Rovers,1,1,4,4,2,0,2020,1,0,0,1,Draw
2020-01-04,2019,Macclesfield,Cambridge United,1,0,4,4,1,1,2020,1,1,0,0,Home Win
2020-01-04,2019,Mansfield Town,Grimsby Town,0,1,4,4,1,-1,2020,1,0,1,0,Away Win
2020-01-04,2019,Salford City,Walsall,1,2,4,4,3,-1,2020,1,0,1,0,Away Win
2020-01-04,2019,Scunthorpe United,Plymouth Argyle,1,3,4,4,4,-2,2020,1,0,1,0,Away Win
2020-01-04,2019,Stevenage Borough,Colchester United,0,0,4,4,0,0,2020,1,0,0,1,Draw
2020-01-04,2019,Swindon Town,Bradford City,1,1,4,4,2,0,2020,1,0,0,1,Draw
2020-01-07,2019,Doncaster Rovers,Shrewsbury Town,2,0,3,3,2,2,2020,1,1,0,0,Home Win
2020-01-10,2019,Sheffield United,West Ham United,1,0,1,1,1,1,2020,1,1,0,0,Home Win
2020-01-11,2019,Crystal Palace,Arsenal,1,1,1,1,2,0,2020,1,0,0,1,Draw
2020-01-11,2019,Chelsea,Burnley,3,0,1,1,3,3,2020,1,1,0,0,Home Win
2020-01-11,2019,Everton,Brighton & Hove Albion,1,0,1,1,1,1,2020,1,1,0,0,Home Win
2020-01-11,2019,Leicester City,Southampton,1,2,1,1,3,-1,2020,1,0,1,0,Away Win
2020-01-11,2019,Manchester United,Norwich City,4,0,1,1,4,4,2020,1,1,0,0,Home Win
2020-01-11,2019,Wolverhampton Wanderers,Newcastle United,1,1,1,1,2,0,2020,1,0,0,1,Draw
2020-01-11,2019,Tottenham Hotspur,Liverpool,0,1,1,1,1,-1,2020,1,0,1,0,Away Win
2020-01-11,2019,Brentford,Queens Park Rangers,3,1,2,2,4,2,2020,1,1,0,0,Home Win
2020-01-11,2019,Barnsley,Huddersfield Town,2,1,2,2,3,1,2020,1,1,0,0,Home Win
2020-01-11,2019,Blackburn Rovers,Preston North End,1,1,2,2,2,0,2020,1,0,0,1,Draw
2020-01-11,2019,Charlton Athletic,West Bromwich Albion,2,2,2,2,4,0,2020,1,0,0,1,Draw
2020-01-11,2019,Hull City,Fulham,0,1,2,2,1,-1,2020,1,0,1,0,Away Win
2020-01-11,2019,Leeds United,Sheffield Wednesday,0,2,2,2,2,-2,2020,1,0,1,0,Away Win
2020-01-11,2019,Luton Town,Birmingham City,1,2,2,2,3,-1,2020,1,0,1,0,Away Win
2020-01-11,2019,Middlesbrough,Derby County,2,2,2,2,4,0,2020,1,0,0,1,Draw
2020-01-11,2019,Reading,Nottingham Forest,1,1,2,2,2,0,2020,1,0,0,1,Draw
2020-01-11,2019,Stoke City,Millwall,0,0,2,2,0,0,2020,1,0,0,1,Draw
2020-01-11,2019,Wigan Athletic,Bristol City,0,2,2,2,2,-2,2020,1,0,1,0,Away Win
2020-01-11,2019,Bristol Rovers,Doncaster Rovers,0,2,3,3,2,-2,2020,1,0,1,0,Away Win
2020-01-11,2019,Burton Albion,Fleetwood Town,1,0,3,3,1,1,2020,1,1,0,0,Home Win
2020-01-11,2019,Coventry City,Milton Keynes Dons,1,1,3,3,2,0,2020,1,0,0,1,Draw
2020-01-11,2019,Ipswich Town,Accrington,4,1,3,3,5,3,2020,1,1,0,0,Home Win
2020-01-11,2019,Oxford United,Rotherham United,1,3,3,3,4,-2,2020,1,0,1,0,Away Win
2020-01-11,2019,Peterborough United,Gillingham,0,0,3,3,0,0,2020,1,0,0,1,Draw
2020-01-11,2019,Portsmouth,AFC Wimbledon,2,1,3,3,3,1,2020,1,1,0,0,Home Win
2020-01-11,2019,Rochdale,Bolton Wanderers,2,0,3,3,2,2,2020,1,1,0,0,Home Win
2020-01-11,2019,Shrewsbury Town,Lincoln City,1,1,3,3,2,0,2020,1,0,0,1,Draw
2020-01-11,2019,Southend United,Tranmere Rovers,0,0,3,3,0,0,2020,1,0,0,1,Draw
2020-01-11,2019,Sunderland,Wycombe Wanderers,4,0,3,3,4,4,2020,1,1,0,0,Home Win
2020-01-11,2019,Carlisle United,Plymouth Argyle,0,3,4,4,3,-3,2020,1,0,1,0,Away Win
2020-01-11,2019,Cheltenham,Walsall,3,1,4,4,4,2,2020,1,1,0,0,Home Win
2020-01-11,2019,Crawley Town,Bradford City,2,1,4,4,3,1,2020,1,1,0,0,Home Win
2020-01-11,2019,Exeter City,Cambridge United,2,0,4,4,2,2,2020,1,1,0,0,Home Win
2020-01-11,2019,Leyton Orient,Grimsby Town,1,1,4,4,2,0,2020,1,0,0,1,Draw
2020-01-11,2019,Macclesfield,Oldham Athletic,1,1,4,4,2,0,2020,1,0,0,1,Draw
2020-01-11,2019,Mansfield Town,Forest Green Rovers,3,4,4,4,7,-1,2020,1,0,1,0,Away Win
2020-01-11,2019,Morecambe,Colchester United,1,1,4,4,2,0,2020,1,0,0,1,Draw
2020-01-11,2019,Salford City,Northampton Town,1,2,4,4,3,-1,2020,1,0,1,0,Away Win
2020-01-11,2019,Scunthorpe United,Newport County,1,2,4,4,3,-1,2020,1,0,1,0,Away Win
2020-01-11,2019,Stevenage Borough,Port Vale,0,1,4,4,1,-1,2020,1,0,1,0,Away Win
2020-01-11,2019,Swindon Town,Crewe Alexandra,3,1,4,4,4,2,2020,1,1,0,0,Home Win
2020-01-12,2019,AFC Bournemouth,Watford,0,3,1,1,3,-3,2020,1,0,1,0,Away Win
2020-01-12,2019,Aston Villa,Manchester City,1,6,1,1,7,-5,2020,1,0,1,0,Away Win
2020-01-12,2019,Cardiff City,Swansea City,0,0,2,2,0,0,2020,1,0,0,1,Draw
2020-01-14,2019,Burton Albion,Milton Keynes Dons,1,0,3,3,1,1,2020,1,1,0,0,Home Win
2020-01-14,2019,Lincoln City,Bolton Wanderers,5,1,3,3,6,4,2020,1,1,0,0,Home Win
2020-01-14,2019,Oxford United,Ipswich Town,0,0,3,3,0,0,2020,1,0,0,1,Draw
2020-01-14,2019,Morecambe,Port Vale,2,1,4,4,3,1,2020,1,1,0,0,Home Win
2020-01-14,2019,Stevenage Borough,Oldham Athletic,0,0,4,4,0,0,2020,1,0,0,1,Draw
2020-01-17,2019,Fulham,Middlesbrough,1,0,2,2,1,1,2020,1,1,0,0,Home Win
2020-01-18,2019,Watford,Tottenham Hotspur,0,0,1,1,0,0,2020,1,0,0,1,Draw
2020-01-18,2019,Arsenal,Sheffield United,1,1,1,1,2,0,2020,1,0,0,1,Draw
2020-01-18,2019,Brighton & Hove Albion,Aston Villa,1,1,1,1,2,0,2020,1,0,0,1,Draw
2020-01-18,2019,Manchester City,Crystal Palace,2,2,1,1,4,0,2020,1,0,0,1,Draw
2020-01-18,2019,Norwich City,AFC Bournemouth,1,0,1,1,1,1,2020,1,1,0,0,Home Win
2020-01-18,2019,Southampton,Wolverhampton Wanderers,2,3,1,1,5,-1,2020,1,0,1,0,Away Win
2020-01-18,2019,West Ham United,Everton,1,1,1,1,2,0,2020,1,0,0,1,Draw
2020-01-18,2019,Newcastle United,Chelsea,1,0,1,1,1,1,2020,1,1,0,0,Home Win
2020-01-18,2019,Queens Park Rangers,Leeds United,1,0,2,2,1,1,2020,1,1,0,0,Home Win
2020-01-18,2019,Birmingham City,Cardiff City,1,1,2,2,2,0,2020,1,0,0,1,Draw
2020-01-18,2019,Bristol City,Barnsley,1,0,2,2,1,1,2020,1,1,0,0,Home Win
2020-01-18,2019,Derby County,Hull City,1,0,2,2,1,1,2020,1,1,0,0,Home Win
2020-01-18,2019,Huddersfield Town,Brentford,0,0,2,2,0,0,2020,1,0,0,1,Draw
2020-01-18,2019,Millwall,Reading,2,0,2,2,2,2,2020,1,1,0,0,Home Win
2020-01-18,2019,Preston North End,Charlton Athletic,2,1,2,2,3,1,2020,1,1,0,0,Home Win
2020-01-18,2019,Sheffield Wednesday,Blackburn Rovers,0,5,2,2,5,-5,2020,1,0,1,0,Away Win
2020-01-18,2019,Swansea City,Wigan Athletic,2,1,2,2,3,1,2020,1,1,0,0,Home Win
2020-01-18,2019,Accrington,Southend United,1,2,3,3,3,-1,2020,1,0,1,0,Away Win
2020-01-18,2019,AFC Wimbledon,Peterborough United,1,0,3,3,1,1,2020,1,1,0,0,Home Win
2020-01-18,2019,Bolton Wanderers,Portsmouth,0,1,3,3,1,-1,2020,1,0,1,0,Away Win
2020-01-18,2019,Doncaster Rovers,Coventry City,0,1,3,3,1,-1,2020,1,0,1,0,Away Win
2020-01-18,2019,Fleetwood Town,Shrewsbury Town,2,2,3,3,4,0,2020,1,0,0,1,Draw
2020-01-18,2019,Gillingham,Oxford United,1,1,3,3,2,0,2020,1,0,0,1,Draw
2020-01-18,2019,Lincoln City,Blackpool,1,0,3,3,1,1,2020,1,1,0,0,Home Win
2020-01-18,2019,Milton Keynes Dons,Sunderland,0,1,3,3,1,-1,2020,1,0,1,0,Away Win
2020-01-18,2019,Rotherham United,Bristol Rovers,3,0,3,3,3,3,2020,1,1,0,0,Home Win
2020-01-18,2019,Tranmere Rovers,Ipswich Town,1,2,3,3,3,-1,2020,1,0,1,0,Away Win
2020-01-18,2019,Wycombe Wanderers,Rochdale,2,1,3,3,3,1,2020,1,1,0,0,Home Win
2020-01-18,2019,Bradford City,Scunthorpe United,2,2,4,4,4,0,2020,1,0,0,1,Draw
2020-01-18,2019,Cambridge United,Stevenage Borough,0,4,4,4,4,-4,2020,1,0,1,0,Away Win
2020-01-18,2019,Colchester United,Macclesfield,2,1,4,4,3,1,2020,1,1,0,0,Home Win
2020-01-18,2019,Crewe Alexandra,Cheltenham,1,0,4,4,1,1,2020,1,1,0,0,Home Win
2020-01-18,2019,Forest Green Rovers,Salford City,1,2,4,4,3,-1,2020,1,0,1,0,Away Win
2020-01-18,2019,Grimsby Town,Exeter City,0,1,4,4,1,-1,2020,1,0,1,0,Away Win
2020-01-18,2019,Newport County,Swindon Town,2,0,4,4,2,2,2020,1,1,0,0,Home Win
2020-01-18,2019,Northampton Town,Morecambe,4,1,4,4,5,3,2020,1,1,0,0,Home Win
2020-01-18,2019,Oldham Athletic,Carlisle United,1,1,4,4,2,0,2020,1,0,0,1,Draw
2020-01-18,2019,Plymouth Argyle,Mansfield Town,3,1,4,4,4,2,2020,1,1,0,0,Home Win
2020-01-18,2019,Port Vale,Leyton Orient,1,0,4,4,1,1,2020,1,1,0,0,Home Win
2020-01-18,2019,Walsall,Crawley Town,2,1,4,4,3,1,2020,1,1,0,0,Home Win
2020-01-19,2019,Burnley,Leicester City,2,1,1,1,3,1,2020,1,1,0,0,Home Win
2020-01-19,2019,Liverpool,Manchester United,2,0,1,1,2,2,2020,1,1,0,0,Home Win
2020-01-19,2019,Nottingham Forest,Luton Town,3,1,2,2,4,2,2020,1,1,0,0,Home Win
2020-01-20,2019,West Bromwich Albion,Stoke City,0,1,2,2,1,-1,2020,1,0,1,0,Away Win
2020-01-21,2019,Aston Villa,Watford,2,1,1,1,3,1,2020,1,1,0,0,Home Win
2020-01-21,2019,AFC Bournemouth,Brighton & Hove Albion,3,1,1,1,4,2,2020,1,1,0,0,Home Win
2020-01-21,2019,Crystal Palace,Southampton,0,2,1,1,2,-2,2020,1,0,1,0,Away Win
2020-01-21,2019,Everton,Newcastle United,2,2,1,1,4,0,2020,1,0,0,1,Draw
2020-01-21,2019,Sheffield United,Manchester City,0,1,1,1,1,-1,2020,1,0,1,0,Away Win
2020-01-21,2019,Chelsea,Arsenal,2,2,1,1,4,0,2020,1,0,0,1,Draw
2020-01-21,2019,Barnsley,Preston North End,0,3,2,2,3,-3,2020,1,0,1,0,Away Win
2020-01-21,2019,Middlesbrough,Birmingham City,1,1,2,2,2,0,2020,1,0,0,1,Draw
2020-01-21,2019,Peterborough United,Wycombe Wanderers,4,0,3,3,4,4,2020,1,1,0,0,Home Win
2020-01-21,2019,Colchester United,Bradford City,0,0,4,4,0,0,2020,1,0,0,1,Draw
2020-01-21,2019,Leyton Orient,Northampton Town,1,1,4,4,2,0,2020,1,0,0,1,Draw
2020-01-21,2019,Macclesfield,Crewe Alexandra,1,1,4,4,2,0,2020,1,0,0,1,Draw
2020-01-22,2019,Leicester City,West Ham United,4,1,1,1,5,3,2020,1,1,0,0,Home Win
2020-01-22,2019,Tottenham Hotspur,Norwich City,2,1,1,1,3,1,2020,1,1,0,0,Home Win
2020-01-22,2019,Manchester United,Burnley,0,2,1,1,2,-2,2020,1,0,1,0,Away Win
2020-01-22,2019,Charlton Athletic,Fulham,0,0,2,2,0,0,2020,1,0,0,1,Draw
2020-01-22,2019,Nottingham Forest,Reading,1,1,2,2,2,0,2020,1,0,0,1,Draw
2020-01-23,2019,Wolverhampton Wanderers,Liverpool,1,2,1,1,3,-1,2020,1,0,1,0,Away Win
2020-01-24,2019,Sunderland,Doncaster Rovers,0,0,3,3,0,0,2020,1,0,0,1,Draw
2020-01-25,2019,Stoke City,Swansea City,2,0,2,2,2,2,2020,1,1,0,0,Home Win
2020-01-25,2019,Bristol Rovers,Fleetwood Town,0,0,3,3,0,0,2020,1,0,0,1,Draw
2020-01-25,2019,Burton Albion,Accrington,1,1,3,3,2,0,2020,1,0,0,1,Draw
2020-01-25,2019,Ipswich Town,Lincoln City,1,0,3,3,1,1,2020,1,1,0,0,Home Win
2020-01-25,2019,Peterborough United,Rotherham United,2,1,3,3,3,1,2020,1,1,0,0,Home Win
2020-01-25,2019,Rochdale,Gillingham,2,2,3,3,4,0,2020,1,0,0,1,Draw
2020-01-25,2019,Carlisle United,Walsall,2,1,4,4,3,1,2020,1,1,0,0,Home Win
2020-01-25,2019,Crawley Town,Grimsby Town,3,2,4,4,5,1,2020,1,1,0,0,Home Win
2020-01-25,2019,Exeter City,Colchester United,0,0,4,4,0,0,2020,1,0,0,1,Draw
2020-01-25,2019,Leyton Orient,Newport County,2,1,4,4,3,1,2020,1,1,0,0,Home Win
2020-01-25,2019,Macclesfield,Forest Green Rovers,2,1,4,4,3,1,2020,1,1,0,0,Home Win
2020-01-25,2019,Mansfield Town,Bradford City,3,0,4,4,3,3,2020,1,1,0,0,Home Win
2020-01-25,2019,Morecambe,Cambridge United,1,1,4,4,2,0,2020,1,0,0,1,Draw
2020-01-25,2019,Salford City,Oldham Athletic,1,1,4,4,2,0,2020,1,0,0,1,Draw
2020-01-25,2019,Scunthorpe United,Crewe Alexandra,2,2,4,4,4,0,2020,1,0,0,1,Draw
2020-01-25,2019,Stevenage Borough,Plymouth Argyle,1,2,4,4,3,-1,2020,1,0,1,0,Away Win
2020-01-25,2019,Swindon Town,Port Vale,3,0,4,4,3,3,2020,1,1,0,0,Home Win
2020-01-28,2019,Blackburn Rovers,Queens Park Rangers,2,1,2,2,3,1,2020,1,1,0,0,Home Win
2020-01-28,2019,Brentford,Nottingham Forest,0,1,2,2,1,-1,2020,1,0,1,0,Away Win
2020-01-28,2019,Cardiff City,West Bromwich Albion,2,1,2,2,3,1,2020,1,1,0,0,Home Win
2020-01-28,2019,Hull City,Huddersfield Town,1,2,2,2,3,-1,2020,1,0,1,0,Away Win
2020-01-28,2019,Leeds United,Millwall,3,2,2,2,5,1,2020,1,1,0,0,Home Win
2020-01-28,2019,Luton Town,Derby County,3,2,2,2,5,1,2020,1,1,0,0,Home Win
2020-01-28,2019,Wigan Athletic,Sheffield Wednesday,2,1,2,2,3,1,2020,1,1,0,0,Home Win
2020-01-28,2019,Reading,Bristol City,0,1,2,2,1,-1,2020,1,0,1,0,Away Win
2020-01-28,2019,Accrington,Peterborough United,0,2,3,3,2,-2,2020,1,0,1,0,Away Win
2020-01-28,2019,AFC Wimbledon,Burton Albion,2,2,3,3,4,0,2020,1,0,0,1,Draw
2020-01-28,2019,Doncaster Rovers,Southend United,3,1,3,3,4,2,2020,1,1,0,0,Home Win
2020-01-28,2019,Fleetwood Town,Coventry City,0,0,3,3,0,0,2020,1,0,0,1,Draw
2020-01-28,2019,Lincoln City,Portsmouth,0,2,3,3,2,-2,2020,1,0,1,0,Away Win
2020-01-28,2019,Milton Keynes Dons,Rochdale,2,1,3,3,3,1,2020,1,1,0,0,Home Win
2020-01-28,2019,Rotherham United,Ipswich Town,1,0,3,3,1,1,2020,1,1,0,0,Home Win
2020-01-28,2019,Wycombe Wanderers,Blackpool,2,1,3,3,3,1,2020,1,1,0,0,Home Win
2020-01-28,2019,Bolton Wanderers,Bristol Rovers,1,1,3,3,2,0,2020,1,0,0,1,Draw
2020-01-28,2019,Bradford City,Cheltenham,1,1,4,4,2,0,2020,1,0,0,1,Draw
2020-01-28,2019,Cambridge United,Salford City,0,4,4,4,4,-4,2020,1,0,1,0,Away Win
2020-01-28,2019,Colchester United,Swindon Town,3,1,4,4,4,2,2020,1,1,0,0,Home Win
2020-01-28,2019,Crewe Alexandra,Leyton Orient,2,0,4,4,2,2,2020,1,1,0,0,Home Win
2020-01-28,2019,Forest Green Rovers,Carlisle United,1,4,4,4,5,-3,2020,1,0,1,0,Away Win
2020-01-28,2019,Grimsby Town,Stevenage Borough,3,1,4,4,4,2,2020,1,1,0,0,Home Win
2020-01-28,2019,Newport County,Macclesfield,1,0,4,4,1,1,2020,1,1,0,0,Home Win
2020-01-28,2019,Northampton Town,Scunthorpe United,3,0,4,4,3,3,2020,1,1,0,0,Home Win
2020-01-28,2019,Oldham Athletic,Mansfield Town,3,1,4,4,4,2,2020,1,1,0,0,Home Win
2020-01-28,2019,Plymouth Argyle,Crawley Town,2,2,4,4,4,0,2020,1,0,0,1,Draw
2020-01-28,2019,Port Vale,Exeter City,3,1,4,4,4,2,2020,1,1,0,0,Home Win
2020-01-28,2019,Walsall,Morecambe,0,2,4,4,2,-2,2020,1,0,1,0,Away Win
2020-01-29,2019,West Ham United,Liverpool,0,2,1,1,2,-2,2020,1,0,1,0,Away Win
2020-01-29,2019,Gillingham,Shrewsbury Town,2,0,3,3,2,2,2020,1,1,0,0,Home Win
2020-01-29,2019,Tranmere Rovers,Sunderland,0,1,3,3,1,-1,2020,1,0,1,0,Away Win
2020-01-31,2019,Cardiff City,Reading,1,1,2,2,2,0,2020,1,0,0,1,Draw
2020-01-31,2019,Derby County,Stoke City,4,0,2,2,4,4,2020,1,1,0,0,Home Win
2020-02-01,2019,Leicester City,Chelsea,2,2,1,1,4,0,2020,2,0,0,1,Draw
2020-02-01,2019,AFC Bournemouth,Aston Villa,2,1,1,1,3,1,2020,2,1,0,0,Home Win
2020-02-01,2019,Crystal Palace,Sheffield United,0,1,1,1,1,-1,2020,2,0,1,0,Away Win
2020-02-01,2019,Liverpool,Southampton,4,0,1,1,4,4,2020,2,1,0,0,Home Win
2020-02-01,2019,Newcastle United,Norwich City,0,0,1,1,0,0,2020,2,0,0,1,Draw
2020-02-01,2019,Watford,Everton,2,3,1,1,5,-1,2020,2,0,1,0,Away Win
2020-02-01,2019,West Ham United,Brighton & Hove Albion,3,3,1,1,6,0,2020,2,0,0,1,Draw
2020-02-01,2019,Manchester United,Wolverhampton Wanderers,0,0,1,1,0,0,2020,2,0,0,1,Draw
2020-02-01,2019,Hull City,Brentford,1,5,2,2,6,-4,2020,2,0,1,0,Away Win
2020-02-01,2019,Birmingham City,Nottingham Forest,2,1,2,2,3,1,2020,2,1,0,0,Home Win
2020-02-01,2019,Charlton Athletic,Barnsley,2,1,2,2,3,1,2020,2,1,0,0,Home Win
2020-02-01,2019,Fulham,Huddersfield Town,3,2,2,2,5,1,2020,2,1,0,0,Home Win
2020-02-01,2019,Leeds United,Wigan Athletic,0,1,2,2,1,-1,2020,2,0,1,0,Away Win
2020-02-01,2019,Middlesbrough,Blackburn Rovers,1,1,2,2,2,0,2020,2,0,0,1,Draw
2020-02-01,2019,Preston North End,Swansea City,1,1,2,2,2,0,2020,2,0,0,1,Draw
2020-02-01,2019,Queens Park Rangers,Bristol City,0,1,2,2,1,-1,2020,2,0,1,0,Away Win
2020-02-01,2019,Sheffield Wednesday,Millwall,0,0,2,2,0,0,2020,2,0,0,1,Draw
2020-02-01,2019,West Bromwich Albion,Luton Town,2,0,2,2,2,2,2020,2,1,0,0,Home Win
2020-02-01,2019,Accrington,AFC Wimbledon,2,1,3,3,3,1,2020,2,1,0,0,Home Win
2020-02-01,2019,Bolton Wanderers,Tranmere Rovers,2,0,3,3,2,2,2020,2,1,0,0,Home Win
2020-02-01,2019,Bristol Rovers,Coventry City,1,2,3,3,3,-1,2020,2,0,1,0,Away Win
2020-02-01,2019,Fleetwood Town,Doncaster Rovers,2,1,3,3,3,1,2020,2,1,0,0,Home Win
2020-02-01,2019,Ipswich Town,Peterborough United,1,4,3,3,5,-3,2020,2,0,1,0,Away Win
2020-02-01,2019,Milton Keynes Dons,Wycombe Wanderers,2,0,3,3,2,2,2020,2,1,0,0,Home Win
2020-02-01,2019,Oxford United,Blackpool,2,1,3,3,3,1,2020,2,1,0,0,Home Win
2020-02-01,2019,Portsmouth,Sunderland,2,0,3,3,2,2,2020,2,1,0,0,Home Win
2020-02-01,2019,Rochdale,Shrewsbury Town,1,0,3,3,1,1,2020,2,1,0,0,Home Win
2020-02-01,2019,Rotherham United,Burton Albion,3,2,3,3,5,1,2020,2,1,0,0,Home Win
2020-02-01,2019,Southend United,Lincoln City,2,1,3,3,3,1,2020,2,1,0,0,Home Win
2020-02-01,2019,Cambridge United,Colchester United,2,1,4,4,3,1,2020,2,1,0,0,Home Win
2020-02-01,2019,Cheltenham,Morecambe,2,1,4,4,3,1,2020,2,1,0,0,Home Win
2020-02-01,2019,Crawley Town,Scunthorpe United,3,1,4,4,4,2,2020,2,1,0,0,Home Win
2020-02-01,2019,Grimsby Town,Forest Green Rovers,2,2,4,4,4,0,2020,2,0,0,1,Draw
2020-02-01,2019,Macclesfield,Northampton Town,0,1,4,4,1,-1,2020,2,0,1,0,Away Win
2020-02-01,2019,Mansfield Town,Carlisle United,2,2,4,4,4,0,2020,2,0,0,1,Draw
2020-02-01,2019,Oldham Athletic,Bradford City,3,0,4,4,3,3,2020,2,1,0,0,Home Win
2020-02-01,2019,Plymouth Argyle,Newport County,1,0,4,4,1,1,2020,2,1,0,0,Home Win
2020-02-01,2019,Port Vale,Salford City,1,1,4,4,2,0,2020,2,0,0,1,Draw
2020-02-01,2019,Stevenage Borough,Leyton Orient,0,3,4,4,3,-3,2020,2,0,1,0,Away Win
2020-02-01,2019,Swindon Town,Exeter City,2,1,4,4,3,1,2020,2,1,0,0,Home Win
2020-02-01,2019,Walsall,Crewe Alexandra,1,2,4,4,3,-1,2020,2,0,1,0,Away Win
2020-02-02,2019,Burnley,Arsenal,0,0,1,1,0,0,2020,2,0,0,1,Draw
2020-02-02,2019,Tottenham Hotspur,Manchester City,2,0,1,1,2,2,2020,2,1,0,0,Home Win
2020-02-04,2019,Tranmere Rovers,Doncaster Rovers,0,3,3,3,3,-3,2020,2,0,1,0,Away Win
2020-02-07,2019,Bristol City,Birmingham City,1,3,2,2,4,-2,2020,2,0,1,0,Away Win
2020-02-07,2019,Lincoln City,Rotherham United,0,1,3,3,1,-1,2020,2,0,1,0,Away Win
2020-02-08,2019,Everton,Crystal Palace,3,1,1,1,4,2,2020,2,1,0,0,Home Win
2020-02-08,2019,Brighton & Hove Albion,Watford,1,1,1,1,2,0,2020,2,0,0,1,Draw
2020-02-08,2019,Wigan Athletic,Preston North End,1,2,2,2,3,-1,2020,2,0,1,0,Away Win
2020-02-08,2019,Barnsley,Sheffield Wednesday,1,1,2,2,2,0,2020,2,0,0,1,Draw
2020-02-08,2019,Blackburn Rovers,Fulham,0,1,2,2,1,-1,2020,2,0,1,0,Away Win
2020-02-08,2019,Brentford,Middlesbrough,3,2,2,2,5,1,2020,2,1,0,0,Home Win
2020-02-08,2019,Huddersfield Town,Queens Park Rangers,2,0,2,2,2,2,2020,2,1,0,0,Home Win
2020-02-08,2019,Luton Town,Cardiff City,0,1,2,2,1,-1,2020,2,0,1,0,Away Win
2020-02-08,2019,Reading,Hull City,1,1,2,2,2,0,2020,2,0,0,1,Draw
2020-02-08,2019,Stoke City,Charlton Athletic,3,1,2,2,4,2,2020,2,1,0,0,Home Win
2020-02-08,2019,Swansea City,Derby County,2,3,2,2,5,-1,2020,2,0,1,0,Away Win
2020-02-08,2019,Nottingham Forest,Leeds United,2,0,2,2,2,2,2020,2,1,0,0,Home Win
2020-02-08,2019,AFC Wimbledon,Fleetwood Town,1,2,3,3,3,-1,2020,2,0,1,0,Away Win
2020-02-08,2019,Blackpool,Southend United,2,1,3,3,3,1,2020,2,1,0,0,Home Win
2020-02-08,2019,Burton Albion,Gillingham,0,0,3,3,0,0,2020,2,0,0,1,Draw
2020-02-08,2019,Coventry City,Bolton Wanderers,2,1,3,3,3,1,2020,2,1,0,0,Home Win
2020-02-08,2019,Doncaster Rovers,Rochdale,1,1,3,3,2,0,2020,2,0,0,1,Draw
2020-02-08,2019,Peterborough United,Oxford United,4,0,3,3,4,4,2020,2,1,0,0,Home Win
2020-02-08,2019,Shrewsbury Town,Milton Keynes Dons,1,1,3,3,2,0,2020,2,0,0,1,Draw
2020-02-08,2019,Sunderland,Ipswich Town,1,0,3,3,1,1,2020,2,1,0,0,Home Win
2020-02-08,2019,Tranmere Rovers,Portsmouth,0,2,3,3,2,-2,2020,2,0,1,0,Away Win
2020-02-08,2019,Wycombe Wanderers,Bristol Rovers,3,1,3,3,4,2,2020,2,1,0,0,Home Win
2020-02-08,2019,Bradford City,Grimsby Town,1,1,4,4,2,0,2020,2,0,0,1,Draw
2020-02-08,2019,Carlisle United,Swindon Town,1,1,4,4,2,0,2020,2,0,0,1,Draw
2020-02-08,2019,Colchester United,Plymouth Argyle,3,0,4,4,3,3,2020,2,1,0,0,Home Win
2020-02-08,2019,Crewe Alexandra,Oldham Athletic,2,1,4,4,3,1,2020,2,1,0,0,Home Win
2020-02-08,2019,Exeter City,Stevenage Borough,2,1,4,4,3,1,2020,2,1,0,0,Home Win
2020-02-08,2019,Forest Green Rovers,Walsall,1,2,4,4,3,-1,2020,2,0,1,0,Away Win
2020-02-08,2019,Leyton Orient,Macclesfield,1,1,4,4,2,0,2020,2,0,0,1,Draw
2020-02-08,2019,Morecambe,Mansfield Town,1,1,4,4,2,0,2020,2,0,0,1,Draw
2020-02-08,2019,Newport County,Cambridge United,0,1,4,4,1,-1,2020,2,0,1,0,Away Win
2020-02-08,2019,Northampton Town,Port Vale,0,1,4,4,1,-1,2020,2,0,1,0,Away Win
2020-02-08,2019,Salford City,Crawley Town,0,0,4,4,0,0,2020,2,0,0,1,Draw
2020-02-08,2019,Scunthorpe United,Cheltenham,1,0,4,4,1,1,2020,2,1,0,0,Home Win
2020-02-09,2019,Sheffield United,AFC Bournemouth,2,1,1,1,3,1,2020,2,1,0,0,Home Win
2020-02-09,2019,Millwall,West Bromwich Albion,0,2,2,2,2,-2,2020,2,0,1,0,Away Win
2020-02-11,2019,Barnsley,Birmingham City,0,1,2,2,1,-1,2020,2,0,1,0,Away Win
2020-02-11,2019,Blackburn Rovers,Hull City,3,0,2,2,3,3,2020,2,1,0,0,Home Win
2020-02-11,2019,Brentford,Leeds United,1,1,2,2,2,0,2020,2,0,0,1,Draw
2020-02-11,2019,Nottingham Forest,Charlton Athletic,0,1,2,2,1,-1,2020,2,0,1,0,Away Win
2020-02-11,2019,Swansea City,Queens Park Rangers,0,0,2,2,0,0,2020,2,0,0,1,Draw
2020-02-11,2019,Wigan Athletic,Middlesbrough,2,2,2,2,4,0,2020,2,0,0,1,Draw
2020-02-11,2019,AFC Wimbledon,Ipswich Town,0,0,3,3,0,0,2020,2,0,0,1,Draw
2020-02-11,2019,Blackpool,Gillingham,2,3,3,3,5,-1,2020,2,0,1,0,Away Win
2020-02-11,2019,Burton Albion,Oxford United,2,2,3,3,4,0,2020,2,0,0,1,Draw
2020-02-11,2019,Coventry City,Portsmouth,1,0,3,3,1,1,2020,2,1,0,0,Home Win
2020-02-11,2019,Doncaster Rovers,Bolton Wanderers,2,1,3,3,3,1,2020,2,1,0,0,Home Win
2020-02-11,2019,Lincoln City,Milton Keynes Dons,1,1,3,3,2,0,2020,2,0,0,1,Draw
2020-02-11,2019,Peterborough United,Southend United,4,0,3,3,4,4,2020,2,1,0,0,Home Win
2020-02-11,2019,Shrewsbury Town,Accrington,0,2,3,3,2,-2,2020,2,0,1,0,Away Win
2020-02-11,2019,Sunderland,Rochdale,3,0,3,3,3,3,2020,2,1,0,0,Home Win
2020-02-11,2019,Tranmere Rovers,Bristol Rovers,0,0,3,3,0,0,2020,2,0,0,1,Draw
2020-02-11,2019,Wycombe Wanderers,Fleetwood Town,0,1,3,3,1,-1,2020,2,0,1,0,Away Win
2020-02-11,2019,Bradford City,Stevenage Borough,3,1,4,4,4,2,2020,2,1,0,0,Home Win
2020-02-11,2019,Carlisle United,Cheltenham,0,1,4,4,1,-1,2020,2,0,1,0,Away Win
2020-02-11,2019,Colchester United,Grimsby Town,2,3,4,4,5,-1,2020,2,0,1,0,Away Win
2020-02-11,2019,Crewe Alexandra,Crawley Town,2,1,4,4,3,1,2020,2,1,0,0,Home Win
2020-02-11,2019,Exeter City,Oldham Athletic,5,1,4,4,6,4,2020,2,1,0,0,Home Win
2020-02-11,2019,Forest Green Rovers,Port Vale,2,3,4,4,5,-1,2020,2,0,1,0,Away Win
2020-02-11,2019,Leyton Orient,Mansfield Town,2,1,4,4,3,1,2020,2,1,0,0,Home Win
2020-02-11,2019,Morecambe,Macclesfield,2,0,4,4,2,2,2020,2,1,0,0,Home Win
2020-02-11,2019,Newport County,Walsall,0,0,4,4,0,0,2020,2,0,0,1,Draw
2020-02-11,2019,Northampton Town,Swindon Town,0,1,4,4,1,-1,2020,2,0,1,0,Away Win
2020-02-11,2019,Salford City,Plymouth Argyle,2,3,4,4,5,-1,2020,2,0,1,0,Away Win
2020-02-11,2019,Scunthorpe United,Cambridge United,0,2,4,4,2,-2,2020,2,0,1,0,Away Win
2020-02-12,2019,Bristol City,Derby County,3,2,2,2,5,1,2020,2,1,0,0,Home Win
2020-02-12,2019,Huddersfield Town,Cardiff City,0,3,2,2,3,-3,2020,2,0,1,0,Away Win
2020-02-12,2019,Luton Town,Sheffield Wednesday,1,0,2,2,1,1,2020,2,1,0,0,Home Win
2020-02-12,2019,Millwall,Fulham,1,1,2,2,2,0,2020,2,0,0,1,Draw
2020-02-12,2019,Reading,West Bromwich Albion,1,2,2,2,3,-1,2020,2,0,1,0,Away Win
2020-02-12,2019,Stoke City,Preston North End,0,2,2,2,2,-2,2020,2,0,1,0,Away Win
2020-02-14,2019,Wolverhampton Wanderers,Leicester City,0,0,1,1,0,0,2020,2,0,0,1,Draw
2020-02-14,2019,Hull City,Swansea City,4,4,2,2,8,0,2020,2,0,0,1,Draw
2020-02-15,2019,Southampton,Burnley,1,2,1,1,3,-1,2020,2,0,1,0,Away Win
2020-02-15,2019,Norwich City,Liverpool,0,1,1,1,1,-1,2020,2,0,1,0,Away Win
2020-02-15,2019,West Bromwich Albion,Nottingham Forest,2,2,2,2,4,0,2020,2,0,0,1,Draw
2020-02-15,2019,Birmingham City,Brentford,1,1,2,2,2,0,2020,2,0,0,1,Draw
2020-02-15,2019,Cardiff City,Wigan Athletic,2,2,2,2,4,0,2020,2,0,0,1,Draw
2020-02-15,2019,Charlton Athletic,Blackburn Rovers,0,2,2,2,2,-2,2020,2,0,1,0,Away Win
2020-02-15,2019,Derby County,Huddersfield Town,1,1,2,2,2,0,2020,2,0,0,1,Draw
2020-02-15,2019,Fulham,Barnsley,0,3,2,2,3,-3,2020,2,0,1,0,Away Win
2020-02-15,2019,Leeds United,Bristol City,1,0,2,2,1,1,2020,2,1,0,0,Home Win
2020-02-15,2019,Middlesbrough,Luton Town,0,1,2,2,1,-1,2020,2,0,1,0,Away Win
2020-02-15,2019,Preston North End,Millwall,0,1,2,2,1,-1,2020,2,0,1,0,Away Win
2020-02-15,2019,Queens Park Rangers,Stoke City,4,2,2,2,6,2,2020,2,1,0,0,Home Win
2020-02-15,2019,Sheffield Wednesday,Reading,0,3,2,2,3,-3,2020,2,0,1,0,Away Win
2020-02-15,2019,Accrington,Lincoln City,4,3,3,3,7,1,2020,2,1,0,0,Home Win
2020-02-15,2019,Bolton Wanderers,Wycombe Wanderers,0,2,3,3,2,-2,2020,2,0,1,0,Away Win
2020-02-15,2019,Bristol Rovers,Blackpool,2,1,3,3,3,1,2020,2,1,0,0,Home Win
2020-02-15,2019,Fleetwood Town,Peterborough United,2,1,3,3,3,1,2020,2,1,0,0,Home Win
2020-02-15,2019,Gillingham,Doncaster Rovers,2,1,3,3,3,1,2020,2,1,0,0,Home Win
2020-02-15,2019,Ipswich Town,Burton Albion,4,1,3,3,5,3,2020,2,1,0,0,Home Win
2020-02-15,2019,Oxford United,Sunderland,0,1,3,3,1,-1,2020,2,0,1,0,Away Win
2020-02-15,2019,Portsmouth,Shrewsbury Town,2,0,3,3,2,2,2020,2,1,0,0,Home Win
2020-02-15,2019,Rotherham United,AFC Wimbledon,2,2,3,3,4,0,2020,2,0,0,1,Draw
2020-02-15,2019,Southend United,Coventry City,0,2,3,3,2,-2,2020,2,0,1,0,Away Win
2020-02-15,2019,Cambridge United,Bradford City,2,1,4,4,3,1,2020,2,1,0,0,Home Win
2020-02-15,2019,Cheltenham,Leyton Orient,2,1,4,4,3,1,2020,2,1,0,0,Home Win
2020-02-15,2019,Crawley Town,Carlisle United,0,0,4,4,0,0,2020,2,0,0,1,Draw
2020-02-15,2019,Grimsby Town,Morecambe,2,1,4,4,3,1,2020,2,1,0,0,Home Win
2020-02-15,2019,Macclesfield,Exeter City,2,3,4,4,5,-1,2020,2,0,1,0,Away Win
2020-02-15,2019,Mansfield Town,Newport County,1,0,4,4,1,1,2020,2,1,0,0,Home Win
2020-02-15,2019,Oldham Athletic,Forest Green Rovers,1,1,4,4,2,0,2020,2,0,0,1,Draw
2020-02-15,2019,Plymouth Argyle,Crewe Alexandra,2,1,4,4,3,1,2020,2,1,0,0,Home Win
2020-02-15,2019,Port Vale,Colchester United,3,0,4,4,3,3,2020,2,1,0,0,Home Win
2020-02-15,2019,Stevenage Borough,Salford City,0,1,4,4,1,-1,2020,2,0,1,0,Away Win
2020-02-15,2019,Walsall,Northampton Town,3,2,4,4,5,1,2020,2,1,0,0,Home Win
2020-02-16,2019,Aston Villa,Tottenham Hotspur,2,3,1,1,5,-1,2020,2,0,1,0,Away Win
2020-02-16,2019,Arsenal,Newcastle United,4,0,1,1,4,4,2020,2,1,0,0,Home Win
2020-02-17,2019,Chelsea,Manchester United,0,2,1,1,2,-2,2020,2,0,1,0,Away Win
2020-02-18,2019,Oxford United,AFC Wimbledon,5,0,3,3,5,5,2020,2,1,0,0,Home Win
2020-02-18,2019,Southend United,Gillingham,0,1,3,3,1,-1,2020,2,0,1,0,Away Win
2020-02-18,2019,Macclesfield,Plymouth Argyle,1,1,4,4,2,0,2020,2,0,0,1,Draw
2020-02-19,2019,Manchester City,West Ham United,2,0,1,1,2,2,2020,2,1,0,0,Home Win
2020-02-21,2019,Derby County,Fulham,1,1,2,2,2,0,2020,2,0,0,1,Draw
2020-02-22,2019,Chelsea,Tottenham Hotspur,2,1,1,1,3,1,2020,2,1,0,0,Home Win
2020-02-22,2019,Burnley,AFC Bournemouth,3,0,1,1,3,3,2020,2,1,0,0,Home Win
2020-02-22,2019,Crystal Palace,Newcastle United,1,0,1,1,1,1,2020,2,1,0,0,Home Win
2020-02-22,2019,Sheffield United,Brighton & Hove Albion,1,1,1,1,2,0,2020,2,0,0,1,Draw
2020-02-22,2019,Southampton,Aston Villa,2,0,1,1,2,2,2020,2,1,0,0,Home Win
2020-02-22,2019,Leicester City,Manchester City,0,1,1,1,1,-1,2020,2,0,1,0,Away Win
2020-02-22,2019,Brentford,Blackburn Rovers,2,2,2,2,4,0,2020,2,0,0,1,Draw
2020-02-22,2019,Barnsley,Middlesbrough,1,0,2,2,1,1,2020,2,1,0,0,Home Win
2020-02-22,2019,Birmingham City,Sheffield Wednesday,3,3,2,2,6,0,2020,2,0,0,1,Draw
2020-02-22,2019,Bristol City,West Bromwich Albion,0,3,2,2,3,-3,2020,2,0,1,0,Away Win
2020-02-22,2019,Charlton Athletic,Luton Town,3,1,2,2,4,2,2020,2,1,0,0,Home Win
2020-02-22,2019,Leeds United,Reading,1,0,2,2,1,1,2020,2,1,0,0,Home Win
2020-02-22,2019,Nottingham Forest,Queens Park Rangers,0,0,2,2,0,0,2020,2,0,0,1,Draw
2020-02-22,2019,Preston North End,Hull City,2,1,2,2,3,1,2020,2,1,0,0,Home Win
2020-02-22,2019,Stoke City,Cardiff City,2,0,2,2,2,2,2020,2,1,0,0,Home Win
2020-02-22,2019,Swansea City,Huddersfield Town,3,1,2,2,4,2,2020,2,1,0,0,Home Win
2020-02-22,2019,Wigan Athletic,Millwall,1,0,2,2,1,1,2020,2,1,0,0,Home Win
2020-02-22,2019,Accrington,Rotherham United,1,2,3,3,3,-1,2020,2,0,1,0,Away Win
2020-02-22,2019,AFC Wimbledon,Blackpool,0,0,3,3,0,0,2020,2,0,0,1,Draw
2020-02-22,2019,Fleetwood Town,Portsmouth,1,0,3,3,1,1,2020,2,1,0,0,Home Win
2020-02-22,2019,Ipswich Town,Oxford United,0,1,3,3,1,-1,2020,2,0,1,0,Away Win
2020-02-22,2019,Lincoln City,Gillingham,0,0,3,3,0,0,2020,2,0,0,1,Draw
2020-02-22,2019,Milton Keynes Dons,Bolton Wanderers,1,0,3,3,1,1,2020,2,1,0,0,Home Win
2020-02-22,2019,Rochdale,Coventry City,1,2,3,3,3,-1,2020,2,0,1,0,Away Win
2020-02-22,2019,Shrewsbury Town,Doncaster Rovers,1,0,3,3,1,1,2020,2,1,0,0,Home Win
2020-02-22,2019,Southend United,Burton Albion,2,3,3,3,5,-1,2020,2,0,1,0,Away Win
2020-02-22,2019,Sunderland,Bristol Rovers,3,0,3,3,3,3,2020,2,1,0,0,Home Win
2020-02-22,2019,Wycombe Wanderers,Tranmere Rovers,3,1,3,3,4,2,2020,2,1,0,0,Home Win
2020-02-22,2019,Carlisle United,Morecambe,2,2,4,4,4,0,2020,2,0,0,1,Draw
2020-02-22,2019,Cheltenham,Mansfield Town,1,0,4,4,1,1,2020,2,1,0,0,Home Win
2020-02-22,2019,Crawley Town,Stevenage Borough,2,0,4,4,2,2,2020,2,1,0,0,Home Win
2020-02-22,2019,Crewe Alexandra,Macclesfield,2,0,4,4,2,2,2020,2,1,0,0,Home Win
2020-02-22,2019,Leyton Orient,Oldham Athletic,2,2,4,4,4,0,2020,2,0,0,1,Draw
2020-02-22,2019,Newport County,Bradford City,2,1,4,4,3,1,2020,2,1,0,0,Home Win
2020-02-22,2019,Northampton Town,Exeter City,2,0,4,4,2,2,2020,2,1,0,0,Home Win
2020-02-22,2019,Plymouth Argyle,Cambridge United,0,0,4,4,0,0,2020,2,0,0,1,Draw
2020-02-22,2019,Salford City,Colchester United,1,2,4,4,3,-1,2020,2,0,1,0,Away Win
2020-02-22,2019,Scunthorpe United,Forest Green Rovers,1,0,4,4,1,1,2020,2,1,0,0,Home Win
2020-02-22,2019,Swindon Town,Grimsby Town,3,1,4,4,4,2,2020,2,1,0,0,Home Win
2020-02-22,2019,Walsall,Port Vale,2,2,4,4,4,0,2020,2,0,0,1,Draw
2020-02-23,2019,Manchester United,Watford,3,0,1,1,3,3,2020,2,1,0,0,Home Win
2020-02-23,2019,Wolverhampton Wanderers,Norwich City,3,0,1,1,3,3,2020,2,1,0,0,Home Win
2020-02-23,2019,Arsenal,Everton,3,2,1,1,5,1,2020,2,1,0,0,Home Win
2020-02-24,2019,Liverpool,West Ham United,3,2,1,1,5,1,2020,2,1,0,0,Home Win
2020-02-25,2019,Cardiff City,Nottingham Forest,0,1,2,2,1,-1,2020,2,0,1,0,Away Win
2020-02-25,2019,Huddersfield Town,Bristol City,2,1,2,2,3,1,2020,2,1,0,0,Home Win
2020-02-25,2019,Luton Town,Brentford,2,1,2,2,3,1,2020,2,1,0,0,Home Win
2020-02-25,2019,Queens Park Rangers,Derby County,2,1,2,2,3,1,2020,2,1,0,0,Home Win
2020-02-25,2019,West Bromwich Albion,Preston North End,2,0,2,2,2,2,2020,2,1,0,0,Home Win
2020-02-25,2019,Blackpool,Bolton Wanderers,2,1,3,3,3,1,2020,2,1,0,0,Home Win
2020-02-25,2019,Coventry City,Rotherham United,1,1,3,3,2,0,2020,2,0,0,1,Draw
2020-02-25,2019,Oxford United,Accrington,3,0,3,3,3,3,2020,2,1,0,0,Home Win
2020-02-25,2019,Portsmouth,Milton Keynes Dons,3,1,3,3,4,2,2020,2,1,0,0,Home Win
2020-02-25,2019,Shrewsbury Town,Tranmere Rovers,2,3,3,3,5,-1,2020,2,0,1,0,Away Win
2020-02-25,2019,Sunderland,Fleetwood Town,1,1,3,3,2,0,2020,2,0,0,1,Draw
2020-02-25,2019,Cheltenham,Northampton Town,2,1,4,4,3,1,2020,2,1,0,0,Home Win
2020-02-25,2019,Grimsby Town,Newport County,4,2,4,4,6,2,2020,2,1,0,0,Home Win
2020-02-26,2019,Blackburn Rovers,Stoke City,0,0,2,2,0,0,2020,2,0,0,1,Draw
2020-02-26,2019,Fulham,Swansea City,1,0,2,2,1,1,2020,2,1,0,0,Home Win
2020-02-26,2019,Hull City,Barnsley,0,1,2,2,1,-1,2020,2,0,1,0,Away Win
2020-02-26,2019,Middlesbrough,Leeds United,0,1,2,2,1,-1,2020,2,0,1,0,Away Win
2020-02-26,2019,Millwall,Birmingham City,0,0,2,2,0,0,2020,2,0,0,1,Draw
2020-02-26,2019,Sheffield Wednesday,Charlton Athletic,1,0,2,2,1,1,2020,2,1,0,0,Home Win
2020-02-26,2019,Reading,Wigan Athletic,0,3,2,2,3,-3,2020,2,0,1,0,Away Win
2020-02-28,2019,Norwich City,Leicester City,1,0,1,1,1,1,2020,2,1,0,0,Home Win
2020-02-28,2019,Portsmouth,Rochdale,3,0,3,3,3,3,2020,2,1,0,0,Home Win
2020-02-29,2019,Brighton & Hove Albion,Crystal Palace,0,1,1,1,1,-1,2020,2,0,1,0,Away Win
2020-02-29,2019,AFC Bournemouth,Chelsea,2,2,1,1,4,0,2020,2,0,0,1,Draw
2020-02-29,2019,Newcastle United,Burnley,0,0,1,1,0,0,2020,2,0,0,1,Draw
2020-02-29,2019,West Ham United,Southampton,3,1,1,1,4,2,2020,2,1,0,0,Home Win
2020-02-29,2019,Watford,Liverpool,3,0,1,1,3,3,2020,2,1,0,0,Home Win
2020-02-29,2019,Hull City,Leeds United,0,4,2,2,4,-4,2020,2,0,1,0,Away Win
2020-02-29,2019,Blackburn Rovers,Swansea City,2,2,2,2,4,0,2020,2,0,0,1,Draw
2020-02-29,2019,Cardiff City,Brentford,2,2,2,2,4,0,2020,2,0,0,1,Draw
2020-02-29,2019,Fulham,Preston North End,2,0,2,2,2,2,2020,2,1,0,0,Home Win
2020-02-29,2019,Huddersfield Town,Charlton Athletic,4,0,2,2,4,4,2020,2,1,0,0,Home Win
2020-02-29,2019,Luton Town,Stoke City,1,1,2,2,2,0,2020,2,0,0,1,Draw
2020-02-29,2019,Millwall,Bristol City,1,1,2,2,2,0,2020,2,0,0,1,Draw
2020-02-29,2019,Queens Park Rangers,Birmingham City,2,2,2,2,4,0,2020,2,0,0,1,Draw
2020-02-29,2019,Reading,Barnsley,2,0,2,2,2,2,2020,2,1,0,0,Home Win
2020-02-29,2019,Sheffield Wednesday,Derby County,1,3,2,2,4,-2,2020,2,0,1,0,Away Win
2020-02-29,2019,West Bromwich Albion,Wigan Athletic,0,1,2,2,1,-1,2020,2,0,1,0,Away Win
2020-02-29,2019,Blackpool,Ipswich Town,2,1,3,3,3,1,2020,2,1,0,0,Home Win
2020-02-29,2019,Bolton Wanderers,Accrington,0,0,3,3,0,0,2020,2,0,0,1,Draw
2020-02-29,2019,Bristol Rovers,Shrewsbury Town,0,1,3,3,1,-1,2020,2,0,1,0,Away Win
2020-02-29,2019,Burton Albion,Peterborough United,1,1,3,3,2,0,2020,2,0,0,1,Draw
2020-02-29,2019,Doncaster Rovers,Wycombe Wanderers,3,1,3,3,4,2,2020,2,1,0,0,Home Win
2020-02-29,2019,Gillingham,AFC Wimbledon,1,2,3,3,3,-1,2020,2,0,1,0,Away Win
2020-02-29,2019,Oxford United,Southend United,2,1,3,3,3,1,2020,2,1,0,0,Home Win
2020-02-29,2019,Rotherham United,Milton Keynes Dons,1,1,3,3,2,0,2020,2,0,0,1,Draw
2020-02-29,2019,Bradford City,Plymouth Argyle,2,1,4,4,3,1,2020,2,1,0,0,Home Win
2020-02-29,2019,Cambridge United,Carlisle United,1,2,4,4,3,-1,2020,2,0,1,0,Away Win
2020-02-29,2019,Colchester United,Cheltenham,0,2,4,4,2,-2,2020,2,0,1,0,Away Win
2020-02-29,2019,Exeter City,Crawley Town,1,1,4,4,2,0,2020,2,0,0,1,Draw
2020-02-29,2019,Grimsby Town,Northampton Town,0,3,4,4,3,-3,2020,2,0,1,0,Away Win
2020-02-29,2019,Macclesfield,Salford City,0,2,4,4,2,-2,2020,2,0,1,0,Away Win
2020-02-29,2019,Morecambe,Crewe Alexandra,1,1,4,4,2,0,2020,2,0,0,1,Draw
2020-02-29,2019,Oldham Athletic,Newport County,5,0,4,4,5,5,2020,2,1,0,0,Home Win
2020-02-29,2019,Port Vale,Scunthorpe United,2,2,4,4,4,0,2020,2,0,0,1,Draw
2020-03-01,2019,Everton,Manchester United,1,1,1,1,2,0,2020,3,0,0,1,Draw
2020-03-01,2019,Tottenham Hotspur,Wolverhampton Wanderers,2,3,1,1,5,-1,2020,3,0,1,0,Away Win
2020-03-01,2019,Coventry City,Sunderland,1,0,3,3,1,1,2020,3,1,0,0,Home Win
2020-03-02,2019,Middlesbrough,Nottingham Forest,2,2,2,2,4,0,2020,3,0,0,1,Draw
2020-03-03,2019,Ipswich Town,Fleetwood Town,0,1,3,3,1,-1,2020,3,0,1,0,Away Win
2020-03-03,2019,Exeter City,Crewe Alexandra,1,1,4,4,2,0,2020,3,0,0,1,Draw
2020-03-03,2019,Plymouth Argyle,Grimsby Town,3,0,4,4,3,3,2020,3,1,0,0,Home Win
2020-03-03,2019,Swindon Town,Scunthorpe United,2,0,4,4,2,2,2020,3,1,0,0,Home Win
2020-03-06,2019,Nottingham Forest,Millwall,0,3,2,2,3,-3,2020,3,0,1,0,Away Win
2020-03-07,2019,Liverpool,AFC Bournemouth,2,1,1,1,3,1,2020,3,1,0,0,Home Win
2020-03-07,2019,Arsenal,West Ham United,1,0,1,1,1,1,2020,3,1,0,0,Home Win
2020-03-07,2019,Crystal Palace,Watford,1,0,1,1,1,1,2020,3,1,0,0,Home Win
2020-03-07,2019,Sheffield United,Norwich City,1,0,1,1,1,1,2020,3,1,0,0,Home Win
2020-03-07,2019,Southampton,Newcastle United,0,1,1,1,1,-1,2020,3,0,1,0,Away Win
2020-03-07,2019,Wolverhampton Wanderers,Brighton & Hove Albion,0,0,1,1,0,0,2020,3,0,0,1,Draw
2020-03-07,2019,Burnley,Tottenham Hotspur,1,1,1,1,2,0,2020,3,0,0,1,Draw
2020-03-07,2019,Bristol City,Fulham,1,1,2,2,2,0,2020,3,0,0,1,Draw
2020-03-07,2019,Barnsley,Cardiff City,0,2,2,2,2,-2,2020,3,0,1,0,Away Win
2020-03-07,2019,Birmingham City,Reading,1,3,2,2,4,-2,2020,3,0,1,0,Away Win
2020-03-07,2019,Brentford,Sheffield Wednesday,5,0,2,2,5,5,2020,3,1,0,0,Home Win
2020-03-07,2019,Charlton Athletic,Middlesbrough,0,1,2,2,1,-1,2020,3,0,1,0,Away Win
2020-03-07,2019,Leeds United,Huddersfield Town,2,0,2,2,2,2,2020,3,1,0,0,Home Win
2020-03-07,2019,Preston North End,Queens Park Rangers,1,3,2,2,4,-2,2020,3,0,1,0,Away Win
2020-03-07,2019,Stoke City,Hull City,5,1,2,2,6,4,2020,3,1,0,0,Home Win
2020-03-07,2019,Swansea City,West Bromwich Albion,0,0,2,2,0,0,2020,3,0,0,1,Draw
2020-03-07,2019,Wigan Athletic,Luton Town,0,0,2,2,0,0,2020,3,0,0,1,Draw
2020-03-07,2019,Accrington,Tranmere Rovers,1,2,3,3,3,-1,2020,3,0,1,0,Away Win
2020-03-07,2019,AFC Wimbledon,Bolton Wanderers,0,0,3,3,0,0,2020,3,0,0,1,Draw
2020-03-07,2019,Fleetwood Town,Blackpool,0,0,3,3,0,0,2020,3,0,0,1,Draw
2020-03-07,2019,Ipswich Town,Coventry City,0,1,3,3,1,-1,2020,3,0,1,0,Away Win
2020-03-07,2019,Lincoln City,Burton Albion,3,2,3,3,5,1,2020,3,1,0,0,Home Win
2020-03-07,2019,Milton Keynes Dons,Doncaster Rovers,0,1,3,3,1,-1,2020,3,0,1,0,Away Win
2020-03-07,2019,Peterborough United,Portsmouth,2,0,3,3,2,2,2020,3,1,0,0,Home Win
2020-03-07,2019,Rochdale,Rotherham United,3,1,3,3,4,2,2020,3,1,0,0,Home Win
2020-03-07,2019,Shrewsbury Town,Oxford United,2,3,3,3,5,-1,2020,3,0,1,0,Away Win
2020-03-07,2019,Southend United,Bristol Rovers,3,1,3,3,4,2,2020,3,1,0,0,Home Win
2020-03-07,2019,Sunderland,Gillingham,2,2,3,3,4,0,2020,3,0,0,1,Draw
2020-03-07,2019,Scunthorpe United,Grimsby Town,0,2,4,4,2,-2,2020,3,0,1,0,Away Win
2020-03-07,2019,Carlisle United,Colchester United,0,3,4,4,3,-3,2020,3,0,1,0,Away Win
2020-03-07,2019,Cheltenham,Port Vale,0,0,4,4,0,0,2020,3,0,0,1,Draw
2020-03-07,2019,Crawley Town,Oldham Athletic,3,0,4,4,3,3,2020,3,1,0,0,Home Win
2020-03-07,2019,Crewe Alexandra,Stevenage Borough,3,1,4,4,4,2,2020,3,1,0,0,Home Win
2020-03-07,2019,Leyton Orient,Cambridge United,2,1,4,4,3,1,2020,3,1,0,0,Home Win
2020-03-07,2019,Newport County,Morecambe,1,0,4,4,1,1,2020,3,1,0,0,Home Win
2020-03-07,2019,Northampton Town,Mansfield Town,1,2,4,4,3,-1,2020,3,0,1,0,Away Win
2020-03-07,2019,Plymouth Argyle,Macclesfield,3,0,4,4,3,3,2020,3,1,0,0,Home Win
2020-03-07,2019,Salford City,Bradford City,2,0,4,4,2,2,2020,3,1,0,0,Home Win
2020-03-07,2019,Swindon Town,Forest Green Rovers,0,2,4,4,2,-2,2020,3,0,1,0,Away Win
2020-03-07,2019,Walsall,Exeter City,3,1,4,4,4,2,2020,3,1,0,0,Home Win
2020-03-08,2019,Chelsea,Everton,4,0,1,1,4,4,2020,3,1,0,0,Home Win
2020-03-08,2019,Manchester United,Manchester City,2,0,1,1,2,2,2020,3,1,0,0,Home Win
2020-03-08,2019,Derby County,Blackburn Rovers,3,0,2,2,3,3,2020,3,1,0,0,Home Win
2020-03-09,2019,Leicester City,Aston Villa,4,0,1,1,4,4,2020,3,1,0,0,Home Win
2020-03-10,2019,Blackpool,Tranmere Rovers,1,2,3,3,3,-1,2020,3,0,1,0,Away Win
2020-03-10,2019,Bristol Rovers,Sunderland,2,0,3,3,2,2,2020,3,1,0,0,Home Win
2020-03-10,2019,Burton Albion,Bolton Wanderers,2,2,3,3,4,0,2020,3,0,0,1,Draw
2020-03-10,2019,Portsmouth,Fleetwood Town,2,2,3,3,4,0,2020,3,0,0,1,Draw
2020-03-10,2019,Carlisle United,Newport County,2,0,4,4,2,2,2020,3,1,0,0,Home Win
2020-06-17,2019,Aston Villa,Sheffield United,0,0,1,1,0,0,2020,6,0,0,1,Draw
2020-06-17,2019,Manchester City,Arsenal,3,0,1,1,3,3,2020,6,1,0,0,Home Win
2020-06-19,2019,Norwich City,Southampton,0,3,1,1,3,-3,2020,6,0,1,0,Away Win
2020-06-19,2019,Tottenham Hotspur,Manchester United,1,1,1,1,2,0,2020,6,0,0,1,Draw
2020-06-20,2019,Watford,Leicester City,1,1,1,1,2,0,2020,6,0,0,1,Draw
2020-06-20,2019,Brighton & Hove Albion,Arsenal,2,1,1,1,3,1,2020,6,1,0,0,Home Win
2020-06-20,2019,West Ham United,Wolverhampton Wanderers,0,2,1,1,2,-2,2020,6,0,1,0,Away Win
2020-06-20,2019,AFC Bournemouth,Crystal Palace,0,2,1,1,2,-2,2020,6,0,1,0,Away Win
2020-06-20,2019,Fulham,Brentford,0,2,2,2,2,-2,2020,6,0,1,0,Away Win
2020-06-20,2019,Middlesbrough,Swansea City,0,3,2,2,3,-3,2020,6,0,1,0,Away Win
2020-06-20,2019,Millwall,Derby County,2,3,2,2,5,-1,2020,6,0,1,0,Away Win
2020-06-20,2019,Blackburn Rovers,Bristol City,3,1,2,2,4,2,2020,6,1,0,0,Home Win
2020-06-20,2019,Huddersfield Town,Wigan Athletic,0,2,2,2,2,-2,2020,6,0,1,0,Away Win
2020-06-20,2019,Hull City,Charlton Athletic,0,1,2,2,1,-1,2020,6,0,1,0,Away Win
2020-06-20,2019,Luton Town,Preston North End,1,1,2,2,2,0,2020,6,0,0,1,Draw
2020-06-20,2019,Queens Park Rangers,Barnsley,0,1,2,2,1,-1,2020,6,0,1,0,Away Win
2020-06-20,2019,Reading,Stoke City,1,1,2,2,2,0,2020,6,0,0,1,Draw
2020-06-20,2019,Sheffield Wednesday,Nottingham Forest,1,1,2,2,2,0,2020,6,0,0,1,Draw
2020-06-20,2019,West Bromwich Albion,Birmingham City,0,0,2,2,0,0,2020,6,0,0,1,Draw
2020-06-21,2019,Newcastle United,Sheffield United,3,0,1,1,3,3,2020,6,1,0,0,Home Win
2020-06-21,2019,Aston Villa,Chelsea,1,2,1,1,3,-1,2020,6,0,1,0,Away Win
2020-06-21,2019,Everton,Liverpool,0,0,1,1,0,0,2020,6,0,0,1,Draw
2020-06-21,2019,Cardiff City,Leeds United,2,0,2,2,2,2,2020,6,1,0,0,Home Win
2020-06-22,2019,Manchester City,Burnley,5,0,1,1,5,5,2020,6,1,0,0,Home Win
2020-06-23,2019,Leicester City,Brighton & Hove Albion,0,0,1,1,0,0,2020,6,0,0,1,Draw
2020-06-23,2019,Tottenham Hotspur,West Ham United,2,0,1,1,2,2,2020,6,1,0,0,Home Win
2020-06-24,2019,Manchester United,Sheffield United,3,0,1,1,3,3,2020,6,1,0,0,Home Win
2020-06-24,2019,Newcastle United,Aston Villa,1,1,1,1,2,0,2020,6,0,0,1,Draw
2020-06-24,2019,Norwich City,Everton,0,1,1,1,1,-1,2020,6,0,1,0,Away Win
2020-06-24,2019,Wolverhampton Wanderers,AFC Bournemouth,1,0,1,1,1,1,2020,6,1,0,0,Home Win
2020-06-24,2019,Liverpool,Crystal Palace,4,0,1,1,4,4,2020,6,1,0,0,Home Win
2020-06-25,2019,Burnley,Watford,1,0,1,1,1,1,2020,6,1,0,0,Home Win
2020-06-25,2019,Southampton,Arsenal,0,2,1,1,2,-2,2020,6,0,1,0,Away Win
2020-06-25,2019,Chelsea,Manchester City,2,1,1,1,3,1,2020,6,1,0,0,Home Win
2020-06-26,2019,Brentford,West Bromwich Albion,1,0,2,2,1,1,2020,6,1,0,0,Home Win
2020-06-27,2019,Aston Villa,Wolverhampton Wanderers,0,1,1,1,1,-1,2020,6,0,1,0,Away Win
2020-06-27,2019,Charlton Athletic,Queens Park Rangers,1,0,2,2,1,1,2020,6,1,0,0,Home Win
2020-06-27,2019,Preston North End,Cardiff City,1,3,2,2,4,-2,2020,6,0,1,0,Away Win
2020-06-27,2019,Swansea City,Luton Town,0,1,2,2,1,-1,2020,6,0,1,0,Away Win
2020-06-27,2019,Barnsley,Millwall,0,0,2,2,0,0,2020,6,0,0,1,Draw
2020-06-27,2019,Derby County,Reading,2,1,2,2,3,1,2020,6,1,0,0,Home Win
2020-06-27,2019,Birmingham City,Hull City,3,3,2,2,6,0,2020,6,0,0,1,Draw
2020-06-27,2019,Leeds United,Fulham,3,0,2,2,3,3,2020,6,1,0,0,Home Win
2020-06-27,2019,Stoke City,Middlesbrough,0,2,2,2,2,-2,2020,6,0,1,0,Away Win
2020-06-27,2019,Wigan Athletic,Blackburn Rovers,2,0,2,2,2,2,2020,6,1,0,0,Home Win
2020-06-28,2019,Watford,Southampton,1,3,1,1,4,-2,2020,6,0,1,0,Away Win
2020-06-28,2019,Bristol City,Sheffield Wednesday,1,2,2,2,3,-1,2020,6,0,1,0,Away Win
2020-06-28,2019,Nottingham Forest,Huddersfield Town,3,1,2,2,4,2,2020,6,1,0,0,Home Win
2020-06-29,2019,Crystal Palace,Burnley,0,1,1,1,1,-1,2020,6,0,1,0,Away Win
2020-06-30,2019,Brighton & Hove Albion,Manchester United,0,3,1,1,3,-3,2020,6,0,1,0,Away Win
2020-06-30,2019,Millwall,Swansea City,1,1,2,2,2,0,2020,6,0,0,1,Draw
2020-06-30,2019,Barnsley,Blackburn Rovers,2,0,2,2,2,2,2020,6,1,0,0,Home Win
2020-06-30,2019,Cardiff City,Charlton Athletic,0,0,2,2,0,0,2020,6,0,0,1,Draw
2020-06-30,2019,Reading,Brentford,0,3,2,2,3,-3,2020,6,0,1,0,Away Win
2020-06-30,2019,Queens Park Rangers,Fulham,1,2,2,2,3,-1,2020,6,0,1,0,Away Win
2020-06-30,2019,Leeds United,Luton Town,1,1,2,2,2,0,2020,6,0,0,1,Draw
2020-06-30,2019,Wigan Athletic,Stoke City,3,0,2,2,3,3,2020,6,1,0,0,Home Win
2020-07-01,2019,Arsenal,Norwich City,4,0,1,1,4,4,2020,7,1,0,0,Home Win
2020-07-01,2019,AFC Bournemouth,Newcastle United,1,4,1,1,5,-3,2020,7,0,1,0,Away Win
2020-07-01,2019,Everton,Leicester City,2,1,1,1,3,1,2020,7,1,0,0,Home Win
2020-07-01,2019,West Ham United,Chelsea,3,2,1,1,5,1,2020,7,1,0,0,Home Win
2020-07-01,2019,Preston North End,Derby County,0,1,2,2,1,-1,2020,7,0,1,0,Away Win
2020-07-01,2019,Birmingham City,Huddersfield Town,0,3,2,2,3,-3,2020,7,0,1,0,Away Win
2020-07-01,2019,Nottingham Forest,Bristol City,1,0,2,2,1,1,2020,7,1,0,0,Home Win
2020-07-01,2019,Sheffield Wednesday,West Bromwich Albion,0,3,2,2,3,-3,2020,7,0,1,0,Away Win
2020-07-02,2019,Sheffield United,Tottenham Hotspur,3,1,1,1,4,2,2020,7,1,0,0,Home Win
2020-07-02,2019,Manchester City,Liverpool,4,0,1,1,4,4,2020,7,1,0,0,Home Win
2020-07-02,2019,Hull City,Middlesbrough,2,1,2,2,3,1,2020,7,1,0,0,Home Win
2020-07-03,2019,Charlton Athletic,Millwall,0,1,2,2,1,-1,2020,7,0,1,0,Away Win
2020-07-04,2019,Norwich City,Brighton & Hove Albion,0,1,1,1,1,-1,2020,7,0,1,0,Away Win
2020-07-04,2019,Leicester City,Crystal Palace,3,0,1,1,3,3,2020,7,1,0,0,Home Win
2020-07-04,2019,Manchester United,AFC Bournemouth,5,2,1,1,7,3,2020,7,1,0,0,Home Win
2020-07-04,2019,Wolverhampton Wanderers,Arsenal,0,2,1,1,2,-2,2020,7,0,1,0,Away Win
2020-07-04,2019,Chelsea,Watford,3,0,1,1,3,3,2020,7,1,0,0,Home Win
2020-07-04,2019,Derby County,Nottingham Forest,1,1,2,2,2,0,2020,7,0,0,1,Draw
2020-07-04,2019,Blackburn Rovers,Leeds United,1,3,2,2,4,-2,2020,7,0,1,0,Away Win
2020-07-04,2019,Brentford,Wigan Athletic,3,0,2,2,3,3,2020,7,1,0,0,Home Win
2020-07-04,2019,Bristol City,Cardiff City,0,1,2,2,1,-1,2020,7,0,1,0,Away Win
2020-07-04,2019,Fulham,Birmingham City,1,0,2,2,1,1,2020,7,1,0,0,Home Win
2020-07-04,2019,Huddersfield Town,Preston North End,0,0,2,2,0,0,2020,7,0,0,1,Draw
2020-07-04,2019,Luton Town,Reading,0,5,2,2,5,-5,2020,7,0,1,0,Away Win
2020-07-04,2019,Stoke City,Barnsley,4,0,2,2,4,4,2020,7,1,0,0,Home Win
2020-07-05,2019,Burnley,Sheffield United,1,1,1,1,2,0,2020,7,0,0,1,Draw
2020-07-05,2019,Newcastle United,West Ham United,2,2,1,1,4,0,2020,7,0,0,1,Draw
2020-07-05,2019,Liverpool,Aston Villa,2,0,1,1,2,2,2020,7,1,0,0,Home Win
2020-07-05,2019,Southampton,Manchester City,1,0,1,1,1,1,2020,7,1,0,0,Home Win
2020-07-05,2019,Swansea City,Sheffield Wednesday,2,1,2,2,3,1,2020,7,1,0,0,Home Win
2020-07-05,2019,Middlesbrough,Queens Park Rangers,0,1,2,2,1,-1,2020,7,0,1,0,Away Win
2020-07-05,2019,West Bromwich Albion,Hull City,4,2,2,2,6,2,2020,7,1,0,0,Home Win
2020-07-06,2019,Tottenham Hotspur,Everton,1,0,1,1,1,1,2020,7,1,0,0,Home Win
2020-07-07,2019,Crystal Palace,Chelsea,2,3,1,1,5,-1,2020,7,0,1,0,Away Win
2020-07-07,2019,Watford,Norwich City,2,1,1,1,3,1,2020,7,1,0,0,Home Win
2020-07-07,2019,Arsenal,Leicester City,1,1,1,1,2,0,2020,7,0,0,1,Draw
2020-07-07,2019,Nottingham Forest,Fulham,0,1,2,2,1,-1,2020,7,0,1,0,Away Win
2020-07-07,2019,Brentford,Charlton Athletic,2,1,2,2,3,1,2020,7,1,0,0,Home Win
2020-07-07,2019,Luton Town,Barnsley,1,1,2,2,2,0,2020,7,0,0,1,Draw
2020-07-07,2019,Reading,Huddersfield Town,0,0,2,2,0,0,2020,7,0,0,1,Draw
2020-07-07,2019,Cardiff City,Blackburn Rovers,2,3,2,2,5,-1,2020,7,0,1,0,Away Win
2020-07-08,2019,Manchester City,Newcastle United,5,0,1,1,5,5,2020,7,1,0,0,Home Win
2020-07-08,2019,Sheffield United,Wolverhampton Wanderers,1,0,1,1,1,1,2020,7,1,0,0,Home Win
2020-07-08,2019,West Ham United,Burnley,0,1,1,1,1,-1,2020,7,0,1,0,Away Win
2020-07-08,2019,Brighton & Hove Albion,Liverpool,1,3,1,1,4,-2,2020,7,0,1,0,Away Win
2020-07-08,2019,Millwall,Middlesbrough,0,2,2,2,2,-2,2020,7,0,1,0,Away Win
2020-07-08,2019,West Bromwich Albion,Derby County,2,0,2,2,2,2,2020,7,1,0,0,Home Win
2020-07-08,2019,Birmingham City,Swansea City,1,3,2,2,4,-2,2020,7,0,1,0,Away Win
2020-07-08,2019,Bristol City,Hull City,2,1,2,2,3,1,2020,7,1,0,0,Home Win
2020-07-08,2019,Wigan Athletic,Queens Park Rangers,1,0,2,2,1,1,2020,7,1,0,0,Home Win
2020-07-08,2019,Sheffield Wednesday,Preston North End,1,3,2,2,4,-2,2020,7,0,1,0,Away Win
2020-07-09,2019,AFC Bournemouth,Tottenham Hotspur,0,0,1,1,0,0,2020,7,0,0,1,Draw
2020-07-09,2019,Everton,Southampton,1,1,1,1,2,0,2020,7,0,0,1,Draw
2020-07-09,2019,Aston Villa,Manchester United,0,3,1,1,3,-3,2020,7,0,1,0,Away Win
2020-07-09,2019,Leeds United,Stoke City,5,0,2,2,5,5,2020,7,1,0,0,Home Win
2020-07-10,2019,Huddersfield Town,Luton Town,0,2,2,2,2,-2,2020,7,0,1,0,Away Win
2020-07-10,2019,Fulham,Cardiff City,2,0,2,2,2,2,2020,7,1,0,0,Home Win
2020-07-11,2019,Norwich City,West Ham United,0,4,1,1,4,-4,2020,7,0,1,0,Away Win
2020-07-11,2019,Watford,Newcastle United,2,1,1,1,3,1,2020,7,1,0,0,Home Win
2020-07-11,2019,Liverpool,Burnley,1,1,1,1,2,0,2020,7,0,0,1,Draw
2020-07-11,2019,Sheffield United,Chelsea,3,0,1,1,3,3,2020,7,1,0,0,Home Win
2020-07-11,2019,Brighton & Hove Albion,Manchester City,0,5,1,1,5,-5,2020,7,0,1,0,Away Win
2020-07-11,2019,Charlton Athletic,Reading,0,1,2,2,1,-1,2020,7,0,1,0,Away Win
2020-07-11,2019,Derby County,Brentford,1,3,2,2,4,-2,2020,7,0,1,0,Away Win
2020-07-11,2019,Barnsley,Wigan Athletic,0,0,2,2,0,0,2020,7,0,0,1,Draw
2020-07-11,2019,Blackburn Rovers,West Bromwich Albion,1,1,2,2,2,0,2020,7,0,0,1,Draw
2020-07-11,2019,Hull City,Millwall,0,1,2,2,1,-1,2020,7,0,1,0,Away Win
2020-07-11,2019,Middlesbrough,Bristol City,1,3,2,2,4,-2,2020,7,0,1,0,Away Win
2020-07-11,2019,Preston North End,Nottingham Forest,1,1,2,2,2,0,2020,7,0,0,1,Draw
2020-07-11,2019,Queens Park Rangers,Sheffield Wednesday,0,3,2,2,3,-3,2020,7,0,1,0,Away Win
2020-07-12,2019,Wolverhampton Wanderers,Everton,3,0,1,1,3,3,2020,7,1,0,0,Home Win
2020-07-12,2019,Aston Villa,Crystal Palace,2,0,1,1,2,2,2020,7,1,0,0,Home Win
2020-07-12,2019,Tottenham Hotspur,Arsenal,2,1,1,1,3,1,2020,7,1,0,0,Home Win
2020-07-12,2019,AFC Bournemouth,Leicester City,4,1,1,1,5,3,2020,7,1,0,0,Home Win
2020-07-12,2019,Stoke City,Birmingham City,2,0,2,2,2,2,2020,7,1,0,0,Home Win
2020-07-12,2019,Swansea City,Leeds United,0,1,2,2,1,-1,2020,7,0,1,0,Away Win
2020-07-13,2019,Manchester United,Southampton,2,2,1,1,4,0,2020,7,0,0,1,Draw
2020-07-14,2019,Chelsea,Norwich City,1,0,1,1,1,1,2020,7,1,0,0,Home Win
2020-07-14,2019,West Bromwich Albion,Fulham,0,0,2,2,0,0,2020,7,0,0,1,Draw
2020-07-14,2019,Reading,Middlesbrough,1,2,2,2,3,-1,2020,7,0,1,0,Away Win
2020-07-14,2019,Wigan Athletic,Hull City,8,0,2,2,8,8,2020,7,1,0,0,Home Win
2020-07-14,2019,Cardiff City,Derby County,2,1,2,2,3,1,2020,7,1,0,0,Home Win
2020-07-14,2019,Luton Town,Queens Park Rangers,1,1,2,2,2,0,2020,7,0,0,1,Draw
2020-07-14,2019,Millwall,Blackburn Rovers,1,0,2,2,1,1,2020,7,1,0,0,Home Win
2020-07-14,2019,Sheffield Wednesday,Huddersfield Town,0,0,2,2,0,0,2020,7,0,0,1,Draw
2020-07-15,2019,Burnley,Wolverhampton Wanderers,1,1,1,1,2,0,2020,7,0,0,1,Draw
2020-07-15,2019,Manchester City,AFC Bournemouth,2,1,1,1,3,1,2020,7,1,0,0,Home Win
2020-07-15,2019,Newcastle United,Tottenham Hotspur,1,3,1,1,4,-2,2020,7,0,1,0,Away Win
2020-07-15,2019,Arsenal,Liverpool,2,1,1,1,3,1,2020,7,1,0,0,Home Win
2020-07-15,2019,Brentford,Preston North End,1,0,2,2,1,1,2020,7,1,0,0,Home Win
2020-07-15,2019,Bristol City,Stoke City,1,1,2,2,2,0,2020,7,0,0,1,Draw
2020-07-15,2019,Birmingham City,Charlton Athletic,1,1,2,2,2,0,2020,7,0,0,1,Draw
2020-07-15,2019,Nottingham Forest,Swansea City,2,2,2,2,4,0,2020,7,0,0,1,Draw
2020-07-16,2019,Everton,Aston Villa,1,1,1,1,2,0,2020,7,0,0,1,Draw
2020-07-16,2019,Leicester City,Sheffield United,2,0,1,1,2,2,2020,7,1,0,0,Home Win
2020-07-16,2019,Crystal Palace,Manchester United,0,2,1,1,2,-2,2020,7,0,1,0,Away Win
2020-07-16,2019,Southampton,Brighton & Hove Albion,1,1,1,1,2,0,2020,7,0,0,1,Draw
2020-07-16,2019,Leeds United,Barnsley,1,0,2,2,1,1,2020,7,1,0,0,Home Win
2020-07-17,2019,West Ham United,Watford,3,1,1,1,4,2,2020,7,1,0,0,Home Win
2020-07-17,2019,Huddersfield Town,West Bromwich Albion,2,1,2,2,3,1,2020,7,1,0,0,Home Win
2020-07-18,2019,Norwich City,Burnley,0,2,1,1,2,-2,2020,7,0,1,0,Away Win
2020-07-18,2019,Charlton Athletic,Wigan Athletic,2,2,2,2,4,0,2020,7,0,0,1,Draw
2020-07-18,2019,Stoke City,Brentford,1,0,2,2,1,1,2020,7,1,0,0,Home Win
2020-07-18,2019,Blackburn Rovers,Reading,4,3,2,2,7,1,2020,7,1,0,0,Home Win
2020-07-18,2019,Fulham,Sheffield Wednesday,5,3,2,2,8,2,2020,7,1,0,0,Home Win
2020-07-18,2019,Hull City,Luton Town,0,1,2,2,1,-1,2020,7,0,1,0,Away Win
2020-07-18,2019,Middlesbrough,Cardiff City,1,3,2,2,4,-2,2020,7,0,1,0,Away Win
2020-07-18,2019,Preston North End,Birmingham City,2,0,2,2,2,2,2020,7,1,0,0,Home Win
2020-07-18,2019,Queens Park Rangers,Millwall,4,3,2,2,7,1,2020,7,1,0,0,Home Win
2020-07-18,2019,Swansea City,Bristol City,1,0,2,2,1,1,2020,7,1,0,0,Home Win
2020-07-19,2019,AFC Bournemouth,Southampton,0,2,1,1,2,-2,2020,7,0,1,0,Away Win
2020-07-19,2019,Tottenham Hotspur,Leicester City,3,0,1,1,3,3,2020,7,1,0,0,Home Win
2020-07-19,2019,Derby County,Leeds United,1,3,2,2,4,-2,2020,7,0,1,0,Away Win
2020-07-19,2019,Barnsley,Nottingham Forest,1,0,2,2,1,1,2020,7,1,0,0,Home Win
2020-07-20,2019,Brighton & Hove Albion,Newcastle United,0,0,1,1,0,0,2020,7,0,0,1,Draw
2020-07-20,2019,Sheffield United,Everton,0,1,1,1,1,-1,2020,7,0,1,0,Away Win
2020-07-20,2019,Wolverhampton Wanderers,Crystal Palace,2,0,1,1,2,2,2020,7,1,0,0,Home Win
2020-07-21,2019,Watford,Manchester City,0,4,1,1,4,-4,2020,7,0,1,0,Away Win
2020-07-21,2019,Aston Villa,Arsenal,1,0,1,1,1,1,2020,7,1,0,0,Home Win
2020-07-22,2019,Manchester United,West Ham United,1,1,1,1,2,0,2020,7,0,0,1,Draw
2020-07-22,2019,Liverpool,Chelsea,5,3,1,1,8,2,2020,7,1,0,0,Home Win
2020-07-22,2019,Birmingham City,Derby County,1,3,2,2,4,-2,2020,7,0,1,0,Away Win
2020-07-22,2019,Brentford,Barnsley,1,2,2,2,3,-1,2020,7,0,1,0,Away Win
2020-07-22,2019,Bristol City,Preston North End,1,1,2,2,2,0,2020,7,0,0,1,Draw
2020-07-22,2019,Cardiff City,Hull City,3,0,2,2,3,3,2020,7,1,0,0,Home Win
2020-07-22,2019,Leeds United,Charlton Athletic,4,0,2,2,4,4,2020,7,1,0,0,Home Win
2020-07-22,2019,Luton Town,Blackburn Rovers,3,2,2,2,5,1,2020,7,1,0,0,Home Win
2020-07-22,2019,Millwall,Huddersfield Town,4,1,2,2,5,3,2020,7,1,0,0,Home Win
2020-07-22,2019,Nottingham Forest,Stoke City,1,4,2,2,5,-3,2020,7,0,1,0,Away Win
2020-07-22,2019,Reading,Swansea City,1,4,2,2,5,-3,2020,7,0,1,0,Away Win
2020-07-22,2019,Sheffield Wednesday,Middlesbrough,1,2,2,2,3,-1,2020,7,0,1,0,Away Win
2020-07-22,2019,West Bromwich Albion,Queens Park Rangers,2,2,2,2,4,0,2020,7,0,0,1,Draw
2020-07-22,2019,Wigan Athletic,Fulham,1,1,2,2,2,0,2020,7,0,0,1,Draw
2020-07-26,2019,Arsenal,Watford,3,2,1,1,5,1,2020,7,1,0,0,Home Win
2020-07-26,2019,Burnley,Brighton & Hove Albion,1,2,1,1,3,-1,2020,7,0,1,0,Away Win
2020-07-26,2019,Chelsea,Wolverhampton Wanderers,2,0,1,1,2,2,2020,7,1,0,0,Home Win
2020-07-26,2019,Crystal Palace,Tottenham Hotspur,1,1,1,1,2,0,2020,7,0,0,1,Draw
2020-07-26,2019,Everton,AFC Bournemouth,1,3,1,1,4,-2,2020,7,0,1,0,Away Win
2020-07-26,2019,Leicester City,Manchester United,0,2,1,1,2,-2,2020,7,0,1,0,Away Win
2020-07-26,2019,Manchester City,Norwich City,5,0,1,1,5,5,2020,7,1,0,0,Home Win
2020-07-26,2019,Newcastle United,Liverpool,1,3,1,1,4,-2,2020,7,0,1,0,Away Win
2020-07-26,2019,Southampton,Sheffield United,3,1,1,1,4,2,2020,7,1,0,0,Home Win
2020-07-26,2019,West Ham United,Aston Villa,1,1,1,1,2,0,2020,7,0,0,1,Draw
2020-09-11,2020,Watford,Middlesbrough,1,0,2,2,1,1,2020,9,1,0,0,Home Win
2020-09-12,2020,Fulham,Arsenal,0,3,1,1,3,-3,2020,9,0,1,0,Away Win
2020-09-12,2020,Crystal Palace,Southampton,1,0,1,1,1,1,2020,9,1,0,0,Home Win
2020-09-12,2020,Liverpool,Leeds United,4,3,1,1,7,1,2020,9,1,0,0,Home Win
2020-09-12,2020,West Ham United,Newcastle United,0,2,1,1,2,-2,2020,9,0,1,0,Away Win
2020-09-12,2020,Birmingham City,Brentford,1,0,2,2,1,1,2020,9,1,0,0,Home Win
2020-09-12,2020,Wycombe Wanderers,Rotherham United,0,1,2,2,1,-1,2020,9,0,1,0,Away Win
2020-09-12,2020,Barnsley,Luton Town,0,1,2,2,1,-1,2020,9,0,1,0,Away Win
2020-09-12,2020,AFC Bournemouth,Blackburn Rovers,3,2,2,2,5,1,2020,9,1,0,0,Home Win
2020-09-12,2020,Bristol City,Coventry City,2,1,2,2,3,1,2020,9,1,0,0,Home Win
2020-09-12,2020,Cardiff City,Sheffield Wednesday,0,2,2,2,2,-2,2020,9,0,1,0,Away Win
2020-09-12,2020,Derby County,Reading,0,2,2,2,2,-2,2020,9,0,1,0,Away Win
2020-09-12,2020,Huddersfield Town,Norwich City,0,1,2,2,1,-1,2020,9,0,1,0,Away Win
2020-09-12,2020,Millwall,Stoke City,0,0,2,2,0,0,2020,9,0,0,1,Draw
2020-09-12,2020,Preston North End,Swansea City,0,1,2,2,1,-1,2020,9,0,1,0,Away Win
2020-09-12,2020,Queens Park Rangers,Nottingham Forest,2,0,2,2,2,2,2020,9,1,0,0,Home Win
2020-09-12,2020,Accrington,Peterborough United,2,0,3,3,2,2,2020,9,1,0,0,Home Win
2020-09-12,2020,Crewe Alexandra,Charlton Athletic,0,2,3,3,2,-2,2020,9,0,1,0,Away Win
2020-09-12,2020,Doncaster Rovers,Milton Keynes Dons,1,1,3,3,2,0,2020,9,0,0,1,Draw
2020-09-12,2020,Fleetwood Town,Burton Albion,2,1,3,3,3,1,2020,9,1,0,0,Home Win
2020-09-12,2020,Gillingham,Hull City,0,2,3,3,2,-2,2020,9,0,1,0,Away Win
2020-09-12,2020,Lincoln City,Oxford United,2,0,3,3,2,2,2020,9,1,0,0,Home Win
2020-09-12,2020,Northampton Town,AFC Wimbledon,2,2,3,3,4,0,2020,9,0,0,1,Draw
2020-09-12,2020,Plymouth Argyle,Blackpool,1,0,3,3,1,1,2020,9,1,0,0,Home Win
2020-09-12,2020,Portsmouth,Shrewsbury Town,0,0,3,3,0,0,2020,9,0,0,1,Draw
2020-09-12,2020,Sunderland,Bristol Rovers,1,1,3,3,2,0,2020,9,0,0,1,Draw
2020-09-12,2020,Swindon Town,Rochdale,3,1,3,3,4,2,2020,9,1,0,0,Home Win
2020-09-12,2020,Barrow,Stevenage Borough,1,1,4,4,2,0,2020,9,0,0,1,Draw
2020-09-12,2020,Bolton Wanderers,Forest Green Rovers,0,1,4,4,1,-1,2020,9,0,1,0,Away Win
2020-09-12,2020,Bradford City,Colchester United,0,0,4,4,0,0,2020,9,0,0,1,Draw
2020-09-12,2020,Cambridge United,Carlisle United,3,0,4,4,3,3,2020,9,1,0,0,Home Win
2020-09-12,2020,Cheltenham,Morecambe,1,2,4,4,3,-1,2020,9,0,1,0,Away Win
2020-09-12,2020,Mansfield Town,Tranmere Rovers,0,0,4,4,0,0,2020,9,0,0,1,Draw
2020-09-12,2020,Oldham Athletic,Leyton Orient,0,1,4,4,1,-1,2020,9,0,1,0,Away Win
2020-09-12,2020,Port Vale,Crawley Town,2,0,4,4,2,2,2020,9,1,0,0,Home Win
2020-09-12,2020,Salford City,Exeter City,2,2,4,4,4,0,2020,9,0,0,1,Draw
2020-09-12,2020,Scunthorpe United,Newport County,1,1,4,4,2,0,2020,9,0,0,1,Draw
2020-09-12,2020,Southend United,Harrogate Town A.F.C.,0,4,4,4,4,-4,2020,9,0,1,0,Away Win
2020-09-12,2020,Walsall,Grimsby Town,1,0,4,4,1,1,2020,9,1,0,0,Home Win
2020-09-13,2020,West Bromwich Albion,Leicester City,0,3,1,1,3,-3,2020,9,0,1,0,Away Win
2020-09-13,2020,Tottenham Hotspur,Everton,0,1,1,1,1,-1,2020,9,0,1,0,Away Win
2020-09-13,2020,Ipswich Town,Wigan Athletic,2,0,3,3,2,2,2020,9,1,0,0,Home Win
2020-09-14,2020,Brighton & Hove Albion,Chelsea,1,3,1,1,4,-2,2020,9,0,1,0,Away Win
2020-09-14,2020,Sheffield United,Wolverhampton Wanderers,0,2,1,1,2,-2,2020,9,0,1,0,Away Win
2020-09-18,2020,Coventry City,Queens Park Rangers,3,2,2,2,5,1,2020,9,1,0,0,Home Win
2020-09-19,2020,Everton,West Bromwich Albion,5,2,1,1,7,3,2020,9,1,0,0,Home Win
2020-09-19,2020,Leeds United,Fulham,4,3,1,1,7,1,2020,9,1,0,0,Home Win
2020-09-19,2020,Manchester United,Crystal Palace,1,3,1,1,4,-2,2020,9,0,1,0,Away Win
2020-09-19,2020,Arsenal,West Ham United,2,1,1,1,3,1,2020,9,1,0,0,Home Win
2020-09-19,2020,Nottingham Forest,Cardiff City,0,2,2,2,2,-2,2020,9,0,1,0,Away Win
2020-09-19,2020,Blackburn Rovers,Wycombe Wanderers,5,0,2,2,5,5,2020,9,1,0,0,Home Win
2020-09-19,2020,Brentford,Huddersfield Town,3,0,2,2,3,3,2020,9,1,0,0,Home Win
2020-09-19,2020,Luton Town,Derby County,2,1,2,2,3,1,2020,9,1,0,0,Home Win
2020-09-19,2020,Middlesbrough,AFC Bournemouth,1,1,2,2,2,0,2020,9,0,0,1,Draw
2020-09-19,2020,Norwich City,Preston North End,2,2,2,2,4,0,2020,9,0,0,1,Draw
2020-09-19,2020,Reading,Barnsley,2,0,2,2,2,2,2020,9,1,0,0,Home Win
2020-09-19,2020,Rotherham United,Millwall,0,1,2,2,1,-1,2020,9,0,1,0,Away Win
2020-09-19,2020,Sheffield Wednesday,Watford,0,0,2,2,0,0,2020,9,0,0,1,Draw
2020-09-19,2020,Swansea City,Birmingham City,0,0,2,2,0,0,2020,9,0,0,1,Draw
2020-09-19,2020,AFC Wimbledon,Plymouth Argyle,4,4,3,3,8,0,2020,9,0,0,1,Draw
2020-09-19,2020,Blackpool,Swindon Town,2,0,3,3,2,2,2020,9,1,0,0,Home Win
2020-09-19,2020,Bristol Rovers,Ipswich Town,0,2,3,3,2,-2,2020,9,0,1,0,Away Win
2020-09-19,2020,Burton Albion,Accrington,2,1,3,3,3,1,2020,9,1,0,0,Home Win
2020-09-19,2020,Charlton Athletic,Doncaster Rovers,1,3,3,3,4,-2,2020,9,0,1,0,Away Win
2020-09-19,2020,Hull City,Crewe Alexandra,1,0,3,3,1,1,2020,9,1,0,0,Home Win
2020-09-19,2020,Milton Keynes Dons,Lincoln City,1,2,3,3,3,-1,2020,9,0,1,0,Away Win
2020-09-19,2020,Oxford United,Sunderland,0,2,3,3,2,-2,2020,9,0,1,0,Away Win
2020-09-19,2020,Peterborough United,Fleetwood Town,2,1,3,3,3,1,2020,9,1,0,0,Home Win
2020-09-19,2020,Shrewsbury Town,Northampton Town,1,2,3,3,3,-1,2020,9,0,1,0,Away Win
2020-09-19,2020,Wigan Athletic,Gillingham,2,3,3,3,5,-1,2020,9,0,1,0,Away Win
2020-09-19,2020,Carlisle United,Southend United,2,0,4,4,2,2,2020,9,1,0,0,Home Win
2020-09-19,2020,Colchester United,Bolton Wanderers,2,0,4,4,2,2,2020,9,1,0,0,Home Win
2020-09-19,2020,Crawley Town,Scunthorpe United,1,0,4,4,1,1,2020,9,1,0,0,Home Win
2020-09-19,2020,Exeter City,Port Vale,0,2,4,4,2,-2,2020,9,0,1,0,Away Win
2020-09-19,2020,Forest Green Rovers,Bradford City,2,2,4,4,4,0,2020,9,0,0,1,Draw
2020-09-19,2020,Grimsby Town,Salford City,0,4,4,4,4,-4,2020,9,0,1,0,Away Win
2020-09-19,2020,Harrogate Town A.F.C.,Walsall,2,2,4,4,4,0,2020,9,0,0,1,Draw
2020-09-19,2020,Leyton Orient,Mansfield Town,2,2,4,4,4,0,2020,9,0,0,1,Draw
2020-09-19,2020,Morecambe,Cambridge United,0,5,4,4,5,-5,2020,9,0,1,0,Away Win
2020-09-19,2020,Newport County,Barrow,2,1,4,4,3,1,2020,9,1,0,0,Home Win
2020-09-19,2020,Stevenage Borough,Oldham Athletic,3,0,4,4,3,3,2020,9,1,0,0,Home Win
2020-09-19,2020,Tranmere Rovers,Cheltenham,0,3,4,4,3,-3,2020,9,0,1,0,Away Win
2020-09-20,2020,Southampton,Tottenham Hotspur,2,5,1,1,7,-3,2020,9,0,1,0,Away Win
2020-09-20,2020,Newcastle United,Brighton & Hove Albion,0,3,1,1,3,-3,2020,9,0,1,0,Away Win
2020-09-20,2020,Chelsea,Liverpool,0,2,1,1,2,-2,2020,9,0,1,0,Away Win
2020-09-20,2020,Leicester City,Burnley,4,2,1,1,6,2,2020,9,1,0,0,Home Win
2020-09-20,2020,Stoke City,Bristol City,0,2,2,2,2,-2,2020,9,0,1,0,Away Win
2020-09-20,2020,Rochdale,Portsmouth,0,0,3,3,0,0,2020,9,0,0,1,Draw
2020-09-21,2020,Aston Villa,Sheffield United,1,0,1,1,1,1,2020,9,1,0,0,Home Win
2020-09-21,2020,Wolverhampton Wanderers,Manchester City,1,3,1,1,4,-2,2020,9,0,1,0,Away Win
2020-09-25,2020,Huddersfield Town,Nottingham Forest,1,0,2,2,1,1,2020,9,1,0,0,Home Win
2020-09-26,2020,Brighton & Hove Albion,Manchester United,2,3,1,1,5,-1,2020,9,0,1,0,Away Win
2020-09-26,2020,Crystal Palace,Everton,1,2,1,1,3,-1,2020,9,0,1,0,Away Win
2020-09-26,2020,West Bromwich Albion,Chelsea,3,3,1,1,6,0,2020,9,0,0,1,Draw
2020-09-26,2020,Burnley,Southampton,0,1,1,1,1,-1,2020,9,0,1,0,Away Win
2020-09-26,2020,Watford,Luton Town,1,0,2,2,1,1,2020,9,1,0,0,Home Win
2020-09-26,2020,Wycombe Wanderers,Swansea City,0,2,2,2,2,-2,2020,9,0,1,0,Away Win
2020-09-26,2020,Barnsley,Coventry City,0,0,2,2,0,0,2020,9,0,0,1,Draw
2020-09-26,2020,Birmingham City,Rotherham United,1,1,2,2,2,0,2020,9,0,0,1,Draw
2020-09-26,2020,Cardiff City,Reading,1,2,2,2,3,-1,2020,9,0,1,0,Away Win
2020-09-26,2020,Derby County,Blackburn Rovers,0,4,2,2,4,-4,2020,9,0,1,0,Away Win
2020-09-26,2020,Millwall,Brentford,1,1,2,2,2,0,2020,9,0,0,1,Draw
2020-09-26,2020,Preston North End,Stoke City,0,1,2,2,1,-1,2020,9,0,1,0,Away Win
2020-09-26,2020,Queens Park Rangers,Middlesbrough,1,1,2,2,2,0,2020,9,0,0,1,Draw
2020-09-26,2020,Accrington,Oxford United,1,4,3,3,5,-3,2020,9,0,1,0,Away Win
2020-09-26,2020,Crewe Alexandra,Milton Keynes Dons,2,0,3,3,2,2,2020,9,1,0,0,Home Win
2020-09-26,2020,Doncaster Rovers,Bristol Rovers,4,1,3,3,5,3,2020,9,1,0,0,Home Win
2020-09-26,2020,Fleetwood Town,AFC Wimbledon,0,1,3,3,1,-1,2020,9,0,1,0,Away Win
2020-09-26,2020,Gillingham,Blackpool,2,0,3,3,2,2,2020,9,1,0,0,Home Win
2020-09-26,2020,Ipswich Town,Rochdale,2,0,3,3,2,2,2020,9,1,0,0,Home Win
2020-09-26,2020,Northampton Town,Hull City,0,2,3,3,2,-2,2020,9,0,1,0,Away Win
2020-09-26,2020,Plymouth Argyle,Shrewsbury Town,1,1,3,3,2,0,2020,9,0,0,1,Draw
2020-09-26,2020,Portsmouth,Wigan Athletic,1,2,3,3,3,-1,2020,9,0,1,0,Away Win
2020-09-26,2020,Sunderland,Peterborough United,1,0,3,3,1,1,2020,9,1,0,0,Home Win
2020-09-26,2020,Swindon Town,Burton Albion,4,2,3,3,6,2,2020,9,1,0,0,Home Win
2020-09-26,2020,Barrow,Colchester United,1,1,4,4,2,0,2020,9,0,0,1,Draw
2020-09-26,2020,Bolton Wanderers,Newport County,0,2,4,4,2,-2,2020,9,0,1,0,Away Win
2020-09-26,2020,Bradford City,Stevenage Borough,2,1,4,4,3,1,2020,9,1,0,0,Home Win
2020-09-26,2020,Cambridge United,Tranmere Rovers,0,0,4,4,0,0,2020,9,0,0,1,Draw
2020-09-26,2020,Mansfield Town,Exeter City,1,2,4,4,3,-1,2020,9,0,1,0,Away Win
2020-09-26,2020,Oldham Athletic,Crawley Town,2,3,4,4,5,-1,2020,9,0,1,0,Away Win
2020-09-26,2020,Port Vale,Harrogate Town A.F.C.,0,0,4,4,0,0,2020,9,0,0,1,Draw
2020-09-26,2020,Salford City,Forest Green Rovers,0,0,4,4,0,0,2020,9,0,0,1,Draw
2020-09-26,2020,Scunthorpe United,Carlisle United,1,0,4,4,1,1,2020,9,1,0,0,Home Win
2020-09-26,2020,Southend United,Morecambe,1,2,4,4,3,-1,2020,9,0,1,0,Away Win
2020-09-27,2020,Sheffield United,Leeds United,0,1,1,1,1,-1,2020,9,0,1,0,Away Win
2020-09-27,2020,Tottenham Hotspur,Newcastle United,1,1,1,1,2,0,2020,9,0,0,1,Draw
2020-09-27,2020,Manchester City,Leicester City,2,5,1,1,7,-3,2020,9,0,1,0,Away Win
2020-09-27,2020,West Ham United,Wolverhampton Wanderers,4,0,1,1,4,4,2020,9,1,0,0,Home Win
2020-09-27,2020,Bristol City,Sheffield Wednesday,2,0,2,2,2,2,2020,9,1,0,0,Home Win
2020-09-27,2020,AFC Bournemouth,Norwich City,1,0,2,2,1,1,2020,9,1,0,0,Home Win
2020-09-27,2020,Lincoln City,Charlton Athletic,2,0,3,3,2,2,2020,9,1,0,0,Home Win
2020-09-28,2020,Fulham,Aston Villa,0,3,1,1,3,-3,2020,9,0,1,0,Away Win
2020-09-28,2020,Liverpool,Arsenal,3,1,1,1,4,2,2020,9,1,0,0,Home Win
2020-10-02,2020,Coventry City,AFC Bournemouth,1,3,2,2,4,-2,2020,10,0,1,0,Away Win
2020-10-03,2020,Chelsea,Crystal Palace,4,0,1,1,4,4,2020,10,1,0,0,Home Win
2020-10-03,2020,Everton,Brighton & Hove Albion,4,2,1,1,6,2,2020,10,1,0,0,Home Win
2020-10-03,2020,Leeds United,Manchester City,1,1,1,1,2,0,2020,10,0,0,1,Draw
2020-10-03,2020,Newcastle United,Burnley,3,1,1,1,4,2,2020,10,1,0,0,Home Win
2020-10-03,2020,Norwich City,Derby County,0,1,2,2,1,-1,2020,10,0,1,0,Away Win
2020-10-03,2020,Blackburn Rovers,Cardiff City,0,0,2,2,0,0,2020,10,0,0,1,Draw
2020-10-03,2020,Luton Town,Wycombe Wanderers,2,0,2,2,2,2,2020,10,1,0,0,Home Win
2020-10-03,2020,Middlesbrough,Barnsley,2,1,2,2,3,1,2020,10,1,0,0,Home Win
2020-10-03,2020,Nottingham Forest,Bristol City,1,2,2,2,3,-1,2020,10,0,1,0,Away Win
2020-10-03,2020,Reading,Watford,1,0,2,2,1,1,2020,10,1,0,0,Home Win
2020-10-03,2020,Rotherham United,Huddersfield Town,1,1,2,2,2,0,2020,10,0,0,1,Draw
2020-10-03,2020,Sheffield Wednesday,Queens Park Rangers,1,1,2,2,2,0,2020,10,0,0,1,Draw
2020-10-03,2020,Swansea City,Millwall,2,1,2,2,3,1,2020,10,1,0,0,Home Win
2020-10-03,2020,AFC Wimbledon,Accrington,1,2,3,3,3,-1,2020,10,0,1,0,Away Win
2020-10-03,2020,Blackpool,Lincoln City,2,3,3,3,5,-1,2020,10,0,1,0,Away Win
2020-10-03,2020,Bristol Rovers,Northampton Town,2,0,3,3,2,2,2020,10,1,0,0,Home Win
2020-10-03,2020,Burton Albion,Portsmouth,2,4,3,3,6,-2,2020,10,0,1,0,Away Win
2020-10-03,2020,Charlton Athletic,Sunderland,0,0,3,3,0,0,2020,10,0,0,1,Draw
2020-10-03,2020,Hull City,Plymouth Argyle,1,0,3,3,1,1,2020,10,1,0,0,Home Win
2020-10-03,2020,Milton Keynes Dons,Ipswich Town,1,1,3,3,2,0,2020,10,0,0,1,Draw
2020-10-03,2020,Peterborough United,Swindon Town,3,1,3,3,4,2,2020,10,1,0,0,Home Win
2020-10-03,2020,Rochdale,Fleetwood Town,2,1,3,3,3,1,2020,10,1,0,0,Home Win
2020-10-03,2020,Shrewsbury Town,Gillingham,1,1,3,3,2,0,2020,10,0,0,1,Draw
2020-10-03,2020,Wigan Athletic,Doncaster Rovers,1,0,3,3,1,1,2020,10,1,0,0,Home Win
2020-10-03,2020,Carlisle United,Barrow,1,0,4,4,1,1,2020,10,1,0,0,Home Win
2020-10-03,2020,Colchester United,Oldham Athletic,3,3,4,4,6,0,2020,10,0,0,1,Draw
2020-10-03,2020,Crawley Town,Southend United,1,1,4,4,2,0,2020,10,0,0,1,Draw
2020-10-03,2020,Exeter City,Cambridge United,2,0,4,4,2,2,2020,10,1,0,0,Home Win
2020-10-03,2020,Forest Green Rovers,Walsall,1,1,4,4,2,0,2020,10,0,0,1,Draw
2020-10-03,2020,Harrogate Town A.F.C.,Bolton Wanderers,1,2,4,4,3,-1,2020,10,0,1,0,Away Win
2020-10-03,2020,Leyton Orient,Cheltenham,0,2,4,4,2,-2,2020,10,0,1,0,Away Win
2020-10-03,2020,Morecambe,Port Vale,1,0,4,4,1,1,2020,10,1,0,0,Home Win
2020-10-03,2020,Newport County,Mansfield Town,2,1,4,4,3,1,2020,10,1,0,0,Home Win
2020-10-03,2020,Stevenage Borough,Salford City,0,1,4,4,1,-1,2020,10,0,1,0,Away Win
2020-10-03,2020,Tranmere Rovers,Scunthorpe United,2,0,4,4,2,2,2020,10,1,0,0,Home Win
2020-10-04,2020,Leicester City,West Ham United,0,3,1,1,3,-3,2020,10,0,1,0,Away Win
2020-10-04,2020,Southampton,West Bromwich Albion,2,0,1,1,2,2,2020,10,1,0,0,Home Win
2020-10-04,2020,Arsenal,Sheffield United,2,1,1,1,3,1,2020,10,1,0,0,Home Win
2020-10-04,2020,Wolverhampton Wanderers,Fulham,1,0,1,1,1,1,2020,10,1,0,0,Home Win
2020-10-04,2020,Manchester United,Tottenham Hotspur,1,6,1,1,7,-5,2020,10,0,1,0,Away Win
2020-10-04,2020,Aston Villa,Liverpool,7,2,1,1,9,5,2020,10,1,0,0,Home Win
2020-10-04,2020,Brentford,Preston North End,2,4,2,2,6,-2,2020,10,0,1,0,Away Win
2020-10-04,2020,Stoke City,Birmingham City,1,1,2,2,2,0,2020,10,0,0,1,Draw
2020-10-09,2020,Fleetwood Town,Hull City,4,1,3,3,5,3,2020,10,1,0,0,Home Win
2020-10-10,2020,Gillingham,Oxford United,3,1,3,3,4,2,2020,10,1,0,0,Home Win
2020-10-10,2020,Accrington,Rochdale,2,1,3,3,3,1,2020,10,1,0,0,Home Win
2020-10-10,2020,Blackpool,Ipswich Town,1,4,3,3,5,-3,2020,10,0,1,0,Away Win
2020-10-10,2020,Crewe Alexandra,Wigan Athletic,3,0,3,3,3,3,2020,10,1,0,0,Home Win
2020-10-10,2020,Lincoln City,Bristol Rovers,1,2,3,3,3,-1,2020,10,0,1,0,Away Win
2020-10-10,2020,Northampton Town,Peterborough United,0,2,3,3,2,-2,2020,10,0,1,0,Away Win
2020-10-10,2020,Plymouth Argyle,Burton Albion,2,0,3,3,2,2,2020,10,1,0,0,Home Win
2020-10-10,2020,Portsmouth,Milton Keynes Dons,2,1,3,3,3,1,2020,10,1,0,0,Home Win
2020-10-10,2020,Swindon Town,AFC Wimbledon,0,1,3,3,1,-1,2020,10,0,1,0,Away Win
2020-10-10,2020,Barrow,Leyton Orient,1,1,4,4,2,0,2020,10,0,0,1,Draw
2020-10-10,2020,Bolton Wanderers,Grimsby Town,0,0,4,4,0,0,2020,10,0,0,1,Draw
2020-10-10,2020,Cambridge United,Newport County,2,1,4,4,3,1,2020,10,1,0,0,Home Win
2020-10-10,2020,Cheltenham,Crawley Town,2,0,4,4,2,2,2020,10,1,0,0,Home Win
2020-10-10,2020,Mansfield Town,Stevenage Borough,0,0,4,4,0,0,2020,10,0,0,1,Draw
2020-10-10,2020,Oldham Athletic,Morecambe,2,3,4,4,5,-1,2020,10,0,1,0,Away Win
2020-10-10,2020,Port Vale,Carlisle United,0,1,4,4,1,-1,2020,10,0,1,0,Away Win
2020-10-10,2020,Salford City,Tranmere Rovers,2,2,4,4,4,0,2020,10,0,0,1,Draw
2020-10-10,2020,Scunthorpe United,Forest Green Rovers,1,4,4,4,5,-3,2020,10,0,1,0,Away Win
2020-10-10,2020,Southend United,Exeter City,2,2,4,4,4,0,2020,10,0,0,1,Draw
2020-10-10,2020,Walsall,Colchester United,1,1,4,4,2,0,2020,10,0,0,1,Draw
2020-10-12,2020,Bradford City,Harrogate Town A.F.C.,0,1,4,4,1,-1,2020,10,0,1,0,Away Win
2020-10-13,2020,Cheltenham,Grimsby Town,1,3,4,4,4,-2,2020,10,0,1,0,Away Win
2020-10-13,2020,Walsall,Leyton Orient,2,1,4,4,3,1,2020,10,1,0,0,Home Win
2020-10-16,2020,Derby County,Watford,0,1,2,2,1,-1,2020,10,0,1,0,Away Win
2020-10-17,2020,Everton,Liverpool,2,2,1,1,4,0,2020,10,0,0,1,Draw
2020-10-17,2020,Chelsea,Southampton,3,3,1,1,6,0,2020,10,0,0,1,Draw
2020-10-17,2020,Manchester City,Arsenal,1,0,1,1,1,1,2020,10,1,0,0,Home Win
2020-10-17,2020,Newcastle United,Manchester United,1,4,1,1,5,-3,2020,10,0,1,0,Away Win
2020-10-17,2020,Barnsley,Bristol City,2,2,2,2,4,0,2020,10,0,0,1,Draw
2020-10-17,2020,Birmingham City,Sheffield Wednesday,0,1,2,2,1,-1,2020,10,0,1,0,Away Win
2020-10-17,2020,Blackburn Rovers,Nottingham Forest,0,1,2,2,1,-1,2020,10,0,1,0,Away Win
2020-10-17,2020,AFC Bournemouth,Queens Park Rangers,0,0,2,2,0,0,2020,10,0,0,1,Draw
2020-10-17,2020,Brentford,Coventry City,2,0,2,2,2,2,2020,10,1,0,0,Home Win
2020-10-17,2020,Luton Town,Stoke City,0,2,2,2,2,-2,2020,10,0,1,0,Away Win
2020-10-17,2020,Middlesbrough,Reading,0,0,2,2,0,0,2020,10,0,0,1,Draw
2020-10-17,2020,Rotherham United,Norwich City,1,2,2,2,3,-1,2020,10,0,1,0,Away Win
2020-10-17,2020,Swansea City,Huddersfield Town,1,2,2,2,3,-1,2020,10,0,1,0,Away Win
2020-10-17,2020,Wycombe Wanderers,Millwall,1,2,2,2,3,-1,2020,10,0,1,0,Away Win
2020-10-17,2020,Milton Keynes Dons,Gillingham,2,0,3,3,2,2,2020,10,1,0,0,Home Win
2020-10-17,2020,AFC Wimbledon,Shrewsbury Town,0,1,3,3,1,-1,2020,10,0,1,0,Away Win
2020-10-17,2020,Bristol Rovers,Burton Albion,1,1,3,3,2,0,2020,10,0,0,1,Draw
2020-10-17,2020,Charlton Athletic,Wigan Athletic,1,0,3,3,1,1,2020,10,1,0,0,Home Win
2020-10-17,2020,Crewe Alexandra,Blackpool,1,1,3,3,2,0,2020,10,0,0,1,Draw
2020-10-17,2020,Fleetwood Town,Lincoln City,0,0,3,3,0,0,2020,10,0,0,1,Draw
2020-10-17,2020,Ipswich Town,Accrington,2,0,3,3,2,2,2020,10,1,0,0,Home Win
2020-10-17,2020,Peterborough United,Oxford United,2,0,3,3,2,2,2020,10,1,0,0,Home Win
2020-10-17,2020,Plymouth Argyle,Northampton Town,2,1,3,3,3,1,2020,10,1,0,0,Home Win
2020-10-17,2020,Portsmouth,Doncaster Rovers,0,1,3,3,1,-1,2020,10,0,1,0,Away Win
2020-10-17,2020,Rochdale,Hull City,0,3,3,3,3,-3,2020,10,0,1,0,Away Win
2020-10-17,2020,Swindon Town,Sunderland,0,2,3,3,2,-2,2020,10,0,1,0,Away Win
2020-10-17,2020,Bolton Wanderers,Oldham Athletic,1,2,4,4,3,-1,2020,10,0,1,0,Away Win
2020-10-17,2020,Carlisle United,Colchester United,3,2,4,4,5,1,2020,10,1,0,0,Home Win
2020-10-17,2020,Crawley Town,Morecambe,4,0,4,4,4,4,2020,10,1,0,0,Home Win
2020-10-17,2020,Forest Green Rovers,Stevenage Borough,1,0,4,4,1,1,2020,10,1,0,0,Home Win
2020-10-17,2020,Harrogate Town A.F.C.,Barrow,1,0,4,4,1,1,2020,10,1,0,0,Home Win
2020-10-17,2020,Mansfield Town,Bradford City,1,3,4,4,4,-2,2020,10,0,1,0,Away Win
2020-10-17,2020,Newport County,Tranmere Rovers,1,0,4,4,1,1,2020,10,1,0,0,Home Win
2020-10-17,2020,Port Vale,Salford City,1,0,4,4,1,1,2020,10,1,0,0,Home Win
2020-10-17,2020,Scunthorpe United,Cambridge United,0,5,4,4,5,-5,2020,10,0,1,0,Away Win
2020-10-17,2020,Southend United,Cheltenham,0,2,4,4,2,-2,2020,10,0,1,0,Away Win
2020-10-17,2020,Walsall,Exeter City,0,0,4,4,0,0,2020,10,0,0,1,Draw
2020-10-17,2020,Leyton Orient,Grimsby Town,2,3,4,4,5,-1,2020,10,0,1,0,Away Win
2020-10-18,2020,Sheffield United,Fulham,1,1,1,1,2,0,2020,10,0,0,1,Draw
2020-10-18,2020,Crystal Palace,Brighton & Hove Albion,1,1,1,1,2,0,2020,10,0,0,1,Draw
2020-10-18,2020,Tottenham Hotspur,West Ham United,3,3,1,1,6,0,2020,10,0,0,1,Draw
2020-10-18,2020,Leicester City,Aston Villa,0,1,1,1,1,-1,2020,10,0,1,0,Away Win
2020-10-18,2020,Preston North End,Cardiff City,0,1,2,2,1,-1,2020,10,0,1,0,Away Win
2020-10-19,2020,West Bromwich Albion,Burnley,0,0,1,1,0,0,2020,10,0,0,1,Draw
2020-10-19,2020,Leeds United,Wolverhampton Wanderers,0,1,1,1,1,-1,2020,10,0,1,0,Away Win
2020-10-20,2020,Bristol City,Middlesbrough,0,1,2,2,1,-1,2020,10,0,1,0,Away Win
2020-10-20,2020,Coventry City,Swansea City,1,1,2,2,2,0,2020,10,0,0,1,Draw
2020-10-20,2020,Huddersfield Town,Derby County,1,0,2,2,1,1,2020,10,1,0,0,Home Win
2020-10-20,2020,Millwall,Luton Town,2,0,2,2,2,2,2020,10,1,0,0,Home Win
2020-10-20,2020,Norwich City,Birmingham City,1,0,2,2,1,1,2020,10,1,0,0,Home Win
2020-10-20,2020,Nottingham Forest,Rotherham United,1,1,2,2,2,0,2020,10,0,0,1,Draw
2020-10-20,2020,Reading,Wycombe Wanderers,1,0,2,2,1,1,2020,10,1,0,0,Home Win
2020-10-20,2020,Shrewsbury Town,Bristol Rovers,0,1,3,3,1,-1,2020,10,0,1,0,Away Win
2020-10-20,2020,Gillingham,Portsmouth,0,2,3,3,2,-2,2020,10,0,1,0,Away Win
2020-10-20,2020,Accrington,Fleetwood Town,1,0,3,3,1,1,2020,10,1,0,0,Home Win
2020-10-20,2020,Blackpool,Charlton Athletic,0,1,3,3,1,-1,2020,10,0,1,0,Away Win
2020-10-20,2020,Doncaster Rovers,Ipswich Town,4,1,3,3,5,3,2020,10,1,0,0,Home Win
2020-10-20,2020,Hull City,AFC Wimbledon,1,0,3,3,1,1,2020,10,1,0,0,Home Win
2020-10-20,2020,Lincoln City,Plymouth Argyle,2,0,3,3,2,2,2020,10,1,0,0,Home Win
2020-10-20,2020,Oxford United,Milton Keynes Dons,3,2,3,3,5,1,2020,10,1,0,0,Home Win
2020-10-20,2020,Sunderland,Crewe Alexandra,1,0,3,3,1,1,2020,10,1,0,0,Home Win
2020-10-20,2020,Wigan Athletic,Peterborough United,0,1,3,3,1,-1,2020,10,0,1,0,Away Win
2020-10-20,2020,Burton Albion,Rochdale,0,1,3,3,1,-1,2020,10,0,1,0,Away Win
2020-10-20,2020,Northampton Town,Swindon Town,2,1,3,3,3,1,2020,10,1,0,0,Home Win
2020-10-20,2020,Cheltenham,Scunthorpe United,1,0,4,4,1,1,2020,10,1,0,0,Home Win
2020-10-20,2020,Morecambe,Mansfield Town,1,1,4,4,2,0,2020,10,0,0,1,Draw
2020-10-20,2020,Barrow,Bolton Wanderers,3,3,4,4,6,0,2020,10,0,0,1,Draw
2020-10-20,2020,Cambridge United,Port Vale,3,1,4,4,4,2,2020,10,1,0,0,Home Win
2020-10-20,2020,Colchester United,Forest Green Rovers,1,0,4,4,1,1,2020,10,1,0,0,Home Win
2020-10-20,2020,Exeter City,Crawley Town,2,1,4,4,3,1,2020,10,1,0,0,Home Win
2020-10-20,2020,Oldham Athletic,Carlisle United,1,1,4,4,2,0,2020,10,0,0,1,Draw
2020-10-20,2020,Stevenage Borough,Newport County,0,1,4,4,1,-1,2020,10,0,1,0,Away Win
2020-10-20,2020,Tranmere Rovers,Leyton Orient,0,1,4,4,1,-1,2020,10,0,1,0,Away Win
2020-10-20,2020,Bradford City,Walsall,1,1,4,4,2,0,2020,10,0,0,1,Draw
2020-10-20,2020,Grimsby Town,Harrogate Town A.F.C.,1,2,4,4,3,-1,2020,10,0,1,0,Away Win
2020-10-20,2020,Salford City,Southend United,3,0,4,4,3,3,2020,10,1,0,0,Home Win
2020-10-21,2020,Cardiff City,AFC Bournemouth,1,1,2,2,2,0,2020,10,0,0,1,Draw
2020-10-21,2020,Queens Park Rangers,Preston North End,0,2,2,2,2,-2,2020,10,0,1,0,Away Win
2020-10-21,2020,Sheffield Wednesday,Brentford,1,2,2,2,3,-1,2020,10,0,1,0,Away Win
2020-10-21,2020,Stoke City,Barnsley,2,2,2,2,4,0,2020,10,0,0,1,Draw
2020-10-21,2020,Watford,Blackburn Rovers,3,1,2,2,4,2,2020,10,1,0,0,Home Win
2020-10-23,2020,Aston Villa,Leeds United,0,3,1,1,3,-3,2020,10,0,1,0,Away Win
2020-10-23,2020,Nottingham Forest,Derby County,1,1,2,2,2,0,2020,10,0,0,1,Draw
2020-10-24,2020,West Ham United,Manchester City,1,1,1,1,2,0,2020,10,0,0,1,Draw
2020-10-24,2020,Fulham,Crystal Palace,1,2,1,1,3,-1,2020,10,0,1,0,Away Win
2020-10-24,2020,Manchester United,Chelsea,0,0,1,1,0,0,2020,10,0,0,1,Draw
2020-10-24,2020,Liverpool,Sheffield United,2,1,1,1,3,1,2020,10,1,0,0,Home Win
2020-10-24,2020,Watford,AFC Bournemouth,1,1,2,2,2,0,2020,10,0,0,1,Draw
2020-10-24,2020,Bristol City,Swansea City,1,1,2,2,2,0,2020,10,0,0,1,Draw
2020-10-24,2020,Cardiff City,Middlesbrough,1,1,2,2,2,0,2020,10,0,0,1,Draw
2020-10-24,2020,Coventry City,Blackburn Rovers,0,4,2,2,4,-4,2020,10,0,1,0,Away Win
2020-10-24,2020,Huddersfield Town,Preston North End,1,2,2,2,3,-1,2020,10,0,1,0,Away Win
2020-10-24,2020,Millwall,Barnsley,1,1,2,2,2,0,2020,10,0,0,1,Draw
2020-10-24,2020,Norwich City,Wycombe Wanderers,2,1,2,2,3,1,2020,10,1,0,0,Home Win
2020-10-24,2020,Queens Park Rangers,Birmingham City,0,0,2,2,0,0,2020,10,0,0,1,Draw
2020-10-24,2020,Reading,Rotherham United,3,0,2,2,3,3,2020,10,1,0,0,Home Win
2020-10-24,2020,Sheffield Wednesday,Luton Town,0,1,2,2,1,-1,2020,10,0,1,0,Away Win
2020-10-24,2020,Stoke City,Brentford,3,2,2,2,5,1,2020,10,1,0,0,Home Win
2020-10-24,2020,Gillingham,Fleetwood Town,0,2,3,3,2,-2,2020,10,0,1,0,Away Win
2020-10-24,2020,Blackpool,Milton Keynes Dons,1,0,3,3,1,1,2020,10,1,0,0,Home Win
2020-10-24,2020,Burton Albion,AFC Wimbledon,1,1,3,3,2,0,2020,10,0,0,1,Draw
2020-10-24,2020,Doncaster Rovers,Crewe Alexandra,1,2,3,3,3,-1,2020,10,0,1,0,Away Win
2020-10-24,2020,Hull City,Peterborough United,1,2,3,3,3,-1,2020,10,0,1,0,Away Win
2020-10-24,2020,Lincoln City,Ipswich Town,1,0,3,3,1,1,2020,10,1,0,0,Home Win
2020-10-24,2020,Northampton Town,Charlton Athletic,0,2,3,3,2,-2,2020,10,0,1,0,Away Win
2020-10-24,2020,Shrewsbury Town,Rochdale,1,2,3,3,3,-1,2020,10,0,1,0,Away Win
2020-10-24,2020,Sunderland,Portsmouth,1,3,3,3,4,-2,2020,10,0,1,0,Away Win
2020-10-24,2020,Wigan Athletic,Plymouth Argyle,1,1,3,3,2,0,2020,10,0,0,1,Draw
2020-10-24,2020,Exeter City,Scunthorpe United,3,1,4,4,4,2,2020,10,1,0,0,Home Win
2020-10-24,2020,Barrow,Walsall,2,2,4,4,4,0,2020,10,0,0,1,Draw
2020-10-24,2020,Bradford City,Newport County,0,3,4,4,3,-3,2020,10,0,1,0,Away Win
2020-10-24,2020,Cambridge United,Bolton Wanderers,1,1,4,4,2,0,2020,10,0,0,1,Draw
2020-10-24,2020,Cheltenham,Mansfield Town,0,0,4,4,0,0,2020,10,0,0,1,Draw
2020-10-24,2020,Colchester United,Harrogate Town A.F.C.,2,1,4,4,3,1,2020,10,1,0,0,Home Win
2020-10-24,2020,Grimsby Town,Carlisle United,1,1,4,4,2,0,2020,10,0,0,1,Draw
2020-10-24,2020,Morecambe,Forest Green Rovers,1,2,4,4,3,-1,2020,10,0,1,0,Away Win
2020-10-24,2020,Oldham Athletic,Port Vale,1,2,4,4,3,-1,2020,10,0,1,0,Away Win
2020-10-24,2020,Salford City,Crawley Town,1,1,4,4,2,0,2020,10,0,0,1,Draw
2020-10-24,2020,Stevenage Borough,Leyton Orient,0,2,4,4,2,-2,2020,10,0,1,0,Away Win
2020-10-24,2020,Tranmere Rovers,Southend United,2,0,4,4,2,2,2020,10,1,0,0,Home Win
2020-10-25,2020,Southampton,Everton,2,0,1,1,2,2,2020,10,1,0,0,Home Win
2020-10-25,2020,Wolverhampton Wanderers,Newcastle United,1,1,1,1,2,0,2020,10,0,0,1,Draw
2020-10-25,2020,Arsenal,Leicester City,0,1,1,1,1,-1,2020,10,0,1,0,Away Win
2020-10-26,2020,Brighton & Hove Albion,West Bromwich Albion,1,1,1,1,2,0,2020,10,0,0,1,Draw
2020-10-26,2020,Burnley,Tottenham Hotspur,0,1,1,1,1,-1,2020,10,0,1,0,Away Win
2020-10-27,2020,Barnsley,Queens Park Rangers,3,0,2,2,3,3,2020,10,1,0,0,Home Win
2020-10-27,2020,Blackburn Rovers,Reading,2,4,2,2,6,-2,2020,10,0,1,0,Away Win
2020-10-27,2020,Brentford,Norwich City,1,1,2,2,2,0,2020,10,0,0,1,Draw
2020-10-27,2020,Middlesbrough,Coventry City,2,0,2,2,2,2,2020,10,1,0,0,Home Win
2020-10-27,2020,Swansea City,Stoke City,2,0,2,2,2,2,2020,10,1,0,0,Home Win
2020-10-27,2020,Wycombe Wanderers,Watford,1,1,2,2,2,0,2020,10,0,0,1,Draw
2020-10-27,2020,AFC Wimbledon,Blackpool,1,0,3,3,1,1,2020,10,1,0,0,Home Win
2020-10-27,2020,Bristol Rovers,Hull City,1,3,3,3,4,-2,2020,10,0,1,0,Away Win
2020-10-27,2020,Charlton Athletic,Oxford United,2,0,3,3,2,2,2020,10,1,0,0,Home Win
2020-10-27,2020,Crewe Alexandra,Lincoln City,0,1,3,3,1,-1,2020,10,0,1,0,Away Win
2020-10-27,2020,Ipswich Town,Gillingham,1,0,3,3,1,1,2020,10,1,0,0,Home Win
2020-10-27,2020,Milton Keynes Dons,Wigan Athletic,2,0,3,3,2,2,2020,10,1,0,0,Home Win
2020-10-27,2020,Peterborough United,Burton Albion,2,2,3,3,4,0,2020,10,0,0,1,Draw
2020-10-27,2020,Fleetwood Town,Shrewsbury Town,1,0,3,3,1,1,2020,10,1,0,0,Home Win
2020-10-27,2020,Plymouth Argyle,Doncaster Rovers,2,1,3,3,3,1,2020,10,1,0,0,Home Win
2020-10-27,2020,Portsmouth,Northampton Town,4,0,3,3,4,4,2020,10,1,0,0,Home Win
2020-10-27,2020,Rochdale,Sunderland,2,2,3,3,4,0,2020,10,0,0,1,Draw
2020-10-27,2020,Crawley Town,Tranmere Rovers,4,0,4,4,4,4,2020,10,1,0,0,Home Win
2020-10-27,2020,Bolton Wanderers,Bradford City,1,0,4,4,1,1,2020,10,1,0,0,Home Win
2020-10-27,2020,Carlisle United,Morecambe,3,1,4,4,4,2,2020,10,1,0,0,Home Win
2020-10-27,2020,Forest Green Rovers,Grimsby Town,1,0,4,4,1,1,2020,10,1,0,0,Home Win
2020-10-27,2020,Harrogate Town A.F.C.,Stevenage Borough,0,0,4,4,0,0,2020,10,0,0,1,Draw
2020-10-27,2020,Leyton Orient,Exeter City,1,1,4,4,2,0,2020,10,0,0,1,Draw
2020-10-27,2020,Mansfield Town,Barrow,2,4,4,4,6,-2,2020,10,0,1,0,Away Win
2020-10-27,2020,Newport County,Colchester United,2,1,4,4,3,1,2020,10,1,0,0,Home Win
2020-10-27,2020,Port Vale,Cheltenham,2,1,4,4,3,1,2020,10,1,0,0,Home Win
2020-10-27,2020,Southend United,Oldham Athletic,1,2,4,4,3,-1,2020,10,0,1,0,Away Win
2020-10-27,2020,Walsall,Cambridge United,0,2,4,4,2,-2,2020,10,0,1,0,Away Win
2020-10-28,2020,Preston North End,Millwall,0,2,2,2,2,-2,2020,10,0,1,0,Away Win
2020-10-28,2020,Birmingham City,Huddersfield Town,2,1,2,2,3,1,2020,10,1,0,0,Home Win
2020-10-28,2020,AFC Bournemouth,Bristol City,1,0,2,2,1,1,2020,10,1,0,0,Home Win
2020-10-28,2020,Derby County,Cardiff City,1,1,2,2,2,0,2020,10,0,0,1,Draw
2020-10-28,2020,Luton Town,Nottingham Forest,1,1,2,2,2,0,2020,10,0,0,1,Draw
2020-10-28,2020,Rotherham United,Sheffield Wednesday,3,0,2,2,3,3,2020,10,1,0,0,Home Win
2020-10-30,2020,Wolverhampton Wanderers,Crystal Palace,2,0,1,1,2,2,2020,10,1,0,0,Home Win
2020-10-30,2020,Coventry City,Reading,3,2,2,2,5,1,2020,10,1,0,0,Home Win
2020-10-31,2020,Sheffield United,Manchester City,0,1,1,1,1,-1,2020,10,0,1,0,Away Win
2020-10-31,2020,Burnley,Chelsea,0,3,1,1,3,-3,2020,10,0,1,0,Away Win
2020-10-31,2020,Liverpool,West Ham United,2,1,1,1,3,1,2020,10,1,0,0,Home Win
2020-10-31,2020,Bristol City,Norwich City,1,3,2,2,4,-2,2020,10,0,1,0,Away Win
2020-10-31,2020,Barnsley,Watford,1,0,2,2,1,1,2020,10,1,0,0,Home Win
2020-10-31,2020,AFC Bournemouth,Derby County,1,1,2,2,2,0,2020,10,0,0,1,Draw
2020-10-31,2020,Luton Town,Brentford,0,3,2,2,3,-3,2020,10,0,1,0,Away Win
2020-10-31,2020,Middlesbrough,Nottingham Forest,1,0,2,2,1,1,2020,10,1,0,0,Home Win
2020-10-31,2020,Millwall,Huddersfield Town,0,3,2,2,3,-3,2020,10,0,1,0,Away Win
2020-10-31,2020,Preston North End,Birmingham City,1,2,2,2,3,-1,2020,10,0,1,0,Away Win
2020-10-31,2020,Queens Park Rangers,Cardiff City,3,2,2,2,5,1,2020,10,1,0,0,Home Win
2020-10-31,2020,Stoke City,Rotherham United,1,0,2,2,1,1,2020,10,1,0,0,Home Win
2020-10-31,2020,Swansea City,Blackburn Rovers,2,0,2,2,2,2,2020,10,1,0,0,Home Win
2020-10-31,2020,Wycombe Wanderers,Sheffield Wednesday,1,0,2,2,1,1,2020,10,1,0,0,Home Win
2020-10-31,2020,Gillingham,Sunderland,0,2,3,3,2,-2,2020,10,0,1,0,Away Win
2020-10-31,2020,Burton Albion,Blackpool,1,2,3,3,3,-1,2020,10,0,1,0,Away Win
2020-10-31,2020,Doncaster Rovers,Lincoln City,1,0,3,3,1,1,2020,10,1,0,0,Home Win
2020-10-31,2020,Fleetwood Town,Oxford United,2,0,3,3,2,2,2020,10,1,0,0,Home Win
2020-10-31,2020,Ipswich Town,Crewe Alexandra,1,0,3,3,1,1,2020,10,1,0,0,Home Win
2020-10-31,2020,Milton Keynes Dons,AFC Wimbledon,1,1,3,3,2,0,2020,10,0,0,1,Draw
2020-10-31,2020,Peterborough United,Shrewsbury Town,5,1,3,3,6,4,2020,10,1,0,0,Home Win
2020-10-31,2020,Portsmouth,Charlton Athletic,0,2,3,3,2,-2,2020,10,0,1,0,Away Win
2020-10-31,2020,Rochdale,Bristol Rovers,1,1,3,3,2,0,2020,10,0,0,1,Draw
2020-10-31,2020,Swindon Town,Hull City,2,1,3,3,3,1,2020,10,1,0,0,Home Win
2020-10-31,2020,Wigan Athletic,Northampton Town,2,3,3,3,5,-1,2020,10,0,1,0,Away Win
2020-10-31,2020,Exeter City,Carlisle United,1,0,4,4,1,1,2020,10,1,0,0,Home Win
2020-10-31,2020,Barrow,Bradford City,1,0,4,4,1,1,2020,10,1,0,0,Home Win
2020-10-31,2020,Cheltenham,Forest Green Rovers,2,1,4,4,3,1,2020,10,1,0,0,Home Win
2020-10-31,2020,Crawley Town,Cambridge United,2,1,4,4,3,1,2020,10,1,0,0,Home Win
2020-10-31,2020,Leyton Orient,Bolton Wanderers,4,0,4,4,4,4,2020,10,1,0,0,Home Win
2020-10-31,2020,Mansfield Town,Walsall,1,1,4,4,2,0,2020,10,0,0,1,Draw
2020-10-31,2020,Newport County,Harrogate Town A.F.C.,2,1,4,4,3,1,2020,10,1,0,0,Home Win
2020-10-31,2020,Salford City,Oldham Athletic,2,0,4,4,2,2,2020,10,1,0,0,Home Win
2020-10-31,2020,Southend United,Port Vale,0,2,4,4,2,-2,2020,10,0,1,0,Away Win
2020-10-31,2020,Stevenage Borough,Grimsby Town,0,0,4,4,0,0,2020,10,0,0,1,Draw
2020-10-31,2020,Tranmere Rovers,Morecambe,0,1,4,4,1,-1,2020,10,0,1,0,Away Win
2020-11-01,2020,Aston Villa,Southampton,3,4,1,1,7,-1,2020,11,0,1,0,Away Win
2020-11-01,2020,Newcastle United,Everton,2,1,1,1,3,1,2020,11,1,0,0,Home Win
2020-11-01,2020,Manchester United,Arsenal,0,1,1,1,1,-1,2020,11,0,1,0,Away Win
2020-11-01,2020,Tottenham Hotspur,Brighton & Hove Albion,2,1,1,1,3,1,2020,11,1,0,0,Home Win
2020-11-02,2020,Fulham,West Bromwich Albion,2,0,1,1,2,2,2020,11,1,0,0,Home Win
2020-11-02,2020,Leeds United,Leicester City,1,4,1,1,5,-3,2020,11,0,1,0,Away Win
2020-11-03,2020,Brentford,Swansea City,1,1,2,2,2,0,2020,11,0,0,1,Draw
2020-11-03,2020,Huddersfield Town,Bristol City,1,2,2,2,3,-1,2020,11,0,1,0,Away Win
2020-11-03,2020,Norwich City,Millwall,0,0,2,2,0,0,2020,11,0,0,1,Draw
2020-11-03,2020,Sheffield Wednesday,AFC Bournemouth,1,0,2,2,1,1,2020,11,1,0,0,Home Win
2020-11-03,2020,Blackburn Rovers,Middlesbrough,0,0,2,2,0,0,2020,11,0,0,1,Draw
2020-11-03,2020,Cardiff City,Barnsley,3,0,2,2,3,3,2020,11,1,0,0,Home Win
2020-11-03,2020,Shrewsbury Town,Burton Albion,1,1,3,3,2,0,2020,11,0,0,1,Draw
2020-11-03,2020,Blackpool,Wigan Athletic,1,0,3,3,1,1,2020,11,1,0,0,Home Win
2020-11-03,2020,Bristol Rovers,Peterborough United,0,2,3,3,2,-2,2020,11,0,1,0,Away Win
2020-11-03,2020,Charlton Athletic,Fleetwood Town,3,2,3,3,5,1,2020,11,1,0,0,Home Win
2020-11-03,2020,Crewe Alexandra,Gillingham,0,1,3,3,1,-1,2020,11,0,1,0,Away Win
2020-11-03,2020,Lincoln City,Portsmouth,1,3,3,3,4,-2,2020,11,0,1,0,Away Win
2020-11-03,2020,Oxford United,Rochdale,3,1,3,3,4,2,2020,11,1,0,0,Home Win
2020-11-03,2020,Plymouth Argyle,Swindon Town,4,2,3,3,6,2,2020,11,1,0,0,Home Win
2020-11-03,2020,Sunderland,Ipswich Town,2,1,3,3,3,1,2020,11,1,0,0,Home Win
2020-11-03,2020,AFC Wimbledon,Doncaster Rovers,2,2,3,3,4,0,2020,11,0,0,1,Draw
2020-11-03,2020,Northampton Town,Milton Keynes Dons,0,0,3,3,0,0,2020,11,0,0,1,Draw
2020-11-03,2020,Oldham Athletic,Cheltenham,2,1,4,4,3,1,2020,11,1,0,0,Home Win
2020-11-03,2020,Morecambe,Exeter City,2,2,4,4,4,0,2020,11,0,0,1,Draw
2020-11-03,2020,Bolton Wanderers,Mansfield Town,1,1,4,4,2,0,2020,11,0,0,1,Draw
2020-11-03,2020,Bradford City,Southend United,3,0,4,4,3,3,2020,11,1,0,0,Home Win
2020-11-03,2020,Cambridge United,Salford City,2,1,4,4,3,1,2020,11,1,0,0,Home Win
2020-11-03,2020,Carlisle United,Newport County,3,2,4,4,5,1,2020,11,1,0,0,Home Win
2020-11-03,2020,Colchester United,Stevenage Borough,3,1,4,4,4,2,2020,11,1,0,0,Home Win
2020-11-03,2020,Forest Green Rovers,Leyton Orient,2,1,4,4,3,1,2020,11,1,0,0,Home Win
2020-11-03,2020,Grimsby Town,Barrow,1,0,4,4,1,1,2020,11,1,0,0,Home Win
2020-11-03,2020,Harrogate Town A.F.C.,Tranmere Rovers,0,1,4,4,1,-1,2020,11,0,1,0,Away Win
2020-11-03,2020,Walsall,Crawley Town,1,0,4,4,1,1,2020,11,1,0,0,Home Win
2020-11-04,2020,Reading,Preston North End,0,3,2,2,3,-3,2020,11,0,1,0,Away Win
2020-11-04,2020,Watford,Stoke City,3,2,2,2,5,1,2020,11,1,0,0,Home Win
2020-11-04,2020,Birmingham City,Wycombe Wanderers,1,2,2,2,3,-1,2020,11,0,1,0,Away Win
2020-11-04,2020,Derby County,Queens Park Rangers,0,1,2,2,1,-1,2020,11,0,1,0,Away Win
2020-11-04,2020,Nottingham Forest,Coventry City,2,1,2,2,3,1,2020,11,1,0,0,Home Win
2020-11-04,2020,Rotherham United,Luton Town,0,1,2,2,1,-1,2020,11,0,1,0,Away Win
2020-11-06,2020,Brighton & Hove Albion,Burnley,0,0,1,1,0,0,2020,11,0,0,1,Draw
2020-11-06,2020,Southampton,Newcastle United,2,0,1,1,2,2,2020,11,1,0,0,Home Win
2020-11-06,2020,Cardiff City,Bristol City,0,1,2,2,1,-1,2020,11,0,1,0,Away Win
2020-11-07,2020,Everton,Manchester United,1,3,1,1,4,-2,2020,11,0,1,0,Away Win
2020-11-07,2020,Crystal Palace,Leeds United,4,1,1,1,5,3,2020,11,1,0,0,Home Win
2020-11-07,2020,Chelsea,Sheffield United,4,1,1,1,5,3,2020,11,1,0,0,Home Win
2020-11-07,2020,West Ham United,Fulham,1,0,1,1,1,1,2020,11,1,0,0,Home Win
2020-11-07,2020,Reading,Stoke City,0,3,2,2,3,-3,2020,11,0,1,0,Away Win
2020-11-07,2020,Birmingham City,AFC Bournemouth,1,3,2,2,4,-2,2020,11,0,1,0,Away Win
2020-11-07,2020,Blackburn Rovers,Queens Park Rangers,3,1,2,2,4,2,2020,11,1,0,0,Home Win
2020-11-07,2020,Brentford,Middlesbrough,0,0,2,2,0,0,2020,11,0,0,1,Draw
2020-11-07,2020,Derby County,Barnsley,0,2,2,2,2,-2,2020,11,0,1,0,Away Win
2020-11-07,2020,Huddersfield Town,Luton Town,1,1,2,2,2,0,2020,11,0,0,1,Draw
2020-11-07,2020,Norwich City,Swansea City,1,0,2,2,1,1,2020,11,1,0,0,Home Win
2020-11-07,2020,Nottingham Forest,Wycombe Wanderers,2,0,2,2,2,2,2020,11,1,0,0,Home Win
2020-11-07,2020,Rotherham United,Preston North End,2,1,2,2,3,1,2020,11,1,0,0,Home Win
2020-11-07,2020,Sheffield Wednesday,Millwall,0,0,2,2,0,0,2020,11,0,0,1,Draw
2020-11-07,2020,Watford,Coventry City,3,2,2,2,5,1,2020,11,1,0,0,Home Win
2020-11-08,2020,West Bromwich Albion,Tottenham Hotspur,0,1,1,1,1,-1,2020,11,0,1,0,Away Win
2020-11-08,2020,Leicester City,Wolverhampton Wanderers,1,0,1,1,1,1,2020,11,1,0,0,Home Win
2020-11-08,2020,Manchester City,Liverpool,1,1,1,1,2,0,2020,11,0,0,1,Draw
2020-11-08,2020,Arsenal,Aston Villa,0,3,1,1,3,-3,2020,11,0,1,0,Away Win
2020-11-13,2020,Bolton Wanderers,Salford City,2,0,4,4,2,2,2020,11,1,0,0,Home Win
2020-11-14,2020,Bristol Rovers,Fleetwood Town,1,4,3,3,5,-3,2020,11,0,1,0,Away Win
2020-11-14,2020,Crewe Alexandra,Peterborough United,2,0,3,3,2,2,2020,11,1,0,0,Home Win
2020-11-14,2020,Hull City,Burton Albion,2,0,3,3,2,2,2020,11,1,0,0,Home Win
2020-11-14,2020,Northampton Town,Accrington,0,1,3,3,1,-1,2020,11,0,1,0,Away Win
2020-11-14,2020,Shrewsbury Town,Swindon Town,3,3,3,3,6,0,2020,11,0,0,1,Draw
2020-11-14,2020,Sunderland,Milton Keynes Dons,1,2,3,3,3,-1,2020,11,0,1,0,Away Win
2020-11-14,2020,Bradford City,Exeter City,2,2,4,4,4,0,2020,11,0,0,1,Draw
2020-11-14,2020,Cambridge United,Barrow,1,1,4,4,2,0,2020,11,0,0,1,Draw
2020-11-14,2020,Carlisle United,Cheltenham,1,2,4,4,3,-1,2020,11,0,1,0,Away Win
2020-11-14,2020,Colchester United,Leyton Orient,2,1,4,4,3,1,2020,11,1,0,0,Home Win
2020-11-14,2020,Forest Green Rovers,Mansfield Town,1,2,4,4,3,-1,2020,11,0,1,0,Away Win
2020-11-14,2020,Harrogate Town A.F.C.,Crawley Town,1,1,4,4,2,0,2020,11,0,0,1,Draw
2020-11-14,2020,Morecambe,Stevenage Borough,1,1,4,4,2,0,2020,11,0,0,1,Draw
2020-11-14,2020,Oldham Athletic,Scunthorpe United,0,2,4,4,2,-2,2020,11,0,1,0,Away Win
2020-11-14,2020,Port Vale,Tranmere Rovers,3,4,4,4,7,-1,2020,11,0,1,0,Away Win
2020-11-14,2020,Walsall,Southend United,0,1,4,4,1,-1,2020,11,0,1,0,Away Win
2020-11-16,2020,Plymouth Argyle,Portsmouth,2,2,3,3,4,0,2020,11,0,0,1,Draw
2020-11-17,2020,Oxford United,Crewe Alexandra,0,2,3,3,2,-2,2020,11,0,1,0,Away Win
2020-11-17,2020,Swindon Town,Accrington,0,3,3,3,3,-3,2020,11,0,1,0,Away Win
2020-11-17,2020,Port Vale,Scunthorpe United,0,1,4,4,1,-1,2020,11,0,1,0,Away Win
2020-11-20,2020,Coventry City,Birmingham City,0,0,2,2,0,0,2020,11,0,0,1,Draw
2020-11-20,2020,Mansfield Town,Colchester United,1,1,4,4,2,0,2020,11,0,0,1,Draw
2020-11-21,2020,Newcastle United,Chelsea,0,2,1,1,2,-2,2020,11,0,1,0,Away Win
2020-11-21,2020,Aston Villa,Brighton & Hove Albion,1,2,1,1,3,-1,2020,11,0,1,0,Away Win
2020-11-21,2020,Tottenham Hotspur,Manchester City,2,0,1,1,2,2,2020,11,1,0,0,Home Win
2020-11-21,2020,Manchester United,West Bromwich Albion,1,0,1,1,1,1,2020,11,1,0,0,Home Win
2020-11-21,2020,AFC Bournemouth,Reading,4,2,2,2,6,2,2020,11,1,0,0,Home Win
2020-11-21,2020,Barnsley,Nottingham Forest,2,0,2,2,2,2,2020,11,1,0,0,Home Win
2020-11-21,2020,Bristol City,Derby County,1,0,2,2,1,1,2020,11,1,0,0,Home Win
2020-11-21,2020,Luton Town,Blackburn Rovers,1,1,2,2,2,0,2020,11,0,0,1,Draw
2020-11-21,2020,Middlesbrough,Norwich City,0,1,2,2,1,-1,2020,11,0,1,0,Away Win
2020-11-21,2020,Millwall,Cardiff City,1,1,2,2,2,0,2020,11,0,0,1,Draw
2020-11-21,2020,Preston North End,Sheffield Wednesday,1,0,2,2,1,1,2020,11,1,0,0,Home Win
2020-11-21,2020,Queens Park Rangers,Watford,1,1,2,2,2,0,2020,11,0,0,1,Draw
2020-11-21,2020,Stoke City,Huddersfield Town,4,3,2,2,7,1,2020,11,1,0,0,Home Win
2020-11-21,2020,Swansea City,Rotherham United,1,0,2,2,1,1,2020,11,1,0,0,Home Win
2020-11-21,2020,Wycombe Wanderers,Brentford,0,0,2,2,0,0,2020,11,0,0,1,Draw
2020-11-21,2020,Gillingham,Charlton Athletic,1,1,3,3,2,0,2020,11,0,0,1,Draw
2020-11-21,2020,Accrington,Lincoln City,0,0,3,3,0,0,2020,11,0,0,1,Draw
2020-11-21,2020,Burton Albion,Northampton Town,1,3,3,3,4,-2,2020,11,0,1,0,Away Win
2020-11-21,2020,Doncaster Rovers,Sunderland,1,1,3,3,2,0,2020,11,0,0,1,Draw
2020-11-21,2020,Fleetwood Town,Plymouth Argyle,5,1,3,3,6,4,2020,11,1,0,0,Home Win
2020-11-21,2020,Ipswich Town,Shrewsbury Town,2,1,3,3,3,1,2020,11,1,0,0,Home Win
2020-11-21,2020,Milton Keynes Dons,Hull City,1,3,3,3,4,-2,2020,11,0,1,0,Away Win
2020-11-21,2020,Peterborough United,Blackpool,1,2,3,3,3,-1,2020,11,0,1,0,Away Win
2020-11-21,2020,Portsmouth,Crewe Alexandra,4,1,3,3,5,3,2020,11,1,0,0,Home Win
2020-11-21,2020,Rochdale,AFC Wimbledon,0,1,3,3,1,-1,2020,11,0,1,0,Away Win
2020-11-21,2020,Swindon Town,Bristol Rovers,1,0,3,3,1,1,2020,11,1,0,0,Home Win
2020-11-21,2020,Wigan Athletic,Oxford United,1,2,3,3,3,-1,2020,11,0,1,0,Away Win
2020-11-21,2020,Crawley Town,Carlisle United,0,3,4,4,3,-3,2020,11,0,1,0,Away Win
2020-11-21,2020,Barrow,Forest Green Rovers,2,2,4,4,4,0,2020,11,0,0,1,Draw
2020-11-21,2020,Cheltenham,Walsall,3,0,4,4,3,3,2020,11,1,0,0,Home Win
2020-11-21,2020,Exeter City,Oldham Athletic,1,2,4,4,3,-1,2020,11,0,1,0,Away Win
2020-11-21,2020,Leyton Orient,Harrogate Town A.F.C.,3,0,4,4,3,3,2020,11,1,0,0,Home Win
2020-11-21,2020,Newport County,Port Vale,1,0,4,4,1,1,2020,11,1,0,0,Home Win
2020-11-21,2020,Salford City,Bradford City,3,0,4,4,3,3,2020,11,1,0,0,Home Win
2020-11-21,2020,Scunthorpe United,Morecambe,1,1,4,4,2,0,2020,11,0,0,1,Draw
2020-11-21,2020,Stevenage Borough,Bolton Wanderers,1,2,4,4,3,-1,2020,11,0,1,0,Away Win
2020-11-21,2020,Tranmere Rovers,Grimsby Town,5,0,4,4,5,5,2020,11,1,0,0,Home Win
2020-11-22,2020,Fulham,Everton,2,3,1,1,5,-1,2020,11,0,1,0,Away Win
2020-11-22,2020,Sheffield United,West Ham United,0,1,1,1,1,-1,2020,11,0,1,0,Away Win
2020-11-22,2020,Leeds United,Arsenal,0,0,1,1,0,0,2020,11,0,0,1,Draw
2020-11-22,2020,Liverpool,Leicester City,3,0,1,1,3,3,2020,11,1,0,0,Home Win
2020-11-23,2020,Burnley,Crystal Palace,1,0,1,1,1,1,2020,11,1,0,0,Home Win
2020-11-23,2020,Wolverhampton Wanderers,Southampton,1,1,1,1,2,0,2020,11,0,0,1,Draw
2020-11-24,2020,Luton Town,Birmingham City,1,1,2,2,2,0,2020,11,0,0,1,Draw
2020-11-24,2020,Queens Park Rangers,Rotherham United,3,2,2,2,5,1,2020,11,1,0,0,Home Win
2020-11-24,2020,Stoke City,Norwich City,2,3,2,2,5,-1,2020,11,0,1,0,Away Win
2020-11-24,2020,Wycombe Wanderers,Huddersfield Town,0,0,2,2,0,0,2020,11,0,0,1,Draw
2020-11-24,2020,Barnsley,Brentford,0,1,2,2,1,-1,2020,11,0,1,0,Away Win
2020-11-24,2020,Preston North End,Blackburn Rovers,0,3,2,2,3,-3,2020,11,0,1,0,Away Win
2020-11-24,2020,AFC Bournemouth,Nottingham Forest,2,0,2,2,2,2,2020,11,1,0,0,Home Win
2020-11-24,2020,Gillingham,AFC Wimbledon,2,1,3,3,3,1,2020,11,1,0,0,Home Win
2020-11-24,2020,Accrington,Crewe Alexandra,1,0,3,3,1,1,2020,11,1,0,0,Home Win
2020-11-24,2020,Burton Albion,Charlton Athletic,4,2,3,3,6,2,2020,11,1,0,0,Home Win
2020-11-24,2020,Doncaster Rovers,Blackpool,3,2,3,3,5,1,2020,11,1,0,0,Home Win
2020-11-24,2020,Ipswich Town,Hull City,0,3,3,3,3,-3,2020,11,0,1,0,Away Win
2020-11-24,2020,Milton Keynes Dons,Shrewsbury Town,2,2,3,3,4,0,2020,11,0,0,1,Draw
2020-11-24,2020,Peterborough United,Plymouth Argyle,1,0,3,3,1,1,2020,11,1,0,0,Home Win
2020-11-24,2020,Portsmouth,Oxford United,1,1,3,3,2,0,2020,11,0,0,1,Draw
2020-11-24,2020,Rochdale,Northampton Town,1,1,3,3,2,0,2020,11,0,0,1,Draw
2020-11-24,2020,Swindon Town,Lincoln City,0,1,3,3,1,-1,2020,11,0,1,0,Away Win
2020-11-24,2020,Wigan Athletic,Bristol Rovers,0,0,3,3,0,0,2020,11,0,0,1,Draw
2020-11-24,2020,Barrow,Oldham Athletic,3,4,4,4,7,-1,2020,11,0,1,0,Away Win
2020-11-24,2020,Cheltenham,Cambridge United,1,1,4,4,2,0,2020,11,0,0,1,Draw
2020-11-24,2020,Crawley Town,Grimsby Town,1,2,4,4,3,-1,2020,11,0,1,0,Away Win
2020-11-24,2020,Exeter City,Colchester United,6,1,4,4,7,5,2020,11,1,0,0,Home Win
2020-11-24,2020,Leyton Orient,Bradford City,1,0,4,4,1,1,2020,11,1,0,0,Home Win
2020-11-24,2020,Mansfield Town,Harrogate Town A.F.C.,0,1,4,4,1,-1,2020,11,0,1,0,Away Win
2020-11-24,2020,Newport County,Walsall,1,1,4,4,2,0,2020,11,0,0,1,Draw
2020-11-24,2020,Salford City,Morecambe,2,1,4,4,3,1,2020,11,1,0,0,Home Win
2020-11-24,2020,Scunthorpe United,Bolton Wanderers,0,1,4,4,1,-1,2020,11,0,1,0,Away Win
2020-11-24,2020,Southend United,Forest Green Rovers,0,1,4,4,1,-1,2020,11,0,1,0,Away Win
2020-11-24,2020,Stevenage Borough,Port Vale,2,1,4,4,3,1,2020,11,1,0,0,Home Win
2020-11-24,2020,Tranmere Rovers,Carlisle United,1,0,4,4,1,1,2020,11,1,0,0,Home Win
2020-11-25,2020,Middlesbrough,Derby County,3,0,2,2,3,3,2020,11,1,0,0,Home Win
2020-11-25,2020,Millwall,Reading,1,1,2,2,2,0,2020,11,0,0,1,Draw
2020-11-25,2020,Bristol City,Watford,0,0,2,2,0,0,2020,11,0,0,1,Draw
2020-11-25,2020,Coventry City,Cardiff City,1,0,2,2,1,1,2020,11,1,0,0,Home Win
2020-11-25,2020,Swansea City,Sheffield Wednesday,1,1,2,2,2,0,2020,11,0,0,1,Draw
2020-11-27,2020,Crystal Palace,Newcastle United,0,2,1,1,2,-2,2020,11,0,1,0,Away Win
2020-11-27,2020,Brentford,Queens Park Rangers,2,1,2,2,3,1,2020,11,1,0,0,Home Win
2020-11-27,2020,Fleetwood Town,Sunderland,1,1,3,3,2,0,2020,11,0,0,1,Draw
2020-11-28,2020,Brighton & Hove Albion,Liverpool,1,1,1,1,2,0,2020,11,0,0,1,Draw
2020-11-28,2020,Manchester City,Burnley,5,0,1,1,5,5,2020,11,1,0,0,Home Win
2020-11-28,2020,Everton,Leeds United,0,1,1,1,1,-1,2020,11,0,1,0,Away Win
2020-11-28,2020,West Bromwich Albion,Sheffield United,1,0,1,1,1,1,2020,11,1,0,0,Home Win
2020-11-28,2020,Reading,Bristol City,3,1,2,2,4,2,2020,11,1,0,0,Home Win
2020-11-28,2020,Birmingham City,Millwall,0,0,2,2,0,0,2020,11,0,0,1,Draw
2020-11-28,2020,Blackburn Rovers,Barnsley,2,1,2,2,3,1,2020,11,1,0,0,Home Win
2020-11-28,2020,Cardiff City,Luton Town,4,0,2,2,4,4,2020,11,1,0,0,Home Win
2020-11-28,2020,Derby County,Wycombe Wanderers,1,1,2,2,2,0,2020,11,0,0,1,Draw
2020-11-28,2020,Huddersfield Town,Middlesbrough,3,2,2,2,5,1,2020,11,1,0,0,Home Win
2020-11-28,2020,Norwich City,Coventry City,1,1,2,2,2,0,2020,11,0,0,1,Draw
2020-11-28,2020,Rotherham United,AFC Bournemouth,2,2,2,2,4,0,2020,11,0,0,1,Draw
2020-11-28,2020,Sheffield Wednesday,Stoke City,0,0,2,2,0,0,2020,11,0,0,1,Draw
2020-11-28,2020,Watford,Preston North End,4,1,2,2,5,3,2020,11,1,0,0,Home Win
2020-11-28,2020,Ipswich Town,Charlton Athletic,0,2,3,3,2,-2,2020,11,0,1,0,Away Win
2020-11-28,2020,Oxford United,Swindon Town,1,2,3,3,3,-1,2020,11,0,1,0,Away Win
2020-11-28,2020,Port Vale,Leyton Orient,2,3,4,4,5,-1,2020,11,0,1,0,Away Win
2020-11-28,2020,Bolton Wanderers,Southend United,3,0,4,4,3,3,2020,11,1,0,0,Home Win
2020-11-29,2020,Southampton,Manchester United,2,3,1,1,5,-1,2020,11,0,1,0,Away Win
2020-11-29,2020,Chelsea,Tottenham Hotspur,0,0,1,1,0,0,2020,11,0,0,1,Draw
2020-11-29,2020,Arsenal,Wolverhampton Wanderers,1,2,1,1,3,-1,2020,11,0,1,0,Away Win
2020-11-29,2020,Nottingham Forest,Swansea City,0,1,2,2,1,-1,2020,11,0,1,0,Away Win
2020-11-30,2020,Leicester City,Fulham,1,2,1,1,3,-1,2020,11,0,1,0,Away Win
2020-11-30,2020,West Ham United,Aston Villa,2,1,1,1,3,1,2020,11,1,0,0,Home Win
2020-12-01,2020,Cardiff City,Huddersfield Town,3,0,2,2,3,3,2020,12,1,0,0,Home Win
2020-12-01,2020,Birmingham City,Barnsley,1,2,2,2,3,-1,2020,12,0,1,0,Away Win
2020-12-01,2020,AFC Bournemouth,Preston North End,2,3,2,2,5,-1,2020,12,0,1,0,Away Win
2020-12-01,2020,Derby County,Coventry City,1,1,2,2,2,0,2020,12,0,0,1,Draw
2020-12-01,2020,Queens Park Rangers,Bristol City,1,2,2,2,3,-1,2020,12,0,1,0,Away Win
2020-12-01,2020,Rotherham United,Brentford,0,2,2,2,2,-2,2020,12,0,1,0,Away Win
2020-12-01,2020,Blackpool,Portsmouth,1,0,3,3,1,1,2020,12,1,0,0,Home Win
2020-12-01,2020,Crewe Alexandra,Swindon Town,4,2,3,3,6,2,2020,12,1,0,0,Home Win
2020-12-01,2020,Lincoln City,Wigan Athletic,2,1,3,3,3,1,2020,12,1,0,0,Home Win
2020-12-01,2020,Oxford United,Ipswich Town,0,0,3,3,0,0,2020,12,0,0,1,Draw
2020-12-01,2020,Sunderland,Burton Albion,1,1,3,3,2,0,2020,12,0,0,1,Draw
2020-12-01,2020,Northampton Town,Fleetwood Town,1,0,3,3,1,1,2020,12,1,0,0,Home Win
2020-12-01,2020,Plymouth Argyle,Rochdale,0,4,3,3,4,-4,2020,12,0,1,0,Away Win
2020-12-01,2020,Morecambe,Barrow,1,0,4,4,1,1,2020,12,1,0,0,Home Win
2020-12-01,2020,Bradford City,Cheltenham,1,2,4,4,3,-1,2020,12,0,1,0,Away Win
2020-12-01,2020,Colchester United,Crawley Town,1,1,4,4,2,0,2020,12,0,0,1,Draw
2020-12-01,2020,Forest Green Rovers,Newport County,1,1,4,4,2,0,2020,12,0,0,1,Draw
2020-12-01,2020,Grimsby Town,Exeter City,1,4,4,4,5,-3,2020,12,0,1,0,Away Win
2020-12-01,2020,Harrogate Town A.F.C.,Scunthorpe United,2,5,4,4,7,-3,2020,12,0,1,0,Away Win
2020-12-01,2020,Oldham Athletic,Tranmere Rovers,0,1,4,4,1,-1,2020,12,0,1,0,Away Win
2020-12-02,2020,Middlesbrough,Swansea City,2,1,2,2,3,1,2020,12,1,0,0,Home Win
2020-12-02,2020,Blackburn Rovers,Millwall,2,1,2,2,3,1,2020,12,1,0,0,Home Win
2020-12-02,2020,Luton Town,Norwich City,3,1,2,2,4,2,2020,12,1,0,0,Home Win
2020-12-02,2020,Nottingham Forest,Watford,0,0,2,2,0,0,2020,12,0,0,1,Draw
2020-12-02,2020,Sheffield Wednesday,Reading,1,1,2,2,2,0,2020,12,0,0,1,Draw
2020-12-02,2020,Wycombe Wanderers,Stoke City,0,1,2,2,1,-1,2020,12,0,1,0,Away Win
2020-12-02,2020,AFC Wimbledon,Peterborough United,2,1,3,3,3,1,2020,12,1,0,0,Home Win
2020-12-02,2020,Bristol Rovers,Gillingham,0,2,3,3,2,-2,2020,12,0,1,0,Away Win
2020-12-02,2020,Hull City,Doncaster Rovers,2,1,3,3,3,1,2020,12,1,0,0,Home Win
2020-12-02,2020,Charlton Athletic,Milton Keynes Dons,0,1,3,3,1,-1,2020,12,0,1,0,Away Win
2020-12-02,2020,Shrewsbury Town,Accrington,2,2,3,3,4,0,2020,12,0,0,1,Draw
2020-12-02,2020,Carlisle United,Salford City,2,1,4,4,3,1,2020,12,1,0,0,Home Win
2020-12-02,2020,Walsall,Stevenage Borough,1,1,4,4,2,0,2020,12,0,0,1,Draw
2020-12-02,2020,Cambridge United,Mansfield Town,0,1,4,4,1,-1,2020,12,0,1,0,Away Win
2020-12-04,2020,Barnsley,AFC Bournemouth,0,4,2,2,4,-4,2020,12,0,1,0,Away Win
2020-12-05,2020,Burnley,Everton,1,1,1,1,2,0,2020,12,0,0,1,Draw
2020-12-05,2020,Manchester City,Fulham,2,0,1,1,2,2,2020,12,1,0,0,Home Win
2020-12-05,2020,West Ham United,Manchester United,1,3,1,1,4,-2,2020,12,0,1,0,Away Win
2020-12-05,2020,Chelsea,Leeds United,3,1,1,1,4,2,2020,12,1,0,0,Home Win
2020-12-05,2020,Reading,Nottingham Forest,2,0,2,2,2,2,2020,12,1,0,0,Home Win
2020-12-05,2020,Brentford,Blackburn Rovers,2,2,2,2,4,0,2020,12,0,0,1,Draw
2020-12-05,2020,Bristol City,Birmingham City,0,1,2,2,1,-1,2020,12,0,1,0,Away Win
2020-12-05,2020,Coventry City,Rotherham United,3,1,2,2,4,2,2020,12,1,0,0,Home Win
2020-12-05,2020,Huddersfield Town,Queens Park Rangers,2,0,2,2,2,2,2020,12,1,0,0,Home Win
2020-12-05,2020,Millwall,Derby County,0,1,2,2,1,-1,2020,12,0,1,0,Away Win
2020-12-05,2020,Norwich City,Sheffield Wednesday,2,1,2,2,3,1,2020,12,1,0,0,Home Win
2020-12-05,2020,Preston North End,Wycombe Wanderers,2,2,2,2,4,0,2020,12,0,0,1,Draw
2020-12-05,2020,Stoke City,Middlesbrough,1,0,2,2,1,1,2020,12,1,0,0,Home Win
2020-12-05,2020,Swansea City,Luton Town,2,0,2,2,2,2,2020,12,1,0,0,Home Win
2020-12-05,2020,Watford,Cardiff City,0,1,2,2,1,-1,2020,12,0,1,0,Away Win
2020-12-05,2020,Gillingham,Swindon Town,2,0,3,3,2,2,2020,12,1,0,0,Home Win
2020-12-05,2020,Accrington,Milton Keynes Dons,2,1,3,3,3,1,2020,12,1,0,0,Home Win
2020-12-05,2020,AFC Wimbledon,Bristol Rovers,2,4,3,3,6,-2,2020,12,0,1,0,Away Win
2020-12-05,2020,Burton Albion,Crewe Alexandra,1,1,3,3,2,0,2020,12,0,0,1,Draw
2020-12-05,2020,Fleetwood Town,Blackpool,0,1,3,3,1,-1,2020,12,0,1,0,Away Win
2020-12-05,2020,Northampton Town,Doncaster Rovers,0,2,3,3,2,-2,2020,12,0,1,0,Away Win
2020-12-05,2020,Oxford United,Hull City,1,1,3,3,2,0,2020,12,0,0,1,Draw
2020-12-05,2020,Plymouth Argyle,Ipswich Town,1,2,3,3,3,-1,2020,12,0,1,0,Away Win
2020-12-05,2020,Portsmouth,Peterborough United,2,0,3,3,2,2,2020,12,1,0,0,Home Win
2020-12-05,2020,Rochdale,Lincoln City,0,2,3,3,2,-2,2020,12,0,1,0,Away Win
2020-12-05,2020,Shrewsbury Town,Charlton Athletic,1,1,3,3,2,0,2020,12,0,0,1,Draw
2020-12-05,2020,Sunderland,Wigan Athletic,0,1,3,3,1,-1,2020,12,0,1,0,Away Win
2020-12-05,2020,Scunthorpe United,Leyton Orient,2,0,4,4,2,2,2020,12,1,0,0,Home Win
2020-12-05,2020,Barrow,Salford City,0,1,4,4,1,-1,2020,12,0,1,0,Away Win
2020-12-05,2020,Bolton Wanderers,Port Vale,3,6,4,4,9,-3,2020,12,0,1,0,Away Win
2020-12-05,2020,Bradford City,Carlisle United,0,1,4,4,1,-1,2020,12,0,1,0,Away Win
2020-12-05,2020,Cambridge United,Oldham Athletic,1,2,4,4,3,-1,2020,12,0,1,0,Away Win
2020-12-05,2020,Cheltenham,Exeter City,5,3,4,4,8,2,2020,12,1,0,0,Home Win
2020-12-05,2020,Harrogate Town A.F.C.,Forest Green Rovers,0,1,4,4,1,-1,2020,12,0,1,0,Away Win
2020-12-05,2020,Mansfield Town,Crawley Town,3,3,4,4,6,0,2020,12,0,0,1,Draw
2020-12-05,2020,Newport County,Morecambe,2,1,4,4,3,1,2020,12,1,0,0,Home Win
2020-12-05,2020,Stevenage Borough,Southend United,0,0,4,4,0,0,2020,12,0,0,1,Draw
2020-12-05,2020,Tranmere Rovers,Walsall,1,3,4,4,4,-2,2020,12,0,1,0,Away Win
2020-12-05,2020,Colchester United,Grimsby Town,2,1,4,4,3,1,2020,12,1,0,0,Home Win
2020-12-06,2020,West Bromwich Albion,Crystal Palace,1,5,1,1,6,-4,2020,12,0,1,0,Away Win
2020-12-06,2020,Sheffield United,Leicester City,1,2,1,1,3,-1,2020,12,0,1,0,Away Win
2020-12-06,2020,Tottenham Hotspur,Arsenal,2,0,1,1,2,2,2020,12,1,0,0,Home Win
2020-12-06,2020,Liverpool,Wolverhampton Wanderers,4,0,1,1,4,4,2020,12,1,0,0,Home Win
2020-12-07,2020,Brighton & Hove Albion,Southampton,1,2,1,1,3,-1,2020,12,0,1,0,Away Win
2020-12-08,2020,Coventry City,Luton Town,0,0,2,2,0,0,2020,12,0,0,1,Draw
2020-12-08,2020,Huddersfield Town,Sheffield Wednesday,2,0,2,2,2,2,2020,12,1,0,0,Home Win
2020-12-08,2020,Millwall,Queens Park Rangers,1,1,2,2,2,0,2020,12,0,0,1,Draw
2020-12-08,2020,Stoke City,Cardiff City,1,2,2,2,3,-1,2020,12,0,1,0,Away Win
2020-12-08,2020,Swansea City,AFC Bournemouth,0,0,2,2,0,0,2020,12,0,0,1,Draw
2020-12-08,2020,Watford,Rotherham United,2,0,2,2,2,2,2020,12,1,0,0,Home Win
2020-12-08,2020,Grimsby Town,Newport County,0,2,4,4,2,-2,2020,12,0,1,0,Away Win
2020-12-08,2020,Scunthorpe United,Colchester United,0,1,4,4,1,-1,2020,12,0,1,0,Away Win
2020-12-09,2020,Preston North End,Middlesbrough,3,0,2,2,3,3,2020,12,1,0,0,Home Win
2020-12-09,2020,Barnsley,Wycombe Wanderers,2,1,2,2,3,1,2020,12,1,0,0,Home Win
2020-12-09,2020,Brentford,Derby County,0,0,2,2,0,0,2020,12,0,0,1,Draw
2020-12-09,2020,Bristol City,Blackburn Rovers,1,0,2,2,1,1,2020,12,1,0,0,Home Win
2020-12-09,2020,Norwich City,Nottingham Forest,2,1,2,2,3,1,2020,12,1,0,0,Home Win
2020-12-09,2020,Reading,Birmingham City,1,2,2,2,3,-1,2020,12,0,1,0,Away Win
2020-12-11,2020,Leeds United,West Ham United,1,2,1,1,3,-1,2020,12,0,1,0,Away Win
2020-12-12,2020,Wolverhampton Wanderers,Aston Villa,0,1,1,1,1,-1,2020,12,0,1,0,Away Win
2020-12-12,2020,Newcastle United,West Bromwich Albion,2,1,1,1,3,1,2020,12,1,0,0,Home Win
2020-12-12,2020,Manchester United,Manchester City,0,0,1,1,0,0,2020,12,0,0,1,Draw
2020-12-12,2020,Everton,Chelsea,1,0,1,1,1,1,2020,12,1,0,0,Home Win
2020-12-12,2020,Cardiff City,Swansea City,0,2,2,2,2,-2,2020,12,0,1,0,Away Win
2020-12-12,2020,Birmingham City,Watford,0,1,2,2,1,-1,2020,12,0,1,0,Away Win
2020-12-12,2020,Blackburn Rovers,Norwich City,1,2,2,2,3,-1,2020,12,0,1,0,Away Win
2020-12-12,2020,AFC Bournemouth,Huddersfield Town,5,0,2,2,5,5,2020,12,1,0,0,Home Win
2020-12-12,2020,Derby County,Stoke City,0,0,2,2,0,0,2020,12,0,0,1,Draw
2020-12-12,2020,Luton Town,Preston North End,3,0,2,2,3,3,2020,12,1,0,0,Home Win
2020-12-12,2020,Middlesbrough,Millwall,3,0,2,2,3,3,2020,12,1,0,0,Home Win
2020-12-12,2020,Nottingham Forest,Brentford,1,3,2,2,4,-2,2020,12,0,1,0,Away Win
2020-12-12,2020,Queens Park Rangers,Reading,0,1,2,2,1,-1,2020,12,0,1,0,Away Win
2020-12-12,2020,Rotherham United,Bristol City,2,0,2,2,2,2,2020,12,1,0,0,Home Win
2020-12-12,2020,Sheffield Wednesday,Barnsley,1,2,2,2,3,-1,2020,12,0,1,0,Away Win
2020-12-12,2020,Wycombe Wanderers,Coventry City,1,2,2,2,3,-1,2020,12,0,1,0,Away Win
2020-12-12,2020,Blackpool,Oxford United,0,0,3,3,0,0,2020,12,0,0,1,Draw
2020-12-12,2020,Bristol Rovers,Plymouth Argyle,3,0,3,3,3,3,2020,12,1,0,0,Home Win
2020-12-12,2020,Charlton Athletic,AFC Wimbledon,5,2,3,3,7,3,2020,12,1,0,0,Home Win
2020-12-12,2020,Crewe Alexandra,Northampton Town,2,1,3,3,3,1,2020,12,1,0,0,Home Win
2020-12-12,2020,Doncaster Rovers,Gillingham,2,1,3,3,3,1,2020,12,1,0,0,Home Win
2020-12-12,2020,Hull City,Shrewsbury Town,0,1,3,3,1,-1,2020,12,0,1,0,Away Win
2020-12-12,2020,Ipswich Town,Portsmouth,0,2,3,3,2,-2,2020,12,0,1,0,Away Win
2020-12-12,2020,Lincoln City,Sunderland,0,4,3,3,4,-4,2020,12,0,1,0,Away Win
2020-12-12,2020,Milton Keynes Dons,Burton Albion,1,1,3,3,2,0,2020,12,0,0,1,Draw
2020-12-12,2020,Peterborough United,Rochdale,4,1,3,3,5,3,2020,12,1,0,0,Home Win
2020-12-12,2020,Swindon Town,Fleetwood Town,0,1,3,3,1,-1,2020,12,0,1,0,Away Win
2020-12-12,2020,Wigan Athletic,Accrington,4,3,3,3,7,1,2020,12,1,0,0,Home Win
2020-12-12,2020,Carlisle United,Stevenage Borough,4,0,4,4,4,4,2020,12,1,0,0,Home Win
2020-12-12,2020,Crawley Town,Barrow,4,2,4,4,6,2,2020,12,1,0,0,Home Win
2020-12-12,2020,Exeter City,Tranmere Rovers,5,0,4,4,5,5,2020,12,1,0,0,Home Win
2020-12-12,2020,Forest Green Rovers,Cambridge United,2,0,4,4,2,2,2020,12,1,0,0,Home Win
2020-12-12,2020,Grimsby Town,Mansfield Town,1,1,4,4,2,0,2020,12,0,0,1,Draw
2020-12-12,2020,Leyton Orient,Newport County,2,1,4,4,3,1,2020,12,1,0,0,Home Win
2020-12-12,2020,Morecambe,Harrogate Town A.F.C.,1,0,4,4,1,1,2020,12,1,0,0,Home Win
2020-12-12,2020,Oldham Athletic,Bradford City,3,1,4,4,4,2,2020,12,1,0,0,Home Win
2020-12-12,2020,Port Vale,Colchester United,1,1,4,4,2,0,2020,12,0,0,1,Draw
2020-12-12,2020,Salford City,Cheltenham,0,0,4,4,0,0,2020,12,0,0,1,Draw
2020-12-12,2020,Southend United,Scunthorpe United,1,0,4,4,1,1,2020,12,1,0,0,Home Win
2020-12-12,2020,Walsall,Bolton Wanderers,2,1,4,4,3,1,2020,12,1,0,0,Home Win
2020-12-13,2020,Southampton,Sheffield United,3,0,1,1,3,3,2020,12,1,0,0,Home Win
2020-12-13,2020,Crystal Palace,Tottenham Hotspur,1,1,1,1,2,0,2020,12,0,0,1,Draw
2020-12-13,2020,Fulham,Liverpool,1,1,1,1,2,0,2020,12,0,0,1,Draw
2020-12-13,2020,Arsenal,Burnley,0,1,1,1,1,-1,2020,12,0,1,0,Away Win
2020-12-13,2020,Leicester City,Brighton & Hove Albion,3,0,1,1,3,3,2020,12,1,0,0,Home Win
2020-12-15,2020,Wolverhampton Wanderers,Chelsea,2,1,1,1,3,1,2020,12,1,0,0,Home Win
2020-12-15,2020,Manchester City,West Bromwich Albion,1,1,1,1,2,0,2020,12,0,0,1,Draw
2020-12-15,2020,Queens Park Rangers,Stoke City,0,0,2,2,0,0,2020,12,0,0,1,Draw
2020-12-15,2020,Barnsley,Preston North End,2,1,2,2,3,1,2020,12,1,0,0,Home Win
2020-12-15,2020,AFC Bournemouth,Wycombe Wanderers,1,0,2,2,1,1,2020,12,1,0,0,Home Win
2020-12-15,2020,Bristol City,Millwall,0,2,2,2,2,-2,2020,12,0,1,0,Away Win
2020-12-15,2020,Nottingham Forest,Sheffield Wednesday,2,0,2,2,2,2,2020,12,1,0,0,Home Win
2020-12-15,2020,Watford,Brentford,1,1,2,2,2,0,2020,12,0,0,1,Draw
2020-12-15,2020,Gillingham,Accrington,0,2,3,3,2,-2,2020,12,0,1,0,Away Win
2020-12-15,2020,Blackpool,Hull City,3,2,3,3,5,1,2020,12,1,0,0,Home Win
2020-12-15,2020,Crewe Alexandra,Plymouth Argyle,2,1,3,3,3,1,2020,12,1,0,0,Home Win
2020-12-15,2020,Doncaster Rovers,Swindon Town,2,1,3,3,3,1,2020,12,1,0,0,Home Win
2020-12-15,2020,Lincoln City,Shrewsbury Town,0,1,3,3,1,-1,2020,12,0,1,0,Away Win
2020-12-15,2020,Sunderland,AFC Wimbledon,1,1,3,3,2,0,2020,12,0,0,1,Draw
2020-12-15,2020,Wigan Athletic,Rochdale,0,5,3,3,5,-5,2020,12,0,1,0,Away Win
2020-12-15,2020,Ipswich Town,Burton Albion,2,1,3,3,3,1,2020,12,1,0,0,Home Win
2020-12-15,2020,Milton Keynes Dons,Peterborough United,1,1,3,3,2,0,2020,12,0,0,1,Draw
2020-12-15,2020,Oxford United,Northampton Town,4,0,3,3,4,4,2020,12,1,0,0,Home Win
2020-12-15,2020,Portsmouth,Fleetwood Town,0,0,3,3,0,0,2020,12,0,0,1,Draw
2020-12-15,2020,Morecambe,Leyton Orient,2,1,4,4,3,1,2020,12,1,0,0,Home Win
2020-12-15,2020,Carlisle United,Mansfield Town,1,0,4,4,1,1,2020,12,1,0,0,Home Win
2020-12-15,2020,Oldham Athletic,Walsall,2,3,4,4,5,-1,2020,12,0,1,0,Away Win
2020-12-15,2020,Port Vale,Forest Green Rovers,1,1,4,4,2,0,2020,12,0,0,1,Draw
2020-12-15,2020,Salford City,Newport County,1,1,4,4,2,0,2020,12,0,0,1,Draw
2020-12-15,2020,Scunthorpe United,Barrow,2,1,4,4,3,1,2020,12,1,0,0,Home Win
2020-12-15,2020,Cambridge United,Colchester United,2,1,4,4,3,1,2020,12,1,0,0,Home Win
2020-12-15,2020,Cheltenham,Bolton Wanderers,0,1,4,4,1,-1,2020,12,0,1,0,Away Win
2020-12-15,2020,Crawley Town,Bradford City,1,1,4,4,2,0,2020,12,0,0,1,Draw
2020-12-15,2020,Exeter City,Harrogate Town A.F.C.,1,2,4,4,3,-1,2020,12,0,1,0,Away Win
2020-12-15,2020,Southend United,Grimsby Town,3,1,4,4,4,2,2020,12,1,0,0,Home Win
2020-12-16,2020,Arsenal,Southampton,1,1,1,1,2,0,2020,12,0,0,1,Draw
2020-12-16,2020,Leeds United,Newcastle United,5,2,1,1,7,3,2020,12,1,0,0,Home Win
2020-12-16,2020,Leicester City,Everton,0,2,1,1,2,-2,2020,12,0,1,0,Away Win
2020-12-16,2020,Fulham,Brighton & Hove Albion,0,0,1,1,0,0,2020,12,0,0,1,Draw
2020-12-16,2020,Liverpool,Tottenham Hotspur,2,1,1,1,3,1,2020,12,1,0,0,Home Win
2020-12-16,2020,West Ham United,Crystal Palace,1,1,1,1,2,0,2020,12,0,0,1,Draw
2020-12-16,2020,Derby County,Swansea City,2,0,2,2,2,2,2020,12,1,0,0,Home Win
2020-12-16,2020,Cardiff City,Birmingham City,3,2,2,2,5,1,2020,12,1,0,0,Home Win
2020-12-16,2020,Middlesbrough,Luton Town,1,0,2,2,1,1,2020,12,1,0,0,Home Win
2020-12-16,2020,Blackburn Rovers,Rotherham United,2,1,2,2,3,1,2020,12,1,0,0,Home Win
2020-12-16,2020,Coventry City,Huddersfield Town,0,0,2,2,0,0,2020,12,0,0,1,Draw
2020-12-16,2020,Reading,Norwich City,1,2,2,2,3,-1,2020,12,0,1,0,Away Win
2020-12-17,2020,Aston Villa,Burnley,0,0,1,1,0,0,2020,12,0,0,1,Draw
2020-12-17,2020,Sheffield United,Manchester United,2,3,1,1,5,-1,2020,12,0,1,0,Away Win
2020-12-18,2020,Preston North End,Bristol City,1,0,2,2,1,1,2020,12,1,0,0,Home Win
2020-12-18,2020,Hull City,Portsmouth,0,2,3,3,2,-2,2020,12,0,1,0,Away Win
2020-12-19,2020,Crystal Palace,Liverpool,0,7,1,1,7,-7,2020,12,0,1,0,Away Win
2020-12-19,2020,Southampton,Manchester City,0,1,1,1,1,-1,2020,12,0,1,0,Away Win
2020-12-19,2020,Everton,Arsenal,2,1,1,1,3,1,2020,12,1,0,0,Home Win
2020-12-19,2020,Newcastle United,Fulham,1,1,1,1,2,0,2020,12,0,0,1,Draw
2020-12-19,2020,Norwich City,Cardiff City,2,0,2,2,2,2,2020,12,1,0,0,Home Win
2020-12-19,2020,Birmingham City,Middlesbrough,1,4,2,2,5,-3,2020,12,0,1,0,Away Win
2020-12-19,2020,Brentford,Reading,3,1,2,2,4,2,2020,12,1,0,0,Home Win
2020-12-19,2020,Huddersfield Town,Watford,2,0,2,2,2,2,2020,12,1,0,0,Home Win
2020-12-19,2020,Luton Town,AFC Bournemouth,0,0,2,2,0,0,2020,12,0,0,1,Draw
2020-12-19,2020,Millwall,Nottingham Forest,1,1,2,2,2,0,2020,12,0,0,1,Draw
2020-12-19,2020,Sheffield Wednesday,Coventry City,1,0,2,2,1,1,2020,12,1,0,0,Home Win
2020-12-19,2020,Stoke City,Blackburn Rovers,1,0,2,2,1,1,2020,12,1,0,0,Home Win
2020-12-19,2020,Swansea City,Barnsley,2,0,2,2,2,2,2020,12,1,0,0,Home Win
2020-12-19,2020,Wycombe Wanderers,Queens Park Rangers,1,1,2,2,2,0,2020,12,0,0,1,Draw
2020-12-19,2020,Rochdale,Gillingham,1,4,3,3,5,-3,2020,12,0,1,0,Away Win
2020-12-19,2020,Accrington,Blackpool,0,0,3,3,0,0,2020,12,0,0,1,Draw
2020-12-19,2020,AFC Wimbledon,Crewe Alexandra,1,2,3,3,3,-1,2020,12,0,1,0,Away Win
2020-12-19,2020,Burton Albion,Doncaster Rovers,1,3,3,3,4,-2,2020,12,0,1,0,Away Win
2020-12-19,2020,Fleetwood Town,Wigan Athletic,1,1,3,3,2,0,2020,12,0,0,1,Draw
2020-12-19,2020,Northampton Town,Lincoln City,0,4,3,3,4,-4,2020,12,0,1,0,Away Win
2020-12-19,2020,Plymouth Argyle,Milton Keynes Dons,1,0,3,3,1,1,2020,12,1,0,0,Home Win
2020-12-19,2020,Swindon Town,Charlton Athletic,2,2,3,3,4,0,2020,12,0,0,1,Draw
2020-12-19,2020,Barrow,Cheltenham,3,0,4,4,3,3,2020,12,1,0,0,Home Win
2020-12-19,2020,Bolton Wanderers,Tranmere Rovers,0,3,4,4,3,-3,2020,12,0,1,0,Away Win
2020-12-19,2020,Bradford City,Cambridge United,1,0,4,4,1,1,2020,12,1,0,0,Home Win
2020-12-19,2020,Colchester United,Morecambe,1,2,4,4,3,-1,2020,12,0,1,0,Away Win
2020-12-19,2020,Forest Green Rovers,Carlisle United,1,0,4,4,1,1,2020,12,1,0,0,Home Win
2020-12-19,2020,Grimsby Town,Scunthorpe United,1,0,4,4,1,1,2020,12,1,0,0,Home Win
2020-12-19,2020,Harrogate Town A.F.C.,Salford City,0,1,4,4,1,-1,2020,12,0,1,0,Away Win
2020-12-19,2020,Leyton Orient,Crawley Town,1,2,4,4,3,-1,2020,12,0,1,0,Away Win
2020-12-19,2020,Mansfield Town,Southend United,1,1,4,4,2,0,2020,12,0,0,1,Draw
2020-12-19,2020,Newport County,Oldham Athletic,2,4,4,4,6,-2,2020,12,0,1,0,Away Win
2020-12-19,2020,Walsall,Port Vale,4,3,4,4,7,1,2020,12,1,0,0,Home Win
2020-12-20,2020,Brighton & Hove Albion,Sheffield United,1,1,1,1,2,0,2020,12,0,0,1,Draw
2020-12-20,2020,Tottenham Hotspur,Leicester City,0,2,1,1,2,-2,2020,12,0,1,0,Away Win
2020-12-20,2020,Manchester United,Leeds United,6,2,1,1,8,4,2020,12,1,0,0,Home Win
2020-12-20,2020,West Bromwich Albion,Aston Villa,0,3,1,1,3,-3,2020,12,0,1,0,Away Win
2020-12-21,2020,Burnley,Wolverhampton Wanderers,2,1,1,1,3,1,2020,12,1,0,0,Home Win
2020-12-21,2020,Chelsea,West Ham United,3,0,1,1,3,3,2020,12,1,0,0,Home Win
2020-12-22,2020,Doncaster Rovers,Shrewsbury Town,0,1,3,3,1,-1,2020,12,0,1,0,Away Win
2020-12-22,2020,Grimsby Town,Bradford City,1,2,4,4,3,-1,2020,12,0,1,0,Away Win
2020-12-26,2020,Leicester City,Manchester United,2,2,1,1,4,0,2020,12,0,0,1,Draw
2020-12-26,2020,Aston Villa,Crystal Palace,3,0,1,1,3,3,2020,12,1,0,0,Home Win
2020-12-26,2020,Fulham,Southampton,0,0,1,1,0,0,2020,12,0,0,1,Draw
2020-12-26,2020,Arsenal,Chelsea,3,1,1,1,4,2,2020,12,1,0,0,Home Win
2020-12-26,2020,Manchester City,Newcastle United,2,0,1,1,2,2,2020,12,1,0,0,Home Win
2020-12-26,2020,Sheffield United,Everton,0,1,1,1,1,-1,2020,12,0,1,0,Away Win
2020-12-26,2020,Barnsley,Huddersfield Town,2,1,2,2,3,1,2020,12,1,0,0,Home Win
2020-12-26,2020,Blackburn Rovers,Sheffield Wednesday,1,1,2,2,2,0,2020,12,0,0,1,Draw
2020-12-26,2020,Bristol City,Wycombe Wanderers,2,1,2,2,3,1,2020,12,1,0,0,Home Win
2020-12-26,2020,Cardiff City,Brentford,2,3,2,2,5,-1,2020,12,0,1,0,Away Win
2020-12-26,2020,Coventry City,Stoke City,0,0,2,2,0,0,2020,12,0,0,1,Draw
2020-12-26,2020,Derby County,Preston North End,0,1,2,2,1,-1,2020,12,0,1,0,Away Win
2020-12-26,2020,Nottingham Forest,Birmingham City,0,0,2,2,0,0,2020,12,0,0,1,Draw
2020-12-26,2020,Queens Park Rangers,Swansea City,0,2,2,2,2,-2,2020,12,0,1,0,Away Win
2020-12-26,2020,Reading,Luton Town,2,1,2,2,3,1,2020,12,1,0,0,Home Win
2020-12-26,2020,Watford,Norwich City,1,0,2,2,1,1,2020,12,1,0,0,Home Win
2020-12-26,2020,Charlton Athletic,Plymouth Argyle,2,2,3,3,4,0,2020,12,0,0,1,Draw
2020-12-26,2020,Crewe Alexandra,Fleetwood Town,1,1,3,3,2,0,2020,12,0,0,1,Draw
2020-12-26,2020,Lincoln City,Burton Albion,5,1,3,3,6,4,2020,12,1,0,0,Home Win
2020-12-26,2020,Milton Keynes Dons,Bristol Rovers,2,0,3,3,2,2,2020,12,1,0,0,Home Win
2020-12-26,2020,Oxford United,AFC Wimbledon,2,0,3,3,2,2,2020,12,1,0,0,Home Win
2020-12-26,2020,Wigan Athletic,Shrewsbury Town,1,1,3,3,2,0,2020,12,0,0,1,Draw
2020-12-26,2020,Cambridge United,Leyton Orient,2,1,4,4,3,1,2020,12,1,0,0,Home Win
2020-12-26,2020,Exeter City,Forest Green Rovers,1,1,4,4,2,0,2020,12,0,0,1,Draw
2020-12-26,2020,Scunthorpe United,Mansfield Town,2,3,4,4,5,-1,2020,12,0,1,0,Away Win
2020-12-26,2020,Southend United,Colchester United,2,0,4,4,2,2,2020,12,1,0,0,Home Win
2020-12-26,2020,Carlisle United,Bolton Wanderers,3,3,4,4,6,0,2020,12,0,0,1,Draw
2020-12-26,2020,Cheltenham,Stevenage Borough,1,1,4,4,2,0,2020,12,0,0,1,Draw
2020-12-26,2020,Crawley Town,Newport County,1,1,4,4,2,0,2020,12,0,0,1,Draw
2020-12-26,2020,Morecambe,Grimsby Town,3,1,4,4,4,2,2020,12,1,0,0,Home Win
2020-12-26,2020,Oldham Athletic,Harrogate Town A.F.C.,1,2,4,4,3,-1,2020,12,0,1,0,Away Win
2020-12-26,2020,Port Vale,Barrow,0,2,4,4,2,-2,2020,12,0,1,0,Away Win
2020-12-26,2020,Salford City,Walsall,2,0,4,4,2,2,2020,12,1,0,0,Home Win
2020-12-26,2020,Tranmere Rovers,Bradford City,0,1,4,4,1,-1,2020,12,0,1,0,Away Win
2020-12-27,2020,Leeds United,Burnley,1,0,1,1,1,1,2020,12,1,0,0,Home Win
2020-12-27,2020,West Ham United,Brighton & Hove Albion,2,2,1,1,4,0,2020,12,0,0,1,Draw
2020-12-27,2020,Liverpool,West Bromwich Albion,1,1,1,1,2,0,2020,12,0,0,1,Draw
2020-12-27,2020,Wolverhampton Wanderers,Tottenham Hotspur,1,1,1,1,2,0,2020,12,0,0,1,Draw
2020-12-28,2020,Crystal Palace,Leicester City,1,1,1,1,2,0,2020,12,0,0,1,Draw
2020-12-28,2020,Chelsea,Aston Villa,1,1,1,1,2,0,2020,12,0,0,1,Draw
2020-12-29,2020,Brighton & Hove Albion,Arsenal,0,1,1,1,1,-1,2020,12,0,1,0,Away Win
2020-12-29,2020,Burnley,Sheffield United,1,0,1,1,1,1,2020,12,1,0,0,Home Win
2020-12-29,2020,Southampton,West Ham United,0,0,1,1,0,0,2020,12,0,0,1,Draw
2020-12-29,2020,West Bromwich Albion,Leeds United,0,5,1,1,5,-5,2020,12,0,1,0,Away Win
2020-12-29,2020,Manchester United,Wolverhampton Wanderers,1,0,1,1,1,1,2020,12,1,0,0,Home Win
2020-12-29,2020,Birmingham City,Derby County,0,4,2,2,4,-4,2020,12,0,1,0,Away Win
2020-12-29,2020,Sheffield Wednesday,Middlesbrough,2,1,2,2,3,1,2020,12,1,0,0,Home Win
2020-12-29,2020,Huddersfield Town,Blackburn Rovers,2,1,2,2,3,1,2020,12,1,0,0,Home Win
2020-12-29,2020,Luton Town,Bristol City,2,1,2,2,3,1,2020,12,1,0,0,Home Win
2020-12-29,2020,Norwich City,Queens Park Rangers,1,1,2,2,2,0,2020,12,0,0,1,Draw
2020-12-29,2020,Preston North End,Coventry City,2,0,2,2,2,2,2020,12,1,0,0,Home Win
2020-12-29,2020,Rotherham United,Barnsley,1,2,2,2,3,-1,2020,12,0,1,0,Away Win
2020-12-29,2020,Wycombe Wanderers,Cardiff City,2,1,2,2,3,1,2020,12,1,0,0,Home Win
2020-12-29,2020,Stoke City,Nottingham Forest,1,1,2,2,2,0,2020,12,0,0,1,Draw
2020-12-29,2020,Burton Albion,Wigan Athletic,3,4,3,3,7,-1,2020,12,0,1,0,Away Win
2020-12-29,2020,Swindon Town,Milton Keynes Dons,1,4,3,3,5,-3,2020,12,0,1,0,Away Win
2020-12-29,2020,Northampton Town,Gillingham,3,1,3,3,4,2,2020,12,1,0,0,Home Win
2020-12-29,2020,Plymouth Argyle,Oxford United,2,3,3,3,5,-1,2020,12,0,1,0,Away Win
2020-12-29,2020,Shrewsbury Town,Blackpool,1,0,3,3,1,1,2020,12,1,0,0,Home Win
2020-12-29,2020,Stevenage Borough,Cambridge United,1,0,4,4,1,1,2020,12,1,0,0,Home Win
2020-12-29,2020,Bradford City,Port Vale,0,0,4,4,0,0,2020,12,0,0,1,Draw
2020-12-29,2020,Forest Green Rovers,Crawley Town,1,2,4,4,3,-1,2020,12,0,1,0,Away Win
2020-12-29,2020,Grimsby Town,Oldham Athletic,0,0,4,4,0,0,2020,12,0,0,1,Draw
2020-12-29,2020,Leyton Orient,Southend United,2,0,4,4,2,2,2020,12,1,0,0,Home Win
2020-12-29,2020,Walsall,Scunthorpe United,1,2,4,4,3,-1,2020,12,0,1,0,Away Win
2020-12-29,2020,Barrow,Tranmere Rovers,1,1,4,4,2,0,2020,12,0,0,1,Draw
2020-12-29,2020,Colchester United,Cheltenham,0,0,4,4,0,0,2020,12,0,0,1,Draw
2020-12-30,2020,Newcastle United,Liverpool,0,0,1,1,0,0,2020,12,0,0,1,Draw
2020-12-30,2020,Brentford,AFC Bournemouth,2,1,2,2,3,1,2020,12,1,0,0,Home Win
2020-12-30,2020,Swansea City,Reading,0,0,2,2,0,0,2020,12,0,0,1,Draw
2021-01-01,2020,Everton,West Ham United,0,1,1,1,1,-1,2021,1,0,1,0,Away Win
2021-01-01,2020,Manchester United,Aston Villa,2,1,1,1,3,1,2021,1,1,0,0,Home Win
2021-01-01,2020,Sheffield Wednesday,Derby County,1,0,2,2,1,1,2021,1,1,0,0,Home Win
2021-01-02,2020,Tottenham Hotspur,Leeds United,3,0,1,1,3,3,2021,1,1,0,0,Home Win
2021-01-02,2020,Crystal Palace,Sheffield United,2,0,1,1,2,2,2021,1,1,0,0,Home Win
2021-01-02,2020,Brighton & Hove Albion,Wolverhampton Wanderers,3,3,1,1,6,0,2021,1,0,0,1,Draw
2021-01-02,2020,West Bromwich Albion,Arsenal,0,4,1,1,4,-4,2021,1,0,1,0,Away Win
2021-01-02,2020,Birmingham City,Blackburn Rovers,0,2,2,2,2,-2,2021,1,0,1,0,Away Win
2021-01-02,2020,Huddersfield Town,Reading,1,2,2,2,3,-1,2021,1,0,1,0,Away Win
2021-01-02,2020,Millwall,Coventry City,1,2,2,2,3,-1,2021,1,0,1,0,Away Win
2021-01-02,2020,Norwich City,Barnsley,1,0,2,2,1,1,2021,1,1,0,0,Home Win
2021-01-02,2020,Preston North End,Nottingham Forest,0,1,2,2,1,-1,2021,1,0,1,0,Away Win
2021-01-02,2020,Swansea City,Watford,2,1,2,2,3,1,2021,1,1,0,0,Home Win
2021-01-02,2020,Wycombe Wanderers,Middlesbrough,1,3,2,2,4,-2,2021,1,0,1,0,Away Win
2021-01-02,2020,Stoke City,AFC Bournemouth,0,1,2,2,1,-1,2021,1,0,1,0,Away Win
2021-01-02,2020,AFC Wimbledon,Lincoln City,1,2,3,3,3,-1,2021,1,0,1,0,Away Win
2021-01-02,2020,Bristol Rovers,Blackpool,2,1,3,3,3,1,2021,1,1,0,0,Home Win
2021-01-02,2020,Burton Albion,Oxford United,1,5,3,3,6,-4,2021,1,0,1,0,Away Win
2021-01-02,2020,Hull City,Charlton Athletic,2,0,3,3,2,2,2021,1,1,0,0,Home Win
2021-01-02,2020,Northampton Town,Sunderland,0,0,3,3,0,0,2021,1,0,0,1,Draw
2021-01-02,2020,Plymouth Argyle,Gillingham,1,0,3,3,1,1,2021,1,1,0,0,Home Win
2021-01-02,2020,Bolton Wanderers,Crawley Town,0,1,4,4,1,-1,2021,1,0,1,0,Away Win
2021-01-02,2020,Grimsby Town,Cambridge United,1,2,4,4,3,-1,2021,1,0,1,0,Away Win
2021-01-02,2020,Leyton Orient,Salford City,1,0,4,4,1,1,2021,1,1,0,0,Home Win
2021-01-02,2020,Mansfield Town,Port Vale,4,0,4,4,4,4,2021,1,1,0,0,Home Win
2021-01-02,2020,Stevenage Borough,Scunthorpe United,3,1,4,4,4,2,2021,1,1,0,0,Home Win
2021-01-02,2020,Walsall,Carlisle United,0,2,4,4,2,-2,2021,1,0,1,0,Away Win
2021-01-03,2020,Newcastle United,Leicester City,1,2,1,1,3,-1,2021,1,0,1,0,Away Win
2021-01-03,2020,Chelsea,Manchester City,1,3,1,1,4,-2,2021,1,0,1,0,Away Win
2021-01-04,2020,Southampton,Liverpool,1,0,1,1,1,1,2021,1,1,0,0,Home Win
2021-01-05,2020,Mansfield Town,Salford City,2,1,4,4,3,1,2021,1,1,0,0,Home Win
2021-01-08,2020,Charlton Athletic,Accrington,0,2,3,3,2,-2,2021,1,0,1,0,Away Win
2021-01-09,2020,Lincoln City,Peterborough United,1,1,3,3,2,0,2021,1,0,0,1,Draw
2021-01-09,2020,Gillingham,Burton Albion,0,1,3,3,1,-1,2021,1,0,1,0,Away Win
2021-01-09,2020,Rochdale,Crewe Alexandra,3,3,3,3,6,0,2021,1,0,0,1,Draw
2021-01-09,2020,Ipswich Town,Swindon Town,2,3,3,3,5,-1,2021,1,0,1,0,Away Win
2021-01-09,2020,Sunderland,Hull City,1,1,3,3,2,0,2021,1,0,0,1,Draw
2021-01-09,2020,Cambridge United,Harrogate Town A.F.C.,2,1,4,4,3,1,2021,1,1,0,0,Home Win
2021-01-09,2020,Port Vale,Grimsby Town,3,0,4,4,3,3,2021,1,1,0,0,Home Win
2021-01-09,2020,Southend United,Barrow,1,0,4,4,1,1,2021,1,1,0,0,Home Win
2021-01-12,2020,Sheffield United,Newcastle United,1,0,1,1,1,1,2021,1,1,0,0,Home Win
2021-01-12,2020,Burnley,Manchester United,0,1,1,1,1,-1,2021,1,0,1,0,Away Win
2021-01-12,2020,Wolverhampton Wanderers,Everton,1,2,1,1,3,-1,2021,1,0,1,0,Away Win
2021-01-12,2020,Luton Town,Queens Park Rangers,0,2,2,2,2,-2,2021,1,0,1,0,Away Win
2021-01-12,2020,AFC Bournemouth,Millwall,1,1,2,2,2,0,2021,1,0,0,1,Draw
2021-01-12,2020,Charlton Athletic,Rochdale,4,4,3,3,8,0,2021,1,0,0,1,Draw
2021-01-12,2020,Exeter City,Bolton Wanderers,1,1,4,4,2,0,2021,1,0,0,1,Draw
2021-01-12,2020,Scunthorpe United,Salford City,0,1,4,4,1,-1,2021,1,0,1,0,Away Win
2021-01-13,2020,Manchester City,Brighton & Hove Albion,1,0,1,1,1,1,2021,1,1,0,0,Home Win
2021-01-13,2020,Tottenham Hotspur,Fulham,1,1,1,1,2,0,2021,1,0,0,1,Draw
2021-01-13,2020,Oldham Athletic,Mansfield Town,2,3,4,4,5,-1,2021,1,0,1,0,Away Win
2021-01-14,2020,Arsenal,Crystal Palace,0,0,1,1,0,0,2021,1,0,0,1,Draw
2021-01-16,2020,Wolverhampton Wanderers,West Bromwich Albion,2,3,1,1,5,-1,2021,1,0,1,0,Away Win
2021-01-16,2020,Leeds United,Brighton & Hove Albion,0,1,1,1,1,-1,2021,1,0,1,0,Away Win
2021-01-16,2020,West Ham United,Burnley,1,0,1,1,1,1,2021,1,1,0,0,Home Win
2021-01-16,2020,Fulham,Chelsea,0,1,1,1,1,-1,2021,1,0,1,0,Away Win
2021-01-16,2020,Leicester City,Southampton,2,0,1,1,2,2,2021,1,1,0,0,Home Win
2021-01-16,2020,Middlesbrough,Birmingham City,0,1,2,2,1,-1,2021,1,0,1,0,Away Win
2021-01-16,2020,Blackburn Rovers,Stoke City,1,1,2,2,2,0,2021,1,0,0,1,Draw
2021-01-16,2020,AFC Bournemouth,Luton Town,0,1,2,2,1,-1,2021,1,0,1,0,Away Win
2021-01-16,2020,Bristol City,Preston North End,2,0,2,2,2,2,2021,1,1,0,0,Home Win
2021-01-16,2020,Cardiff City,Norwich City,1,2,2,2,3,-1,2021,1,0,1,0,Away Win
2021-01-16,2020,Derby County,Rotherham United,0,1,2,2,1,-1,2021,1,0,1,0,Away Win
2021-01-16,2020,Nottingham Forest,Millwall,3,1,2,2,4,2,2021,1,1,0,0,Home Win
2021-01-16,2020,Watford,Huddersfield Town,2,0,2,2,2,2,2021,1,1,0,0,Home Win
2021-01-16,2020,Barnsley,Swansea City,0,2,2,2,2,-2,2021,1,0,1,0,Away Win
2021-01-16,2020,AFC Wimbledon,Sunderland,0,3,3,3,3,-3,2021,1,0,1,0,Away Win
2021-01-16,2020,Accrington,Gillingham,0,1,3,3,1,-1,2021,1,0,1,0,Away Win
2021-01-16,2020,Bristol Rovers,Charlton Athletic,0,1,3,3,1,-1,2021,1,0,1,0,Away Win
2021-01-16,2020,Burton Albion,Ipswich Town,0,1,3,3,1,-1,2021,1,0,1,0,Away Win
2021-01-16,2020,Fleetwood Town,Portsmouth,0,1,3,3,1,-1,2021,1,0,1,0,Away Win
2021-01-16,2020,Hull City,Blackpool,1,1,3,3,2,0,2021,1,0,0,1,Draw
2021-01-16,2020,Peterborough United,Milton Keynes Dons,3,0,3,3,3,3,2021,1,1,0,0,Home Win
2021-01-16,2020,Plymouth Argyle,Crewe Alexandra,1,1,3,3,2,0,2021,1,0,0,1,Draw
2021-01-16,2020,Rochdale,Wigan Athletic,3,3,3,3,6,0,2021,1,0,0,1,Draw
2021-01-16,2020,Swindon Town,Doncaster Rovers,1,2,3,3,3,-1,2021,1,0,1,0,Away Win
2021-01-16,2020,Barrow,Scunthorpe United,1,0,4,4,1,1,2021,1,1,0,0,Home Win
2021-01-16,2020,Bolton Wanderers,Cheltenham,1,1,4,4,2,0,2021,1,0,0,1,Draw
2021-01-16,2020,Colchester United,Cambridge United,1,1,4,4,2,0,2021,1,0,0,1,Draw
2021-01-16,2020,Forest Green Rovers,Port Vale,1,1,4,4,2,0,2021,1,0,0,1,Draw
2021-01-16,2020,Grimsby Town,Southend United,0,0,4,4,0,0,2021,1,0,0,1,Draw
2021-01-16,2020,Leyton Orient,Morecambe,2,0,4,4,2,2,2021,1,1,0,0,Home Win
2021-01-16,2020,Newport County,Salford City,0,0,4,4,0,0,2021,1,0,0,1,Draw
2021-01-16,2020,Stevenage Borough,Tranmere Rovers,0,0,4,4,0,0,2021,1,0,0,1,Draw
2021-01-16,2020,Walsall,Oldham Athletic,1,1,4,4,2,0,2021,1,0,0,1,Draw
2021-01-17,2020,Sheffield United,Tottenham Hotspur,1,3,1,1,4,-2,2021,1,0,1,0,Away Win
2021-01-17,2020,Liverpool,Manchester United,0,0,1,1,0,0,2021,1,0,0,1,Draw
2021-01-17,2020,Manchester City,Crystal Palace,4,0,1,1,4,4,2021,1,1,0,0,Home Win
2021-01-18,2020,Arsenal,Newcastle United,3,0,1,1,3,3,2021,1,1,0,0,Home Win
2021-01-19,2020,West Ham United,West Bromwich Albion,2,1,1,1,3,1,2021,1,1,0,0,Home Win
2021-01-19,2020,Leicester City,Chelsea,2,0,1,1,2,2,2021,1,1,0,0,Home Win
2021-01-19,2020,Derby County,AFC Bournemouth,1,0,2,2,1,1,2021,1,1,0,0,Home Win
2021-01-19,2020,Reading,Coventry City,3,0,2,2,3,3,2021,1,1,0,0,Home Win
2021-01-19,2020,Rotherham United,Stoke City,3,3,2,2,6,0,2021,1,0,0,1,Draw
2021-01-19,2020,Watford,Barnsley,1,0,2,2,1,1,2021,1,1,0,0,Home Win
2021-01-19,2020,Hull City,Accrington,3,0,3,3,3,3,2021,1,1,0,0,Home Win
2021-01-19,2020,Peterborough United,Charlton Athletic,2,1,3,3,3,1,2021,1,1,0,0,Home Win
2021-01-19,2020,Crewe Alexandra,Bristol Rovers,3,2,3,3,5,1,2021,1,1,0,0,Home Win
2021-01-19,2020,Doncaster Rovers,Rochdale,1,0,3,3,1,1,2021,1,1,0,0,Home Win
2021-01-19,2020,Milton Keynes Dons,Fleetwood Town,3,1,3,3,4,2,2021,1,1,0,0,Home Win
2021-01-19,2020,Portsmouth,AFC Wimbledon,4,0,3,3,4,4,2021,1,1,0,0,Home Win
2021-01-19,2020,Sunderland,Plymouth Argyle,1,2,3,3,3,-1,2021,1,0,1,0,Away Win
2021-01-19,2020,Cheltenham,Newport County,1,1,4,4,2,0,2021,1,0,0,1,Draw
2021-01-19,2020,Harrogate Town A.F.C.,Exeter City,0,0,4,4,0,0,2021,1,0,0,1,Draw
2021-01-19,2020,Morecambe,Walsall,1,1,4,4,2,0,2021,1,0,0,1,Draw
2021-01-19,2020,Southend United,Cambridge United,1,2,4,4,3,-1,2021,1,0,1,0,Away Win
2021-01-19,2020,Tranmere Rovers,Forest Green Rovers,3,2,4,4,5,1,2021,1,1,0,0,Home Win
2021-01-20,2020,Manchester City,Aston Villa,2,0,1,1,2,2,2021,1,1,0,0,Home Win
2021-01-20,2020,Fulham,Manchester United,1,2,1,1,3,-1,2021,1,0,1,0,Away Win
2021-01-20,2020,Norwich City,Bristol City,2,0,2,2,2,2,2021,1,1,0,0,Home Win
2021-01-20,2020,Brentford,Luton Town,1,0,2,2,1,1,2021,1,1,0,0,Home Win
2021-01-20,2020,Cardiff City,Queens Park Rangers,0,1,2,2,1,-1,2021,1,0,1,0,Away Win
2021-01-20,2020,Huddersfield Town,Millwall,0,1,2,2,1,-1,2021,1,0,1,0,Away Win
2021-01-20,2020,Nottingham Forest,Middlesbrough,1,2,2,2,3,-1,2021,1,0,1,0,Away Win
2021-01-20,2020,Birmingham City,Preston North End,0,1,2,2,1,-1,2021,1,0,1,0,Away Win
2021-01-21,2020,Liverpool,Burnley,0,1,1,1,1,-1,2021,1,0,1,0,Away Win
2021-01-22,2020,Stoke City,Watford,1,2,2,2,3,-1,2021,1,0,1,0,Away Win
2021-01-22,2020,Salford City,Harrogate Town A.F.C.,2,2,4,4,4,0,2021,1,0,0,1,Draw
2021-01-23,2020,Aston Villa,Newcastle United,2,0,1,1,2,2,2021,1,1,0,0,Home Win
2021-01-23,2020,Queens Park Rangers,Derby County,0,1,2,2,1,-1,2021,1,0,1,0,Away Win
2021-01-23,2020,Charlton Athletic,Swindon Town,2,2,3,3,4,0,2021,1,0,0,1,Draw
2021-01-23,2020,Crewe Alexandra,AFC Wimbledon,1,1,3,3,2,0,2021,1,0,0,1,Draw
2021-01-23,2020,Gillingham,Rochdale,2,2,3,3,4,0,2021,1,0,0,1,Draw
2021-01-23,2020,Ipswich Town,Peterborough United,0,1,3,3,1,-1,2021,1,0,1,0,Away Win
2021-01-23,2020,Lincoln City,Northampton Town,2,1,3,3,3,1,2021,1,1,0,0,Home Win
2021-01-23,2020,Oxford United,Bristol Rovers,2,0,3,3,2,2,2021,1,1,0,0,Home Win
2021-01-23,2020,Portsmouth,Hull City,0,4,3,3,4,-4,2021,1,0,1,0,Away Win
2021-01-23,2020,Sunderland,Shrewsbury Town,1,0,3,3,1,1,2021,1,1,0,0,Home Win
2021-01-23,2020,Wigan Athletic,Fleetwood Town,0,0,3,3,0,0,2021,1,0,0,1,Draw
2021-01-23,2020,Exeter City,Stevenage Borough,3,1,4,4,4,2,2021,1,1,0,0,Home Win
2021-01-23,2020,Scunthorpe United,Grimsby Town,3,0,4,4,3,3,2021,1,1,0,0,Home Win
2021-01-23,2020,Cambridge United,Bradford City,0,0,4,4,0,0,2021,1,0,0,1,Draw
2021-01-23,2020,Leyton Orient,Forest Green Rovers,0,1,4,4,1,-1,2021,1,0,1,0,Away Win
2021-01-23,2020,Morecambe,Colchester United,3,0,4,4,3,3,2021,1,1,0,0,Home Win
2021-01-23,2020,Oldham Athletic,Newport County,3,2,4,4,5,1,2021,1,1,0,0,Home Win
2021-01-23,2020,Port Vale,Walsall,1,3,4,4,4,-2,2021,1,0,1,0,Away Win
2021-01-23,2020,Southend United,Mansfield Town,0,1,4,4,1,-1,2021,1,0,1,0,Away Win
2021-01-23,2020,Tranmere Rovers,Bolton Wanderers,2,1,4,4,3,1,2021,1,1,0,0,Home Win
2021-01-24,2020,Preston North End,Reading,0,0,2,2,0,0,2021,1,0,0,1,Draw
2021-01-24,2020,Middlesbrough,Blackburn Rovers,0,1,2,2,1,-1,2021,1,0,1,0,Away Win
2021-01-26,2020,Crystal Palace,West Ham United,2,3,1,1,5,-1,2021,1,0,1,0,Away Win
2021-01-26,2020,Newcastle United,Leeds United,1,2,1,1,3,-1,2021,1,0,1,0,Away Win
2021-01-26,2020,Southampton,Arsenal,1,3,1,1,4,-2,2021,1,0,1,0,Away Win
2021-01-26,2020,West Bromwich Albion,Manchester City,0,5,1,1,5,-5,2021,1,0,1,0,Away Win
2021-01-26,2020,Bristol City,Huddersfield Town,2,1,2,2,3,1,2021,1,1,0,0,Home Win
2021-01-26,2020,Millwall,Watford,0,0,2,2,0,0,2021,1,0,0,1,Draw
2021-01-26,2020,Accrington,Hull City,2,0,3,3,2,2,2021,1,1,0,0,Home Win
2021-01-26,2020,Gillingham,Crewe Alexandra,4,1,3,3,5,3,2021,1,1,0,0,Home Win
2021-01-26,2020,Doncaster Rovers,AFC Wimbledon,2,0,3,3,2,2,2021,1,1,0,0,Home Win
2021-01-26,2020,Milton Keynes Dons,Charlton Athletic,0,1,3,3,1,-1,2021,1,0,1,0,Away Win
2021-01-26,2020,Peterborough United,Bristol Rovers,0,0,3,3,0,0,2021,1,0,0,1,Draw
2021-01-26,2020,Portsmouth,Lincoln City,0,1,3,3,1,-1,2021,1,0,1,0,Away Win
2021-01-26,2020,Rochdale,Oxford United,3,4,3,3,7,-1,2021,1,0,1,0,Away Win
2021-01-26,2020,Swindon Town,Plymouth Argyle,0,2,3,3,2,-2,2021,1,0,1,0,Away Win
2021-01-26,2020,Wigan Athletic,Blackpool,0,5,3,3,5,-5,2021,1,0,1,0,Away Win
2021-01-26,2020,Fleetwood Town,Northampton Town,0,0,3,3,0,0,2021,1,0,0,1,Draw
2021-01-26,2020,Ipswich Town,Sunderland,0,1,3,3,1,-1,2021,1,0,1,0,Away Win
2021-01-26,2020,Exeter City,Morecambe,0,2,4,4,2,-2,2021,1,0,1,0,Away Win
2021-01-26,2020,Cheltenham,Oldham Athletic,2,0,4,4,2,2,2021,1,1,0,0,Home Win
2021-01-26,2020,Scunthorpe United,Port Vale,2,0,4,4,2,2,2021,1,1,0,0,Home Win
2021-01-26,2020,Southend United,Bradford City,1,3,4,4,4,-2,2021,1,0,1,0,Away Win
2021-01-26,2020,Stevenage Borough,Colchester United,0,0,4,4,0,0,2021,1,0,0,1,Draw
2021-01-26,2020,Tranmere Rovers,Harrogate Town A.F.C.,3,2,4,4,5,1,2021,1,1,0,0,Home Win
2021-01-27,2020,Burnley,Aston Villa,3,2,1,1,5,1,2021,1,1,0,0,Home Win
2021-01-27,2020,Chelsea,Wolverhampton Wanderers,0,0,1,1,0,0,2021,1,0,0,1,Draw
2021-01-27,2020,Brighton & Hove Albion,Fulham,0,0,1,1,0,0,2021,1,0,0,1,Draw
2021-01-27,2020,Everton,Leicester City,1,1,1,1,2,0,2021,1,0,0,1,Draw
2021-01-27,2020,Manchester United,Sheffield United,1,2,1,1,3,-1,2021,1,0,1,0,Away Win
2021-01-27,2020,Barnsley,Cardiff City,2,2,2,2,4,0,2021,1,0,0,1,Draw
2021-01-27,2020,Coventry City,Sheffield Wednesday,2,0,2,2,2,2,2021,1,1,0,0,Home Win
2021-01-27,2020,Middlesbrough,Rotherham United,0,3,2,2,3,-3,2021,1,0,1,0,Away Win
2021-01-27,2020,Swansea City,Brentford,1,1,2,2,2,0,2021,1,0,0,1,Draw
2021-01-28,2020,Tottenham Hotspur,Liverpool,1,3,1,1,4,-2,2021,1,0,1,0,Away Win
2021-01-29,2020,Reading,AFC Bournemouth,3,1,2,2,4,2,2021,1,1,0,0,Home Win
2021-01-29,2020,Colchester United,Scunthorpe United,0,1,4,4,1,-1,2021,1,0,1,0,Away Win
2021-01-30,2020,Everton,Newcastle United,0,2,1,1,2,-2,2021,1,0,1,0,Away Win
2021-01-30,2020,Crystal Palace,Wolverhampton Wanderers,1,0,1,1,1,1,2021,1,1,0,0,Home Win
2021-01-30,2020,Manchester City,Sheffield United,1,0,1,1,1,1,2021,1,1,0,0,Home Win
2021-01-30,2020,West Bromwich Albion,Fulham,2,2,1,1,4,0,2021,1,0,0,1,Draw
2021-01-30,2020,Arsenal,Manchester United,0,0,1,1,0,0,2021,1,0,0,1,Draw
2021-01-30,2020,Southampton,Aston Villa,0,1,1,1,1,-1,2021,1,0,1,0,Away Win
2021-01-30,2020,Norwich City,Middlesbrough,0,0,2,2,0,0,2021,1,0,0,1,Draw
2021-01-30,2020,Birmingham City,Coventry City,1,1,2,2,2,0,2021,1,0,0,1,Draw
2021-01-30,2020,Blackburn Rovers,Luton Town,1,0,2,2,1,1,2021,1,1,0,0,Home Win
2021-01-30,2020,Brentford,Wycombe Wanderers,7,2,2,2,9,5,2021,1,1,0,0,Home Win
2021-01-30,2020,Cardiff City,Millwall,1,1,2,2,2,0,2021,1,0,0,1,Draw
2021-01-30,2020,Derby County,Bristol City,1,0,2,2,1,1,2021,1,1,0,0,Home Win
2021-01-30,2020,Huddersfield Town,Stoke City,1,1,2,2,2,0,2021,1,0,0,1,Draw
2021-01-30,2020,Nottingham Forest,Barnsley,0,0,2,2,0,0,2021,1,0,0,1,Draw
2021-01-30,2020,Rotherham United,Swansea City,1,3,2,2,4,-2,2021,1,0,1,0,Away Win
2021-01-30,2020,Sheffield Wednesday,Preston North End,1,0,2,2,1,1,2021,1,1,0,0,Home Win
2021-01-30,2020,Sunderland,Gillingham,2,2,3,3,4,0,2021,1,0,0,1,Draw
2021-01-30,2020,AFC Wimbledon,Milton Keynes Dons,0,2,3,3,2,-2,2021,1,0,1,0,Away Win
2021-01-30,2020,Bristol Rovers,Rochdale,1,2,3,3,3,-1,2021,1,0,1,0,Away Win
2021-01-30,2020,Crewe Alexandra,Ipswich Town,1,1,3,3,2,0,2021,1,0,0,1,Draw
2021-01-30,2020,Hull City,Swindon Town,1,0,3,3,1,1,2021,1,1,0,0,Home Win
2021-01-30,2020,Lincoln City,Doncaster Rovers,0,1,3,3,1,-1,2021,1,0,1,0,Away Win
2021-01-30,2020,Oxford United,Fleetwood Town,1,0,3,3,1,1,2021,1,1,0,0,Home Win
2021-01-30,2020,Plymouth Argyle,Accrington,2,2,3,3,4,0,2021,1,0,0,1,Draw
2021-01-30,2020,Shrewsbury Town,Peterborough United,2,0,3,3,2,2,2021,1,1,0,0,Home Win
2021-01-30,2020,Carlisle United,Exeter City,1,0,4,4,1,1,2021,1,1,0,0,Home Win
2021-01-30,2020,Bolton Wanderers,Leyton Orient,2,0,4,4,2,2,2021,1,1,0,0,Home Win
2021-01-30,2020,Bradford City,Barrow,2,1,4,4,3,1,2021,1,1,0,0,Home Win
2021-01-30,2020,Cambridge United,Crawley Town,3,1,4,4,4,2,2021,1,1,0,0,Home Win
2021-01-30,2020,Forest Green Rovers,Cheltenham,0,0,4,4,0,0,2021,1,0,0,1,Draw
2021-01-30,2020,Grimsby Town,Stevenage Borough,1,2,4,4,3,-1,2021,1,0,1,0,Away Win
2021-01-30,2020,Harrogate Town A.F.C.,Newport County,2,1,4,4,3,1,2021,1,1,0,0,Home Win
2021-01-30,2020,Morecambe,Tranmere Rovers,0,1,4,4,1,-1,2021,1,0,1,0,Away Win
2021-01-30,2020,Oldham Athletic,Salford City,2,1,4,4,3,1,2021,1,1,0,0,Home Win
2021-01-30,2020,Port Vale,Southend United,5,1,4,4,6,4,2021,1,1,0,0,Home Win
2021-01-31,2020,Chelsea,Burnley,2,0,1,1,2,2,2021,1,1,0,0,Home Win
2021-01-31,2020,Leicester City,Leeds United,1,3,1,1,4,-2,2021,1,0,1,0,Away Win
2021-01-31,2020,West Ham United,Liverpool,1,3,1,1,4,-2,2021,1,0,1,0,Away Win
2021-01-31,2020,Brighton & Hove Albion,Tottenham Hotspur,1,0,1,1,1,1,2021,1,1,0,0,Home Win
2021-02-01,2020,Watford,Queens Park Rangers,1,2,2,2,3,-1,2021,2,0,1,0,Away Win
2021-02-02,2020,Sheffield United,West Bromwich Albion,2,1,1,1,3,1,2021,2,1,0,0,Home Win
2021-02-02,2020,Wolverhampton Wanderers,Arsenal,2,1,1,1,3,1,2021,2,1,0,0,Home Win
2021-02-02,2020,Manchester United,Southampton,9,0,1,1,9,9,2021,2,1,0,0,Home Win
2021-02-02,2020,Newcastle United,Crystal Palace,1,2,1,1,3,-1,2021,2,0,1,0,Away Win
2021-02-02,2020,Millwall,Norwich City,0,0,2,2,0,0,2021,2,0,0,1,Draw
2021-02-02,2020,AFC Bournemouth,Sheffield Wednesday,1,2,2,2,3,-1,2021,2,0,1,0,Away Win
2021-02-02,2020,Coventry City,Nottingham Forest,1,2,2,2,3,-1,2021,2,0,1,0,Away Win
2021-02-02,2020,Wycombe Wanderers,Birmingham City,0,0,2,2,0,0,2021,2,0,0,1,Draw
2021-02-02,2020,Swindon Town,Wigan Athletic,1,0,3,3,1,1,2021,2,1,0,0,Home Win
2021-02-02,2020,Accrington,Bristol Rovers,6,1,3,3,7,5,2021,2,1,0,0,Home Win
2021-02-02,2020,Blackpool,Northampton Town,2,0,3,3,2,2,2021,2,1,0,0,Home Win
2021-02-02,2020,Charlton Athletic,Portsmouth,1,3,3,3,4,-2,2021,2,0,1,0,Away Win
2021-02-02,2020,Shrewsbury Town,Crewe Alexandra,0,1,3,3,1,-1,2021,2,0,1,0,Away Win
2021-02-02,2020,Carlisle United,Forest Green Rovers,1,2,4,4,3,-1,2021,2,0,1,0,Away Win
2021-02-02,2020,Crawley Town,Leyton Orient,0,0,4,4,0,0,2021,2,0,0,1,Draw
2021-02-02,2020,Stevenage Borough,Exeter City,0,1,4,4,1,-1,2021,2,0,1,0,Away Win
2021-02-03,2020,Burnley,Manchester City,0,2,1,1,2,-2,2021,2,0,1,0,Away Win
2021-02-03,2020,Fulham,Leicester City,0,2,1,1,2,-2,2021,2,0,1,0,Away Win
2021-02-03,2020,Leeds United,Everton,1,2,1,1,3,-1,2021,2,0,1,0,Away Win
2021-02-03,2020,Aston Villa,West Ham United,1,3,1,1,4,-2,2021,2,0,1,0,Away Win
2021-02-03,2020,Liverpool,Brighton & Hove Albion,0,1,1,1,1,-1,2021,2,0,1,0,Away Win
2021-02-03,2020,Rotherham United,Derby County,3,0,2,2,3,3,2021,2,1,0,0,Home Win
2021-02-03,2020,Brentford,Bristol City,3,2,2,2,5,1,2021,2,1,0,0,Home Win
2021-02-04,2020,Tottenham Hotspur,Chelsea,0,1,1,1,1,-1,2021,2,0,1,0,Away Win
2021-02-05,2020,Swansea City,Norwich City,2,0,2,2,2,2,2021,2,1,0,0,Home Win
2021-02-05,2020,Gillingham,Lincoln City,0,3,3,3,3,-3,2021,2,0,1,0,Away Win
2021-02-06,2020,Aston Villa,Arsenal,1,0,1,1,1,1,2021,2,1,0,0,Home Win
2021-02-06,2020,Burnley,Brighton & Hove Albion,1,1,1,1,2,0,2021,2,0,0,1,Draw
2021-02-06,2020,Newcastle United,Southampton,3,2,1,1,5,1,2021,2,1,0,0,Home Win
2021-02-06,2020,Fulham,West Ham United,0,0,1,1,0,0,2021,2,0,0,1,Draw
2021-02-06,2020,Manchester United,Everton,3,3,1,1,6,0,2021,2,0,0,1,Draw
2021-02-06,2020,Coventry City,Watford,0,0,2,2,0,0,2021,2,0,0,1,Draw
2021-02-06,2020,AFC Bournemouth,Birmingham City,3,2,2,2,5,1,2021,2,1,0,0,Home Win
2021-02-06,2020,Bristol City,Cardiff City,0,2,2,2,2,-2,2021,2,0,1,0,Away Win
2021-02-06,2020,Luton Town,Huddersfield Town,1,1,2,2,2,0,2021,2,0,0,1,Draw
2021-02-06,2020,Middlesbrough,Brentford,1,4,2,2,5,-3,2021,2,0,1,0,Away Win
2021-02-06,2020,Millwall,Sheffield Wednesday,4,1,2,2,5,3,2021,2,1,0,0,Home Win
2021-02-06,2020,Preston North End,Rotherham United,1,2,2,2,3,-1,2021,2,0,1,0,Away Win
2021-02-06,2020,Queens Park Rangers,Blackburn Rovers,1,0,2,2,1,1,2021,2,1,0,0,Home Win
2021-02-06,2020,Stoke City,Reading,0,0,2,2,0,0,2021,2,0,0,1,Draw
2021-02-06,2020,Wycombe Wanderers,Nottingham Forest,0,3,2,2,3,-3,2021,2,0,1,0,Away Win
2021-02-06,2020,Accrington,Northampton Town,0,0,3,3,0,0,2021,2,0,0,1,Draw
2021-02-06,2020,Burton Albion,Hull City,1,0,3,3,1,1,2021,2,1,0,0,Home Win
2021-02-06,2020,Doncaster Rovers,Oxford United,3,2,3,3,5,1,2021,2,1,0,0,Home Win
2021-02-06,2020,Fleetwood Town,Bristol Rovers,0,0,3,3,0,0,2021,2,0,0,1,Draw
2021-02-06,2020,Ipswich Town,Blackpool,2,0,3,3,2,2,2021,2,1,0,0,Home Win
2021-02-06,2020,Milton Keynes Dons,Sunderland,2,2,3,3,4,0,2021,2,0,0,1,Draw
2021-02-06,2020,Peterborough United,Crewe Alexandra,2,0,3,3,2,2,2021,2,1,0,0,Home Win
2021-02-06,2020,Portsmouth,Plymouth Argyle,2,2,3,3,4,0,2021,2,0,0,1,Draw
2021-02-06,2020,Rochdale,Charlton Athletic,0,2,3,3,2,-2,2021,2,0,1,0,Away Win
2021-02-06,2020,Swindon Town,Shrewsbury Town,0,1,3,3,1,-1,2021,2,0,1,0,Away Win
2021-02-06,2020,Wigan Athletic,AFC Wimbledon,2,3,3,3,5,-1,2021,2,0,1,0,Away Win
2021-02-06,2020,Exeter City,Bradford City,3,2,4,4,5,1,2021,2,1,0,0,Home Win
2021-02-06,2020,Barrow,Cambridge United,0,2,4,4,2,-2,2021,2,0,1,0,Away Win
2021-02-06,2020,Crawley Town,Harrogate Town A.F.C.,1,3,4,4,4,-2,2021,2,0,1,0,Away Win
2021-02-06,2020,Leyton Orient,Colchester United,0,0,4,4,0,0,2021,2,0,0,1,Draw
2021-02-06,2020,Newport County,Grimsby Town,1,0,4,4,1,1,2021,2,1,0,0,Home Win
2021-02-06,2020,Stevenage Borough,Morecambe,2,2,4,4,4,0,2021,2,0,0,1,Draw
2021-02-06,2020,Tranmere Rovers,Port Vale,3,1,4,4,4,2,2021,2,1,0,0,Home Win
2021-02-07,2020,Tottenham Hotspur,West Bromwich Albion,2,0,1,1,2,2,2021,2,1,0,0,Home Win
2021-02-07,2020,Wolverhampton Wanderers,Leicester City,0,0,1,1,0,0,2021,2,0,0,1,Draw
2021-02-07,2020,Liverpool,Manchester City,1,4,1,1,5,-3,2021,2,0,1,0,Away Win
2021-02-07,2020,Sheffield United,Chelsea,1,2,1,1,3,-1,2021,2,0,1,0,Away Win
2021-02-08,2020,Leeds United,Crystal Palace,2,0,1,1,2,2,2021,2,1,0,0,Home Win
2021-02-09,2020,Rotherham United,Cardiff City,1,2,2,2,3,-1,2021,2,0,1,0,Away Win
2021-02-09,2020,Sheffield Wednesday,Wycombe Wanderers,2,0,2,2,2,2,2021,2,1,0,0,Home Win
2021-02-09,2020,Accrington,Plymouth Argyle,0,1,3,3,1,-1,2021,2,0,1,0,Away Win
2021-02-09,2020,Bristol Rovers,Oxford United,0,2,3,3,2,-2,2021,2,0,1,0,Away Win
2021-02-09,2020,Hull City,Lincoln City,0,0,3,3,0,0,2021,2,0,0,1,Draw
2021-02-09,2020,Northampton Town,Wigan Athletic,0,1,3,3,1,-1,2021,2,0,1,0,Away Win
2021-02-09,2020,Peterborough United,Ipswich Town,2,1,3,3,3,1,2021,2,1,0,0,Home Win
2021-02-09,2020,Portsmouth,Swindon Town,2,0,3,3,2,2,2021,2,1,0,0,Home Win
2021-02-09,2020,Rochdale,Milton Keynes Dons,1,4,3,3,5,-3,2021,2,0,1,0,Away Win
2021-02-09,2020,Shrewsbury Town,Sunderland,2,1,3,3,3,1,2021,2,1,0,0,Home Win
2021-02-09,2020,Fleetwood Town,Doncaster Rovers,3,1,3,3,4,2,2021,2,1,0,0,Home Win
2021-02-09,2020,Salford City,Cambridge United,4,1,4,4,5,3,2021,2,1,0,0,Home Win
2021-02-09,2020,Harrogate Town A.F.C.,Cheltenham,0,1,4,4,1,-1,2021,2,0,1,0,Away Win
2021-02-09,2020,Walsall,Mansfield Town,1,1,4,4,2,0,2021,2,0,0,1,Draw
2021-02-09,2020,Bolton Wanderers,Morecambe,1,1,4,4,2,0,2021,2,0,0,1,Draw
2021-02-09,2020,Newport County,Southend United,0,1,4,4,1,-1,2021,2,0,1,0,Away Win
2021-02-09,2020,Tranmere Rovers,Stevenage Borough,0,1,4,4,1,-1,2021,2,0,1,0,Away Win
2021-02-10,2020,Reading,Brentford,1,3,2,2,4,-2,2021,2,0,1,0,Away Win
2021-02-12,2020,Blackburn Rovers,Preston North End,1,2,2,2,3,-1,2021,2,0,1,0,Away Win
2021-02-13,2020,Leicester City,Liverpool,3,1,1,1,4,2,2021,2,1,0,0,Home Win
2021-02-13,2020,Crystal Palace,Burnley,0,3,1,1,3,-3,2021,2,0,1,0,Away Win
2021-02-13,2020,Manchester City,Tottenham Hotspur,3,0,1,1,3,3,2021,2,1,0,0,Home Win
2021-02-13,2020,Brighton & Hove Albion,Aston Villa,0,0,1,1,0,0,2021,2,0,0,1,Draw
2021-02-13,2020,Nottingham Forest,AFC Bournemouth,0,0,2,2,0,0,2021,2,0,0,1,Draw
2021-02-13,2020,Birmingham City,Luton Town,0,1,2,2,1,-1,2021,2,0,1,0,Away Win
2021-02-13,2020,Cardiff City,Coventry City,3,1,2,2,4,2,2021,2,1,0,0,Home Win
2021-02-13,2020,Derby County,Middlesbrough,2,1,2,2,3,1,2021,2,1,0,0,Home Win
2021-02-13,2020,Huddersfield Town,Wycombe Wanderers,2,3,2,2,5,-1,2021,2,0,1,0,Away Win
2021-02-13,2020,Norwich City,Stoke City,4,1,2,2,5,3,2021,2,1,0,0,Home Win
2021-02-13,2020,Reading,Millwall,1,2,2,2,3,-1,2021,2,0,1,0,Away Win
2021-02-13,2020,Watford,Bristol City,6,0,2,2,6,6,2021,2,1,0,0,Home Win
2021-02-13,2020,Charlton Athletic,Gillingham,2,3,3,3,5,-1,2021,2,0,1,0,Away Win
2021-02-13,2020,Hull City,Milton Keynes Dons,0,1,3,3,1,-1,2021,2,0,1,0,Away Win
2021-02-13,2020,Northampton Town,Burton Albion,0,2,3,3,2,-2,2021,2,0,1,0,Away Win
2021-02-13,2020,Plymouth Argyle,Fleetwood Town,1,0,3,3,1,1,2021,2,1,0,0,Home Win
2021-02-13,2020,Sunderland,Doncaster Rovers,4,1,3,3,5,3,2021,2,1,0,0,Home Win
2021-02-13,2020,Bolton Wanderers,Stevenage Borough,1,0,4,4,1,1,2021,2,1,0,0,Home Win
2021-02-13,2020,Cambridge United,Southend United,0,0,4,4,0,0,2021,2,0,0,1,Draw
2021-02-14,2020,Southampton,Wolverhampton Wanderers,1,2,1,1,3,-1,2021,2,0,1,0,Away Win
2021-02-14,2020,West Bromwich Albion,Manchester United,1,1,1,1,2,0,2021,2,0,0,1,Draw
2021-02-14,2020,Arsenal,Leeds United,4,2,1,1,6,2,2021,2,1,0,0,Home Win
2021-02-14,2020,Everton,Fulham,0,2,1,1,2,-2,2021,2,0,1,0,Away Win
2021-02-14,2020,Brentford,Barnsley,0,2,2,2,2,-2,2021,2,0,1,0,Away Win
2021-02-14,2020,Oxford United,Wigan Athletic,2,1,3,3,3,1,2021,2,1,0,0,Home Win
2021-02-14,2020,Lincoln City,Accrington,2,2,3,3,4,0,2021,2,0,0,1,Draw
2021-02-14,2020,Colchester United,Mansfield Town,2,2,4,4,4,0,2021,2,0,0,1,Draw
2021-02-15,2020,West Ham United,Sheffield United,3,0,1,1,3,3,2021,2,1,0,0,Home Win
2021-02-15,2020,Chelsea,Newcastle United,2,0,1,1,2,2,2021,2,1,0,0,Home Win
2021-02-16,2020,Preston North End,Watford,0,1,2,2,1,-1,2021,2,0,1,0,Away Win
2021-02-16,2020,Stoke City,Sheffield Wednesday,1,0,2,2,1,1,2021,2,1,0,0,Home Win
2021-02-16,2020,Bristol City,Reading,0,2,2,2,2,-2,2021,2,0,1,0,Away Win
2021-02-16,2020,Middlesbrough,Huddersfield Town,2,1,2,2,3,1,2021,2,1,0,0,Home Win
2021-02-16,2020,Wycombe Wanderers,Derby County,1,2,2,2,3,-1,2021,2,0,1,0,Away Win
2021-02-16,2020,Luton Town,Cardiff City,0,2,2,2,2,-2,2021,2,0,1,0,Away Win
2021-02-16,2020,Gillingham,Peterborough United,1,3,3,3,4,-2,2021,2,0,1,0,Away Win
2021-02-16,2020,Blackpool,Rochdale,1,0,3,3,1,1,2021,2,1,0,0,Home Win
2021-02-16,2020,Bristol Rovers,Portsmouth,3,1,3,3,4,2,2021,2,1,0,0,Home Win
2021-02-16,2020,Ipswich Town,Northampton Town,0,0,3,3,0,0,2021,2,0,0,1,Draw
2021-02-16,2020,Bradford City,Morecambe,2,1,4,4,3,1,2021,2,1,0,0,Home Win
2021-02-16,2020,Crawley Town,Stevenage Borough,0,1,4,4,1,-1,2021,2,0,1,0,Away Win
2021-02-16,2020,Forest Green Rovers,Oldham Athletic,4,3,4,4,7,1,2021,2,1,0,0,Home Win
2021-02-16,2020,Harrogate Town A.F.C.,Carlisle United,1,0,4,4,1,1,2021,2,1,0,0,Home Win
2021-02-16,2020,Newport County,Exeter City,1,1,4,4,2,0,2021,2,0,0,1,Draw
2021-02-16,2020,Salford City,Barrow,1,0,4,4,1,1,2021,2,1,0,0,Home Win
2021-02-16,2020,Walsall,Cheltenham,1,2,4,4,3,-1,2021,2,0,1,0,Away Win
2021-02-17,2020,Burnley,Fulham,1,1,1,1,2,0,2021,2,0,0,1,Draw
2021-02-17,2020,Everton,Manchester City,1,3,1,1,4,-2,2021,2,0,1,0,Away Win
2021-02-17,2020,Coventry City,Norwich City,0,2,2,2,2,-2,2021,2,0,1,0,Away Win
2021-02-17,2020,Millwall,Birmingham City,2,0,2,2,2,2,2021,2,1,0,0,Home Win
2021-02-17,2020,Queens Park Rangers,Brentford,2,1,2,2,3,1,2021,2,1,0,0,Home Win
2021-02-17,2020,Swansea City,Nottingham Forest,1,0,2,2,1,1,2021,2,1,0,0,Home Win
2021-02-17,2020,Barnsley,Blackburn Rovers,2,1,2,2,3,1,2021,2,1,0,0,Home Win
2021-02-17,2020,AFC Bournemouth,Rotherham United,1,0,2,2,1,1,2021,2,1,0,0,Home Win
2021-02-17,2020,Wigan Athletic,Hull City,0,5,3,3,5,-5,2021,2,0,1,0,Away Win
2021-02-17,2020,Doncaster Rovers,Accrington,0,1,3,3,1,-1,2021,2,0,1,0,Away Win
2021-02-17,2020,Mansfield Town,Bolton Wanderers,2,3,4,4,5,-1,2021,2,0,1,0,Away Win
2021-02-19,2020,Wolverhampton Wanderers,Leeds United,1,0,1,1,1,1,2021,2,1,0,0,Home Win
2021-02-19,2020,Watford,Derby County,2,1,2,2,3,1,2021,2,1,0,0,Home Win
2021-02-20,2020,Southampton,Chelsea,1,1,1,1,2,0,2021,2,0,0,1,Draw
2021-02-20,2020,Burnley,West Bromwich Albion,0,0,1,1,0,0,2021,2,0,0,1,Draw
2021-02-20,2020,Liverpool,Everton,0,2,1,1,2,-2,2021,2,0,1,0,Away Win
2021-02-20,2020,Fulham,Sheffield United,1,0,1,1,1,1,2021,2,1,0,0,Home Win
2021-02-20,2020,Coventry City,Brentford,2,0,2,2,2,2,2021,2,1,0,0,Home Win
2021-02-20,2020,Bristol City,Barnsley,0,1,2,2,1,-1,2021,2,0,1,0,Away Win
2021-02-20,2020,Cardiff City,Preston North End,4,0,2,2,4,4,2021,2,1,0,0,Home Win
2021-02-20,2020,Huddersfield Town,Swansea City,4,1,2,2,5,3,2021,2,1,0,0,Home Win
2021-02-20,2020,Millwall,Wycombe Wanderers,0,0,2,2,0,0,2021,2,0,0,1,Draw
2021-02-20,2020,Norwich City,Rotherham United,1,0,2,2,1,1,2021,2,1,0,0,Home Win
2021-02-20,2020,Nottingham Forest,Blackburn Rovers,1,0,2,2,1,1,2021,2,1,0,0,Home Win
2021-02-20,2020,Queens Park Rangers,AFC Bournemouth,2,1,2,2,3,1,2021,2,1,0,0,Home Win
2021-02-20,2020,Reading,Middlesbrough,0,2,2,2,2,-2,2021,2,0,1,0,Away Win
2021-02-20,2020,Sheffield Wednesday,Birmingham City,0,1,2,2,1,-1,2021,2,0,1,0,Away Win
2021-02-20,2020,Stoke City,Luton Town,3,0,2,2,3,3,2021,2,1,0,0,Home Win
2021-02-20,2020,Gillingham,Bristol Rovers,2,0,3,3,2,2,2021,2,1,0,0,Home Win
2021-02-20,2020,Accrington,Shrewsbury Town,1,1,3,3,2,0,2021,2,0,0,1,Draw
2021-02-20,2020,Burton Albion,Sunderland,0,3,3,3,3,-3,2021,2,0,1,0,Away Win
2021-02-20,2020,Doncaster Rovers,Hull City,3,3,3,3,6,0,2021,2,0,0,1,Draw
2021-02-20,2020,Fleetwood Town,Charlton Athletic,1,1,3,3,2,0,2021,2,0,0,1,Draw
2021-02-20,2020,Ipswich Town,Oxford United,0,0,3,3,0,0,2021,2,0,0,1,Draw
2021-02-20,2020,Milton Keynes Dons,Northampton Town,4,3,3,3,7,1,2021,2,1,0,0,Home Win
2021-02-20,2020,Peterborough United,AFC Wimbledon,3,0,3,3,3,3,2021,2,1,0,0,Home Win
2021-02-20,2020,Portsmouth,Blackpool,0,1,3,3,1,-1,2021,2,0,1,0,Away Win
2021-02-20,2020,Rochdale,Plymouth Argyle,0,0,3,3,0,0,2021,2,0,0,1,Draw
2021-02-20,2020,Swindon Town,Crewe Alexandra,2,1,3,3,3,1,2021,2,1,0,0,Home Win
2021-02-20,2020,Wigan Athletic,Lincoln City,1,2,3,3,3,-1,2021,2,0,1,0,Away Win
2021-02-20,2020,Barrow,Morecambe,1,2,4,4,3,-1,2021,2,0,1,0,Away Win
2021-02-20,2020,Cheltenham,Bradford City,0,2,4,4,2,-2,2021,2,0,1,0,Away Win
2021-02-20,2020,Crawley Town,Colchester United,1,0,4,4,1,1,2021,2,1,0,0,Home Win
2021-02-20,2020,Leyton Orient,Port Vale,1,1,4,4,2,0,2021,2,0,0,1,Draw
2021-02-20,2020,Mansfield Town,Cambridge United,0,3,4,4,3,-3,2021,2,0,1,0,Away Win
2021-02-20,2020,Salford City,Carlisle United,1,1,4,4,2,0,2021,2,0,0,1,Draw
2021-02-20,2020,Scunthorpe United,Harrogate Town A.F.C.,3,1,4,4,4,2,2021,2,1,0,0,Home Win
2021-02-20,2020,Southend United,Bolton Wanderers,0,1,4,4,1,-1,2021,2,0,1,0,Away Win
2021-02-20,2020,Stevenage Borough,Walsall,1,1,4,4,2,0,2021,2,0,0,1,Draw
2021-02-20,2020,Tranmere Rovers,Oldham Athletic,2,2,4,4,4,0,2021,2,0,0,1,Draw
2021-02-21,2020,West Ham United,Tottenham Hotspur,2,1,1,1,3,1,2021,2,1,0,0,Home Win
2021-02-21,2020,Aston Villa,Leicester City,1,2,1,1,3,-1,2021,2,0,1,0,Away Win
2021-02-21,2020,Arsenal,Manchester City,0,1,1,1,1,-1,2021,2,0,1,0,Away Win
2021-02-21,2020,Manchester United,Newcastle United,3,1,1,1,4,2,2021,2,1,0,0,Home Win
2021-02-21,2020,Newport County,Forest Green Rovers,0,2,4,4,2,-2,2021,2,0,1,0,Away Win
2021-02-22,2020,Brighton & Hove Albion,Crystal Palace,1,2,1,1,3,-1,2021,2,0,1,0,Away Win
2021-02-23,2020,Leeds United,Southampton,3,0,1,1,3,3,2021,2,1,0,0,Home Win
2021-02-23,2020,Birmingham City,Norwich City,1,3,2,2,4,-2,2021,2,0,1,0,Away Win
2021-02-23,2020,Derby County,Huddersfield Town,2,0,2,2,2,2,2021,2,1,0,0,Home Win
2021-02-23,2020,Middlesbrough,Bristol City,1,3,2,2,4,-2,2021,2,0,1,0,Away Win
2021-02-23,2020,Luton Town,Millwall,1,1,2,2,2,0,2021,2,0,0,1,Draw
2021-02-23,2020,Rotherham United,Nottingham Forest,0,1,2,2,1,-1,2021,2,0,1,0,Away Win
2021-02-23,2020,Wycombe Wanderers,Reading,1,0,2,2,1,1,2021,2,1,0,0,Home Win
2021-02-23,2020,AFC Wimbledon,Gillingham,1,0,3,3,1,1,2021,2,1,0,0,Home Win
2021-02-23,2020,Bristol Rovers,Wigan Athletic,1,2,3,3,3,-1,2021,2,0,1,0,Away Win
2021-02-23,2020,Charlton Athletic,Burton Albion,1,2,3,3,3,-1,2021,2,0,1,0,Away Win
2021-02-23,2020,Crewe Alexandra,Accrington,2,0,3,3,2,2,2021,2,1,0,0,Home Win
2021-02-23,2020,Hull City,Ipswich Town,0,1,3,3,1,-1,2021,2,0,1,0,Away Win
2021-02-23,2020,Lincoln City,Swindon Town,2,2,3,3,4,0,2021,2,0,0,1,Draw
2021-02-23,2020,Northampton Town,Rochdale,0,0,3,3,0,0,2021,2,0,0,1,Draw
2021-02-23,2020,Oxford United,Portsmouth,0,1,3,3,1,-1,2021,2,0,1,0,Away Win
2021-02-23,2020,Shrewsbury Town,Milton Keynes Dons,4,2,3,3,6,2,2021,2,1,0,0,Home Win
2021-02-23,2020,Sunderland,Fleetwood Town,2,0,3,3,2,2,2021,2,1,0,0,Home Win
2021-02-23,2020,Plymouth Argyle,Peterborough United,0,3,3,3,3,-3,2021,2,0,1,0,Away Win
2021-02-23,2020,Morecambe,Salford City,2,1,4,4,3,1,2021,2,1,0,0,Home Win
2021-02-23,2020,Bolton Wanderers,Scunthorpe United,2,0,4,4,2,2,2021,2,1,0,0,Home Win
2021-02-23,2020,Bradford City,Leyton Orient,1,0,4,4,1,1,2021,2,1,0,0,Home Win
2021-02-23,2020,Cambridge United,Cheltenham,0,1,4,4,1,-1,2021,2,0,1,0,Away Win
2021-02-23,2020,Carlisle United,Tranmere Rovers,2,3,4,4,5,-1,2021,2,0,1,0,Away Win
2021-02-23,2020,Colchester United,Exeter City,1,2,4,4,3,-1,2021,2,0,1,0,Away Win
2021-02-23,2020,Grimsby Town,Crawley Town,2,1,4,4,3,1,2021,2,1,0,0,Home Win
2021-02-23,2020,Harrogate Town A.F.C.,Mansfield Town,1,0,4,4,1,1,2021,2,1,0,0,Home Win
2021-02-23,2020,Oldham Athletic,Barrow,0,1,4,4,1,-1,2021,2,0,1,0,Away Win
2021-02-23,2020,Port Vale,Stevenage Borough,0,0,4,4,0,0,2021,2,0,0,1,Draw
2021-02-24,2020,Barnsley,Stoke City,2,0,2,2,2,2,2021,2,1,0,0,Home Win
2021-02-24,2020,Brentford,Sheffield Wednesday,3,0,2,2,3,3,2021,2,1,0,0,Home Win
2021-02-24,2020,Swansea City,Coventry City,1,0,2,2,1,1,2021,2,1,0,0,Home Win
2021-02-24,2020,Blackburn Rovers,Watford,2,3,2,2,5,-1,2021,2,0,1,0,Away Win
2021-02-24,2020,AFC Bournemouth,Cardiff City,1,2,2,2,3,-1,2021,2,0,1,0,Away Win
2021-02-24,2020,Preston North End,Queens Park Rangers,0,0,2,2,0,0,2021,2,0,0,1,Draw
2021-02-24,2020,Walsall,Newport County,0,1,4,4,1,-1,2021,2,0,1,0,Away Win
2021-02-24,2020,Forest Green Rovers,Southend United,1,3,4,4,4,-2,2021,2,0,1,0,Away Win
2021-02-26,2020,Derby County,Nottingham Forest,1,1,2,2,2,0,2021,2,0,0,1,Draw
2021-02-27,2020,Manchester City,West Ham United,2,1,1,1,3,1,2021,2,1,0,0,Home Win
2021-02-27,2020,West Bromwich Albion,Brighton & Hove Albion,1,0,1,1,1,1,2021,2,1,0,0,Home Win
2021-02-27,2020,Leeds United,Aston Villa,0,1,1,1,1,-1,2021,2,0,1,0,Away Win
2021-02-27,2020,Newcastle United,Wolverhampton Wanderers,1,1,1,1,2,0,2021,2,0,0,1,Draw
2021-02-27,2020,AFC Bournemouth,Watford,1,0,2,2,1,1,2021,2,1,0,0,Home Win
2021-02-27,2020,Barnsley,Millwall,2,1,2,2,3,1,2021,2,1,0,0,Home Win
2021-02-27,2020,Birmingham City,Queens Park Rangers,2,1,2,2,3,1,2021,2,1,0,0,Home Win
2021-02-27,2020,Blackburn Rovers,Coventry City,1,1,2,2,2,0,2021,2,0,0,1,Draw
2021-02-27,2020,Brentford,Stoke City,2,1,2,2,3,1,2021,2,1,0,0,Home Win
2021-02-27,2020,Luton Town,Sheffield Wednesday,3,2,2,2,5,1,2021,2,1,0,0,Home Win
2021-02-27,2020,Middlesbrough,Cardiff City,1,1,2,2,2,0,2021,2,0,0,1,Draw
2021-02-27,2020,Preston North End,Huddersfield Town,3,0,2,2,3,3,2021,2,1,0,0,Home Win
2021-02-27,2020,Rotherham United,Reading,0,1,2,2,1,-1,2021,2,0,1,0,Away Win
2021-02-27,2020,Swansea City,Bristol City,1,3,2,2,4,-2,2021,2,0,1,0,Away Win
2021-02-27,2020,AFC Wimbledon,Hull City,0,3,3,3,3,-3,2021,2,0,1,0,Away Win
2021-02-27,2020,Bristol Rovers,Shrewsbury Town,2,1,3,3,3,1,2021,2,1,0,0,Home Win
2021-02-27,2020,Charlton Athletic,Blackpool,0,3,3,3,3,-3,2021,2,0,1,0,Away Win
2021-02-27,2020,Crewe Alexandra,Sunderland,2,2,3,3,4,0,2021,2,0,0,1,Draw
2021-02-27,2020,Fleetwood Town,Accrington,1,1,3,3,2,0,2021,2,0,0,1,Draw
2021-02-27,2020,Ipswich Town,Doncaster Rovers,2,1,3,3,3,1,2021,2,1,0,0,Home Win
2021-02-27,2020,Milton Keynes Dons,Oxford United,1,1,3,3,2,0,2021,2,0,0,1,Draw
2021-02-27,2020,Peterborough United,Wigan Athletic,2,1,3,3,3,1,2021,2,1,0,0,Home Win
2021-02-27,2020,Plymouth Argyle,Lincoln City,4,3,3,3,7,1,2021,2,1,0,0,Home Win
2021-02-27,2020,Portsmouth,Gillingham,1,1,3,3,2,0,2021,2,0,0,1,Draw
2021-02-27,2020,Rochdale,Burton Albion,0,2,3,3,2,-2,2021,2,0,1,0,Away Win
2021-02-27,2020,Swindon Town,Northampton Town,2,1,3,3,3,1,2021,2,1,0,0,Home Win
2021-02-27,2020,Crawley Town,Exeter City,2,0,4,4,2,2,2021,2,1,0,0,Home Win
2021-02-27,2020,Bolton Wanderers,Barrow,1,0,4,4,1,1,2021,2,1,0,0,Home Win
2021-02-27,2020,Carlisle United,Oldham Athletic,1,3,4,4,4,-2,2021,2,0,1,0,Away Win
2021-02-27,2020,Harrogate Town A.F.C.,Grimsby Town,1,0,4,4,1,1,2021,2,1,0,0,Home Win
2021-02-27,2020,Leyton Orient,Tranmere Rovers,1,3,4,4,4,-2,2021,2,0,1,0,Away Win
2021-02-27,2020,Mansfield Town,Morecambe,1,0,4,4,1,1,2021,2,1,0,0,Home Win
2021-02-27,2020,Newport County,Stevenage Borough,0,0,4,4,0,0,2021,2,0,0,1,Draw
2021-02-27,2020,Port Vale,Cambridge United,0,1,4,4,1,-1,2021,2,0,1,0,Away Win
2021-02-27,2020,Scunthorpe United,Cheltenham,0,2,4,4,2,-2,2021,2,0,1,0,Away Win
2021-02-27,2020,Southend United,Salford City,0,0,4,4,0,0,2021,2,0,0,1,Draw
2021-02-27,2020,Walsall,Bradford City,1,2,4,4,3,-1,2021,2,0,1,0,Away Win
2021-02-27,2020,Forest Green Rovers,Colchester United,3,0,4,4,3,3,2021,2,1,0,0,Home Win
2021-02-28,2020,Crystal Palace,Fulham,0,0,1,1,0,0,2021,2,0,0,1,Draw
2021-02-28,2020,Leicester City,Arsenal,1,3,1,1,4,-2,2021,2,0,1,0,Away Win
2021-02-28,2020,Tottenham Hotspur,Burnley,4,0,1,1,4,4,2021,2,1,0,0,Home Win
2021-02-28,2020,Chelsea,Manchester United,0,0,1,1,0,0,2021,2,0,0,1,Draw
2021-02-28,2020,Sheffield United,Liverpool,0,2,1,1,2,-2,2021,2,0,1,0,Away Win
2021-02-28,2020,Wycombe Wanderers,Norwich City,0,2,2,2,2,-2,2021,2,0,1,0,Away Win
2021-03-01,2020,Everton,Southampton,1,0,1,1,1,1,2021,3,1,0,0,Home Win
2021-03-02,2020,Manchester City,Wolverhampton Wanderers,4,1,1,1,5,3,2021,3,1,0,0,Home Win
2021-03-02,2020,Cardiff City,Derby County,4,0,2,2,4,4,2021,3,1,0,0,Home Win
2021-03-02,2020,Coventry City,Middlesbrough,1,2,2,2,3,-1,2021,3,0,1,0,Away Win
2021-03-02,2020,Huddersfield Town,Birmingham City,1,1,2,2,2,0,2021,3,0,0,1,Draw
2021-03-02,2020,Millwall,Preston North End,2,1,2,2,3,1,2021,3,1,0,0,Home Win
2021-03-02,2020,Nottingham Forest,Luton Town,0,1,2,2,1,-1,2021,3,0,1,0,Away Win
2021-03-02,2020,Reading,Blackburn Rovers,1,0,2,2,1,1,2021,3,1,0,0,Home Win
2021-03-02,2020,Gillingham,Milton Keynes Dons,3,2,3,3,5,1,2021,3,1,0,0,Home Win
2021-03-02,2020,Wigan Athletic,Charlton Athletic,0,1,3,3,1,-1,2021,3,0,1,0,Away Win
2021-03-02,2020,Accrington,Ipswich Town,1,2,3,3,3,-1,2021,3,0,1,0,Away Win
2021-03-02,2020,Blackpool,Crewe Alexandra,1,1,3,3,2,0,2021,3,0,0,1,Draw
2021-03-02,2020,Burton Albion,Bristol Rovers,1,0,3,3,1,1,2021,3,1,0,0,Home Win
2021-03-02,2020,Doncaster Rovers,Portsmouth,2,1,3,3,3,1,2021,3,1,0,0,Home Win
2021-03-02,2020,Hull City,Rochdale,2,0,3,3,2,2,2021,3,1,0,0,Home Win
2021-03-02,2020,Lincoln City,Fleetwood Town,1,2,3,3,3,-1,2021,3,0,1,0,Away Win
2021-03-02,2020,Northampton Town,Plymouth Argyle,2,0,3,3,2,2,2021,3,1,0,0,Home Win
2021-03-02,2020,Oxford United,Peterborough United,0,0,3,3,0,0,2021,3,0,0,1,Draw
2021-03-02,2020,Shrewsbury Town,AFC Wimbledon,1,1,3,3,2,0,2021,3,0,0,1,Draw
2021-03-02,2020,Sunderland,Swindon Town,1,0,3,3,1,1,2021,3,1,0,0,Home Win
2021-03-02,2020,Morecambe,Crawley Town,3,1,4,4,4,2,2021,3,1,0,0,Home Win
2021-03-02,2020,Barrow,Harrogate Town A.F.C.,0,1,4,4,1,-1,2021,3,0,1,0,Away Win
2021-03-02,2020,Bradford City,Mansfield Town,1,0,4,4,1,1,2021,3,1,0,0,Home Win
2021-03-02,2020,Cambridge United,Scunthorpe United,0,1,4,4,1,-1,2021,3,0,1,0,Away Win
2021-03-02,2020,Cheltenham,Southend United,1,0,4,4,1,1,2021,3,1,0,0,Home Win
2021-03-02,2020,Colchester United,Carlisle United,2,1,4,4,3,1,2021,3,1,0,0,Home Win
2021-03-02,2020,Exeter City,Walsall,0,0,4,4,0,0,2021,3,0,0,1,Draw
2021-03-02,2020,Grimsby Town,Leyton Orient,0,1,4,4,1,-1,2021,3,0,1,0,Away Win
2021-03-02,2020,Oldham Athletic,Bolton Wanderers,0,2,4,4,2,-2,2021,3,0,1,0,Away Win
2021-03-02,2020,Salford City,Port Vale,1,0,4,4,1,1,2021,3,1,0,0,Home Win
2021-03-02,2020,Stevenage Borough,Forest Green Rovers,3,0,4,4,3,3,2021,3,1,0,0,Home Win
2021-03-02,2020,Tranmere Rovers,Newport County,1,0,4,4,1,1,2021,3,1,0,0,Home Win
2021-03-03,2020,Burnley,Leicester City,1,1,1,1,2,0,2021,3,0,0,1,Draw
2021-03-03,2020,Sheffield United,Aston Villa,1,0,1,1,1,1,2021,3,1,0,0,Home Win
2021-03-03,2020,Crystal Palace,Manchester United,0,0,1,1,0,0,2021,3,0,0,1,Draw
2021-03-03,2020,Norwich City,Brentford,1,0,2,2,1,1,2021,3,1,0,0,Home Win
2021-03-03,2020,Queens Park Rangers,Barnsley,1,3,2,2,4,-2,2021,3,0,1,0,Away Win
2021-03-03,2020,Watford,Wycombe Wanderers,2,0,2,2,2,2,2021,3,1,0,0,Home Win
2021-03-03,2020,Bristol City,AFC Bournemouth,1,2,2,2,3,-1,2021,3,0,1,0,Away Win
2021-03-03,2020,Sheffield Wednesday,Rotherham United,1,2,2,2,3,-1,2021,3,0,1,0,Away Win
2021-03-03,2020,Stoke City,Swansea City,1,2,2,2,3,-1,2021,3,0,1,0,Away Win
2021-03-04,2020,Fulham,Tottenham Hotspur,0,1,1,1,1,-1,2021,3,0,1,0,Away Win
2021-03-04,2020,West Bromwich Albion,Everton,0,1,1,1,1,-1,2021,3,0,1,0,Away Win
2021-03-04,2020,Liverpool,Chelsea,0,1,1,1,1,-1,2021,3,0,1,0,Away Win
2021-03-05,2020,Huddersfield Town,Cardiff City,0,0,2,2,0,0,2021,3,0,0,1,Draw
2021-03-06,2020,Burnley,Arsenal,1,1,1,1,2,0,2021,3,0,0,1,Draw
2021-03-06,2020,Sheffield United,Southampton,0,2,1,1,2,-2,2021,3,0,1,0,Away Win
2021-03-06,2020,Aston Villa,Wolverhampton Wanderers,0,0,1,1,0,0,2021,3,0,0,1,Draw
2021-03-06,2020,Brighton & Hove Albion,Leicester City,1,2,1,1,3,-1,2021,3,0,1,0,Away Win
2021-03-06,2020,Watford,Nottingham Forest,1,0,2,2,1,1,2021,3,1,0,0,Home Win
2021-03-06,2020,Barnsley,Birmingham City,1,0,2,2,1,1,2021,3,1,0,0,Home Win
2021-03-06,2020,Bristol City,Queens Park Rangers,0,2,2,2,2,-2,2021,3,0,1,0,Away Win
2021-03-06,2020,Coventry City,Derby County,1,0,2,2,1,1,2021,3,1,0,0,Home Win
2021-03-06,2020,Millwall,Blackburn Rovers,0,2,2,2,2,-2,2021,3,0,1,0,Away Win
2021-03-06,2020,Norwich City,Luton Town,3,0,2,2,3,3,2021,3,1,0,0,Home Win
2021-03-06,2020,Preston North End,AFC Bournemouth,1,1,2,2,2,0,2021,3,0,0,1,Draw
2021-03-06,2020,Reading,Sheffield Wednesday,3,0,2,2,3,3,2021,3,1,0,0,Home Win
2021-03-06,2020,Stoke City,Wycombe Wanderers,2,0,2,2,2,2,2021,3,1,0,0,Home Win
2021-03-06,2020,Swansea City,Middlesbrough,2,1,2,2,3,1,2021,3,1,0,0,Home Win
2021-03-06,2020,Gillingham,Ipswich Town,3,1,3,3,4,2,2021,3,1,0,0,Home Win
2021-03-06,2020,Accrington,Swindon Town,2,1,3,3,3,1,2021,3,1,0,0,Home Win
2021-03-06,2020,Blackpool,AFC Wimbledon,1,1,3,3,2,0,2021,3,0,0,1,Draw
2021-03-06,2020,Burton Albion,Peterborough United,2,1,3,3,3,1,2021,3,1,0,0,Home Win
2021-03-06,2020,Doncaster Rovers,Plymouth Argyle,2,1,3,3,3,1,2021,3,1,0,0,Home Win
2021-03-06,2020,Hull City,Bristol Rovers,2,0,3,3,2,2,2021,3,1,0,0,Home Win
2021-03-06,2020,Lincoln City,Crewe Alexandra,3,0,3,3,3,3,2021,3,1,0,0,Home Win
2021-03-06,2020,Northampton Town,Portsmouth,4,1,3,3,5,3,2021,3,1,0,0,Home Win
2021-03-06,2020,Oxford United,Charlton Athletic,0,0,3,3,0,0,2021,3,0,0,1,Draw
2021-03-06,2020,Shrewsbury Town,Fleetwood Town,0,2,3,3,2,-2,2021,3,0,1,0,Away Win
2021-03-06,2020,Sunderland,Rochdale,2,0,3,3,2,2,2021,3,1,0,0,Home Win
2021-03-06,2020,Wigan Athletic,Milton Keynes Dons,3,0,3,3,3,3,2021,3,1,0,0,Home Win
2021-03-06,2020,Exeter City,Leyton Orient,4,0,4,4,4,4,2021,3,1,0,0,Home Win
2021-03-06,2020,Barrow,Mansfield Town,2,0,4,4,2,2,2021,3,1,0,0,Home Win
2021-03-06,2020,Bradford City,Bolton Wanderers,1,1,4,4,2,0,2021,3,0,0,1,Draw
2021-03-06,2020,Cambridge United,Walsall,1,0,4,4,1,1,2021,3,1,0,0,Home Win
2021-03-06,2020,Cheltenham,Port Vale,3,2,4,4,5,1,2021,3,1,0,0,Home Win
2021-03-06,2020,Colchester United,Newport County,0,2,4,4,2,-2,2021,3,0,1,0,Away Win
2021-03-06,2020,Grimsby Town,Forest Green Rovers,1,2,4,4,3,-1,2021,3,0,1,0,Away Win
2021-03-06,2020,Morecambe,Carlisle United,3,1,4,4,4,2,2021,3,1,0,0,Home Win
2021-03-06,2020,Oldham Athletic,Southend United,0,0,4,4,0,0,2021,3,0,0,1,Draw
2021-03-06,2020,Salford City,Scunthorpe United,1,1,4,4,2,0,2021,3,0,0,1,Draw
2021-03-06,2020,Stevenage Borough,Harrogate Town A.F.C.,1,0,4,4,1,1,2021,3,1,0,0,Home Win
2021-03-06,2020,Tranmere Rovers,Crawley Town,0,1,4,4,1,-1,2021,3,0,1,0,Away Win
2021-03-07,2020,West Bromwich Albion,Newcastle United,0,0,1,1,0,0,2021,3,0,0,1,Draw
2021-03-07,2020,Liverpool,Fulham,0,1,1,1,1,-1,2021,3,0,1,0,Away Win
2021-03-07,2020,Manchester City,Manchester United,0,2,1,1,2,-2,2021,3,0,1,0,Away Win
2021-03-07,2020,Tottenham Hotspur,Crystal Palace,4,1,1,1,5,3,2021,3,1,0,0,Home Win
2021-03-08,2020,Chelsea,Everton,2,0,1,1,2,2,2021,3,1,0,0,Home Win
2021-03-08,2020,West Ham United,Leeds United,2,0,1,1,2,2,2021,3,1,0,0,Home Win
2021-03-09,2020,Blackburn Rovers,Swansea City,1,1,2,2,2,0,2021,3,0,0,1,Draw
2021-03-09,2020,Queens Park Rangers,Wycombe Wanderers,1,0,2,2,1,1,2021,3,1,0,0,Home Win
2021-03-09,2020,AFC Wimbledon,Burton Albion,0,1,3,3,1,-1,2021,3,0,1,0,Away Win
2021-03-09,2020,Bristol Rovers,Accrington,4,1,3,3,5,3,2021,3,1,0,0,Home Win
2021-03-09,2020,Charlton Athletic,Northampton Town,2,1,3,3,3,1,2021,3,1,0,0,Home Win
2021-03-09,2020,Crewe Alexandra,Doncaster Rovers,1,0,3,3,1,1,2021,3,1,0,0,Home Win
2021-03-09,2020,Ipswich Town,Lincoln City,1,1,3,3,2,0,2021,3,0,0,1,Draw
2021-03-09,2020,Milton Keynes Dons,Blackpool,0,1,3,3,1,-1,2021,3,0,1,0,Away Win
2021-03-09,2020,Peterborough United,Hull City,1,3,3,3,4,-2,2021,3,0,1,0,Away Win
2021-03-09,2020,Plymouth Argyle,Wigan Athletic,0,2,3,3,2,-2,2021,3,0,1,0,Away Win
2021-03-09,2020,Rochdale,Shrewsbury Town,0,2,3,3,2,-2,2021,3,0,1,0,Away Win
2021-03-09,2020,Swindon Town,Oxford United,1,2,3,3,3,-1,2021,3,0,1,0,Away Win
2021-03-09,2020,Fleetwood Town,Gillingham,1,0,3,3,1,1,2021,3,1,0,0,Home Win
2021-03-09,2020,Portsmouth,Sunderland,0,2,3,3,2,-2,2021,3,0,1,0,Away Win
2021-03-09,2020,Bolton Wanderers,Cambridge United,2,1,4,4,3,1,2021,3,1,0,0,Home Win
2021-03-09,2020,Carlisle United,Grimsby Town,1,1,4,4,2,0,2021,3,0,0,1,Draw
2021-03-09,2020,Crawley Town,Salford City,1,0,4,4,1,1,2021,3,1,0,0,Home Win
2021-03-09,2020,Forest Green Rovers,Morecambe,2,2,4,4,4,0,2021,3,0,0,1,Draw
2021-03-09,2020,Harrogate Town A.F.C.,Colchester United,3,0,4,4,3,3,2021,3,1,0,0,Home Win
2021-03-09,2020,Leyton Orient,Stevenage Borough,0,0,4,4,0,0,2021,3,0,0,1,Draw
2021-03-09,2020,Mansfield Town,Cheltenham,3,1,4,4,4,2,2021,3,1,0,0,Home Win
2021-03-09,2020,Newport County,Bradford City,2,1,4,4,3,1,2021,3,1,0,0,Home Win
2021-03-09,2020,Port Vale,Oldham Athletic,0,0,4,4,0,0,2021,3,0,0,1,Draw
2021-03-09,2020,Scunthorpe United,Exeter City,0,2,4,4,2,-2,2021,3,0,1,0,Away Win
2021-03-09,2020,Southend United,Tranmere Rovers,0,2,4,4,2,-2,2021,3,0,1,0,Away Win
2021-03-10,2020,Manchester City,Southampton,5,2,1,1,7,3,2021,3,1,0,0,Home Win
2021-03-10,2020,Barnsley,Derby County,0,0,2,2,0,0,2021,3,0,0,1,Draw
2021-03-12,2020,Newcastle United,Aston Villa,1,1,1,1,2,0,2021,3,0,0,1,Draw
2021-03-12,2020,Blackburn Rovers,Brentford,0,1,2,2,1,-1,2021,3,0,1,0,Away Win
2021-03-12,2020,Walsall,Barrow,0,1,4,4,1,-1,2021,3,0,1,0,Away Win
2021-03-13,2020,Leeds United,Chelsea,0,0,1,1,0,0,2021,3,0,0,1,Draw
2021-03-13,2020,Crystal Palace,West Bromwich Albion,1,0,1,1,1,1,2021,3,1,0,0,Home Win
2021-03-13,2020,Everton,Burnley,1,2,1,1,3,-1,2021,3,0,1,0,Away Win
2021-03-13,2020,Fulham,Manchester City,0,3,1,1,3,-3,2021,3,0,1,0,Away Win
2021-03-13,2020,Luton Town,Swansea City,0,1,2,2,1,-1,2021,3,0,1,0,Away Win
2021-03-13,2020,Birmingham City,Bristol City,0,3,2,2,3,-3,2021,3,0,1,0,Away Win
2021-03-13,2020,AFC Bournemouth,Barnsley,2,3,2,2,5,-1,2021,3,0,1,0,Away Win
2021-03-13,2020,Cardiff City,Watford,1,2,2,2,3,-1,2021,3,0,1,0,Away Win
2021-03-13,2020,Derby County,Millwall,0,1,2,2,1,-1,2021,3,0,1,0,Away Win
2021-03-13,2020,Middlesbrough,Stoke City,3,0,2,2,3,3,2021,3,1,0,0,Home Win
2021-03-13,2020,Nottingham Forest,Reading,1,1,2,2,2,0,2021,3,0,0,1,Draw
2021-03-13,2020,Queens Park Rangers,Huddersfield Town,0,1,2,2,1,-1,2021,3,0,1,0,Away Win
2021-03-13,2020,Wycombe Wanderers,Preston North End,1,0,2,2,1,1,2021,3,1,0,0,Home Win
2021-03-13,2020,Swindon Town,Gillingham,1,3,3,3,4,-2,2021,3,0,1,0,Away Win
2021-03-13,2020,Blackpool,Fleetwood Town,0,0,3,3,0,0,2021,3,0,0,1,Draw
2021-03-13,2020,Bristol Rovers,AFC Wimbledon,0,0,3,3,0,0,2021,3,0,0,1,Draw
2021-03-13,2020,Charlton Athletic,Shrewsbury Town,1,1,3,3,2,0,2021,3,0,0,1,Draw
2021-03-13,2020,Crewe Alexandra,Burton Albion,0,3,3,3,3,-3,2021,3,0,1,0,Away Win
2021-03-13,2020,Doncaster Rovers,Northampton Town,0,0,3,3,0,0,2021,3,0,0,1,Draw
2021-03-13,2020,Hull City,Oxford United,2,0,3,3,2,2,2021,3,1,0,0,Home Win
2021-03-13,2020,Ipswich Town,Plymouth Argyle,1,0,3,3,1,1,2021,3,1,0,0,Home Win
2021-03-13,2020,Lincoln City,Rochdale,1,2,3,3,3,-1,2021,3,0,1,0,Away Win
2021-03-13,2020,Milton Keynes Dons,Accrington,3,2,3,3,5,1,2021,3,1,0,0,Home Win
2021-03-13,2020,Leyton Orient,Scunthorpe United,1,1,4,4,2,0,2021,3,0,0,1,Draw
2021-03-13,2020,Carlisle United,Bradford City,3,1,4,4,4,2,2021,3,1,0,0,Home Win
2021-03-13,2020,Crawley Town,Mansfield Town,1,0,4,4,1,1,2021,3,1,0,0,Home Win
2021-03-13,2020,Exeter City,Cheltenham,0,1,4,4,1,-1,2021,3,0,1,0,Away Win
2021-03-13,2020,Forest Green Rovers,Harrogate Town A.F.C.,2,1,4,4,3,1,2021,3,1,0,0,Home Win
2021-03-13,2020,Morecambe,Newport County,1,3,4,4,4,-2,2021,3,0,1,0,Away Win
2021-03-13,2020,Oldham Athletic,Cambridge United,2,4,4,4,6,-2,2021,3,0,1,0,Away Win
2021-03-13,2020,Port Vale,Bolton Wanderers,0,1,4,4,1,-1,2021,3,0,1,0,Away Win
2021-03-13,2020,Southend United,Stevenage Borough,0,0,4,4,0,0,2021,3,0,0,1,Draw
2021-03-13,2020,Grimsby Town,Colchester United,0,0,4,4,0,0,2021,3,0,0,1,Draw
2021-03-14,2020,Southampton,Brighton & Hove Albion,1,2,1,1,3,-1,2021,3,0,1,0,Away Win
2021-03-14,2020,Leicester City,Sheffield United,5,0,1,1,5,5,2021,3,1,0,0,Home Win
2021-03-14,2020,Arsenal,Tottenham Hotspur,2,1,1,1,3,1,2021,3,1,0,0,Home Win
2021-03-14,2020,Manchester United,West Ham United,1,0,1,1,1,1,2021,3,1,0,0,Home Win
2021-03-14,2020,Sheffield Wednesday,Norwich City,1,2,2,2,3,-1,2021,3,0,1,0,Away Win
2021-03-15,2020,Wolverhampton Wanderers,Liverpool,0,1,1,1,1,-1,2021,3,0,1,0,Away Win
2021-03-16,2020,Cardiff City,Stoke City,0,0,2,2,0,0,2021,3,0,0,1,Draw
2021-03-16,2020,Derby County,Brentford,2,2,2,2,4,0,2021,3,0,0,1,Draw
2021-03-16,2020,Luton Town,Coventry City,2,0,2,2,2,2,2021,3,1,0,0,Home Win
2021-03-16,2020,Middlesbrough,Preston North End,2,0,2,2,2,2,2021,3,1,0,0,Home Win
2021-03-16,2020,Rotherham United,Watford,1,4,2,2,5,-3,2021,3,0,1,0,Away Win
2021-03-16,2020,AFC Bournemouth,Swansea City,3,0,2,2,3,3,2021,3,1,0,0,Home Win
2021-03-16,2020,AFC Wimbledon,Wigan Athletic,1,1,3,3,2,0,2021,3,0,0,1,Draw
2021-03-16,2020,Blackpool,Burton Albion,1,1,3,3,2,0,2021,3,0,0,1,Draw
2021-03-16,2020,Charlton Athletic,Bristol Rovers,3,2,3,3,5,1,2021,3,1,0,0,Home Win
2021-03-16,2020,Lincoln City,Gillingham,0,3,3,3,3,-3,2021,3,0,1,0,Away Win
2021-03-16,2020,Milton Keynes Dons,Plymouth Argyle,2,1,3,3,3,1,2021,3,1,0,0,Home Win
2021-03-16,2020,Oxford United,Doncaster Rovers,3,0,3,3,3,3,2021,3,1,0,0,Home Win
2021-03-16,2020,Peterborough United,Portsmouth,1,0,3,3,1,1,2021,3,1,0,0,Home Win
2021-03-16,2020,Fleetwood Town,Ipswich Town,2,0,3,3,2,2,2021,3,1,0,0,Home Win
2021-03-16,2020,Cheltenham,Barrow,0,2,4,4,2,-2,2021,3,0,1,0,Away Win
2021-03-16,2020,Crawley Town,Walsall,1,1,4,4,2,0,2021,3,0,0,1,Draw
2021-03-16,2020,Port Vale,Newport County,2,1,4,4,3,1,2021,3,1,0,0,Home Win
2021-03-16,2020,Salford City,Colchester United,0,0,4,4,0,0,2021,3,0,0,1,Draw
2021-03-16,2020,Scunthorpe United,Oldham Athletic,1,1,4,4,2,0,2021,3,0,0,1,Draw
2021-03-16,2020,Mansfield Town,Carlisle United,1,1,4,4,2,0,2021,3,0,0,1,Draw
2021-03-17,2020,Nottingham Forest,Norwich City,0,2,2,2,2,-2,2021,3,0,1,0,Away Win
2021-03-17,2020,Queens Park Rangers,Millwall,3,2,2,2,5,1,2021,3,1,0,0,Home Win
2021-03-17,2020,Wycombe Wanderers,Barnsley,1,3,2,2,4,-2,2021,3,0,1,0,Away Win
2021-03-17,2020,Birmingham City,Reading,2,1,2,2,3,1,2021,3,1,0,0,Home Win
2021-03-17,2020,Blackburn Rovers,Bristol City,0,0,2,2,0,0,2021,3,0,0,1,Draw
2021-03-17,2020,Sheffield Wednesday,Huddersfield Town,1,1,2,2,2,0,2021,3,0,0,1,Draw
2021-03-17,2020,Accrington,Sunderland,0,2,3,3,2,-2,2021,3,0,1,0,Away Win
2021-03-17,2020,Grimsby Town,Tranmere Rovers,0,0,4,4,0,0,2021,3,0,0,1,Draw
2021-03-19,2020,Fulham,Leeds United,1,2,1,1,3,-1,2021,3,0,1,0,Away Win
2021-03-20,2020,Brighton & Hove Albion,Newcastle United,3,0,1,1,3,3,2021,3,1,0,0,Home Win
2021-03-20,2020,Brentford,Nottingham Forest,1,1,2,2,2,0,2021,3,0,0,1,Draw
2021-03-20,2020,Barnsley,Sheffield Wednesday,1,2,2,2,3,-1,2021,3,0,1,0,Away Win
2021-03-20,2020,Bristol City,Rotherham United,0,2,2,2,2,-2,2021,3,0,1,0,Away Win
2021-03-20,2020,Coventry City,Wycombe Wanderers,0,0,2,2,0,0,2021,3,0,0,1,Draw
2021-03-20,2020,Millwall,Middlesbrough,1,0,2,2,1,1,2021,3,1,0,0,Home Win
2021-03-20,2020,Norwich City,Blackburn Rovers,1,1,2,2,2,0,2021,3,0,0,1,Draw
2021-03-20,2020,Preston North End,Luton Town,0,1,2,2,1,-1,2021,3,0,1,0,Away Win
2021-03-20,2020,Reading,Queens Park Rangers,1,1,2,2,2,0,2021,3,0,0,1,Draw
2021-03-20,2020,Stoke City,Derby County,1,0,2,2,1,1,2021,3,1,0,0,Home Win
2021-03-20,2020,Watford,Birmingham City,3,0,2,2,3,3,2021,3,1,0,0,Home Win
2021-03-20,2020,Swansea City,Cardiff City,0,1,2,2,1,-1,2021,3,0,1,0,Away Win
2021-03-20,2020,Portsmouth,Ipswich Town,2,1,3,3,3,1,2021,3,1,0,0,Home Win
2021-03-20,2020,Accrington,Wigan Athletic,3,1,3,3,4,2,2021,3,1,0,0,Home Win
2021-03-20,2020,AFC Wimbledon,Charlton Athletic,2,2,3,3,4,0,2021,3,0,0,1,Draw
2021-03-20,2020,Burton Albion,Milton Keynes Dons,1,2,3,3,3,-1,2021,3,0,1,0,Away Win
2021-03-20,2020,Fleetwood Town,Swindon Town,0,2,3,3,2,-2,2021,3,0,1,0,Away Win
2021-03-20,2020,Gillingham,Doncaster Rovers,2,2,3,3,4,0,2021,3,0,0,1,Draw
2021-03-20,2020,Northampton Town,Crewe Alexandra,0,1,3,3,1,-1,2021,3,0,1,0,Away Win
2021-03-20,2020,Oxford United,Blackpool,0,2,3,3,2,-2,2021,3,0,1,0,Away Win
2021-03-20,2020,Plymouth Argyle,Bristol Rovers,2,0,3,3,2,2,2021,3,1,0,0,Home Win
2021-03-20,2020,Rochdale,Peterborough United,3,3,3,3,6,0,2021,3,0,0,1,Draw
2021-03-20,2020,Shrewsbury Town,Hull City,1,1,3,3,2,0,2021,3,0,0,1,Draw
2021-03-20,2020,Sunderland,Lincoln City,1,1,3,3,2,0,2021,3,0,0,1,Draw
2021-03-20,2020,Newport County,Leyton Orient,0,1,4,4,1,-1,2021,3,0,1,0,Away Win
2021-03-20,2020,Stevenage Borough,Carlisle United,3,1,4,4,4,2,2021,3,1,0,0,Home Win
2021-03-20,2020,Barrow,Crawley Town,3,2,4,4,5,1,2021,3,1,0,0,Home Win
2021-03-20,2020,Bolton Wanderers,Walsall,2,1,4,4,3,1,2021,3,1,0,0,Home Win
2021-03-20,2020,Bradford City,Oldham Athletic,0,0,4,4,0,0,2021,3,0,0,1,Draw
2021-03-20,2020,Cambridge United,Forest Green Rovers,1,0,4,4,1,1,2021,3,1,0,0,Home Win
2021-03-20,2020,Cheltenham,Salford City,2,0,4,4,2,2,2021,3,1,0,0,Home Win
2021-03-20,2020,Colchester United,Port Vale,0,1,4,4,1,-1,2021,3,0,1,0,Away Win
2021-03-20,2020,Harrogate Town A.F.C.,Morecambe,0,1,4,4,1,-1,2021,3,0,1,0,Away Win
2021-03-20,2020,Mansfield Town,Grimsby Town,2,2,4,4,4,0,2021,3,0,0,1,Draw
2021-03-20,2020,Scunthorpe United,Southend United,1,1,4,4,2,0,2021,3,0,0,1,Draw
2021-03-20,2020,Tranmere Rovers,Exeter City,2,1,4,4,3,1,2021,3,1,0,0,Home Win
2021-03-21,2020,West Ham United,Arsenal,3,3,1,1,6,0,2021,3,0,0,1,Draw
2021-03-21,2020,Aston Villa,Tottenham Hotspur,0,2,1,1,2,-2,2021,3,0,1,0,Away Win
2021-03-23,2020,Blackpool,Peterborough United,3,1,3,3,4,2,2021,3,1,0,0,Home Win
2021-03-23,2020,Bristol Rovers,Swindon Town,0,1,3,3,1,-1,2021,3,0,1,0,Away Win
2021-03-23,2020,Burton Albion,Shrewsbury Town,1,2,3,3,3,-1,2021,3,0,1,0,Away Win
2021-03-23,2020,Northampton Town,Oxford United,1,0,3,3,1,1,2021,3,1,0,0,Home Win
2021-03-23,2020,Mansfield Town,Forest Green Rovers,0,0,4,4,0,0,2021,3,0,0,1,Draw
2021-03-23,2020,Carlisle United,Leyton Orient,0,1,4,4,1,-1,2021,3,0,1,0,Away Win
2021-03-23,2020,Barrow,Grimsby Town,0,1,4,4,1,-1,2021,3,0,1,0,Away Win
2021-03-23,2020,Colchester United,Tranmere Rovers,2,2,4,4,4,0,2021,3,0,0,1,Draw
2021-03-23,2020,Oldham Athletic,Exeter City,2,1,4,4,3,1,2021,3,1,0,0,Home Win
2021-03-23,2020,Scunthorpe United,Bradford City,2,0,4,4,2,2,2021,3,1,0,0,Home Win
2021-03-23,2020,Southend United,Walsall,0,0,4,4,0,0,2021,3,0,0,1,Draw
2021-03-26,2020,Oxford United,Lincoln City,2,1,3,3,3,1,2021,3,1,0,0,Home Win
2021-03-27,2020,AFC Wimbledon,Northampton Town,1,0,3,3,1,1,2021,3,1,0,0,Home Win
2021-03-27,2020,Blackpool,Plymouth Argyle,2,2,3,3,4,0,2021,3,0,0,1,Draw
2021-03-27,2020,Bristol Rovers,Sunderland,0,1,3,3,1,-1,2021,3,0,1,0,Away Win
2021-03-27,2020,Hull City,Gillingham,1,1,3,3,2,0,2021,3,0,0,1,Draw
2021-03-27,2020,Milton Keynes Dons,Doncaster Rovers,1,0,3,3,1,1,2021,3,1,0,0,Home Win
2021-03-27,2020,Peterborough United,Accrington,7,0,3,3,7,7,2021,3,1,0,0,Home Win
2021-03-27,2020,Shrewsbury Town,Portsmouth,1,2,3,3,3,-1,2021,3,0,1,0,Away Win
2021-03-27,2020,Wigan Athletic,Ipswich Town,0,0,3,3,0,0,2021,3,0,0,1,Draw
2021-03-27,2020,Forest Green Rovers,Bolton Wanderers,0,1,4,4,1,-1,2021,3,0,1,0,Away Win
2021-03-27,2020,Exeter City,Salford City,1,0,4,4,1,1,2021,3,1,0,0,Home Win
2021-03-27,2020,Carlisle United,Cambridge United,1,2,4,4,3,-1,2021,3,0,1,0,Away Win
2021-03-27,2020,Colchester United,Bradford City,1,2,4,4,3,-1,2021,3,0,1,0,Away Win
2021-03-27,2020,Crawley Town,Port Vale,1,3,4,4,4,-2,2021,3,0,1,0,Away Win
2021-03-27,2020,Grimsby Town,Walsall,1,1,4,4,2,0,2021,3,0,0,1,Draw
2021-03-27,2020,Harrogate Town A.F.C.,Southend United,0,1,4,4,1,-1,2021,3,0,1,0,Away Win
2021-03-27,2020,Leyton Orient,Oldham Athletic,2,1,4,4,3,1,2021,3,1,0,0,Home Win
2021-03-27,2020,Morecambe,Cheltenham,1,0,4,4,1,1,2021,3,1,0,0,Home Win
2021-03-27,2020,Stevenage Borough,Barrow,2,1,4,4,3,1,2021,3,1,0,0,Home Win
2021-03-27,2020,Tranmere Rovers,Mansfield Town,1,1,4,4,2,0,2021,3,0,0,1,Draw
2021-03-30,2020,Carlisle United,Crawley Town,2,0,4,4,2,2,2021,3,1,0,0,Home Win
2021-03-31,2020,Gillingham,Wigan Athletic,1,0,3,3,1,1,2021,3,1,0,0,Home Win
2021-04-02,2020,AFC Bournemouth,Middlesbrough,3,1,2,2,4,2,2021,4,1,0,0,Home Win
2021-04-02,2020,Bristol City,Stoke City,0,2,2,2,2,-2,2021,4,0,1,0,Away Win
2021-04-02,2020,Cardiff City,Nottingham Forest,0,1,2,2,1,-1,2021,4,0,1,0,Away Win
2021-04-02,2020,Derby County,Luton Town,2,0,2,2,2,2,2021,4,1,0,0,Home Win
2021-04-02,2020,Millwall,Rotherham United,1,0,2,2,1,1,2021,4,1,0,0,Home Win
2021-04-02,2020,Preston North End,Norwich City,1,1,2,2,2,0,2021,4,0,0,1,Draw
2021-04-02,2020,Queens Park Rangers,Coventry City,3,0,2,2,3,3,2021,4,1,0,0,Home Win
2021-04-02,2020,Watford,Sheffield Wednesday,1,0,2,2,1,1,2021,4,1,0,0,Home Win
2021-04-02,2020,Wycombe Wanderers,Blackburn Rovers,1,0,2,2,1,1,2021,4,1,0,0,Home Win
2021-04-02,2020,Barnsley,Reading,1,1,2,2,2,0,2021,4,0,0,1,Draw
2021-04-02,2020,Birmingham City,Swansea City,1,0,2,2,1,1,2021,4,1,0,0,Home Win
2021-04-02,2020,Doncaster Rovers,Charlton Athletic,0,1,3,3,1,-1,2021,4,0,1,0,Away Win
2021-04-02,2020,Accrington,Burton Albion,0,0,3,3,0,0,2021,4,0,0,1,Draw
2021-04-02,2020,Crewe Alexandra,Hull City,1,2,3,3,3,-1,2021,4,0,1,0,Away Win
2021-04-02,2020,Fleetwood Town,Peterborough United,0,1,3,3,1,-1,2021,4,0,1,0,Away Win
2021-04-02,2020,Ipswich Town,Bristol Rovers,2,1,3,3,3,1,2021,4,1,0,0,Home Win
2021-04-02,2020,Northampton Town,Shrewsbury Town,1,0,3,3,1,1,2021,4,1,0,0,Home Win
2021-04-02,2020,Plymouth Argyle,AFC Wimbledon,1,0,3,3,1,1,2021,4,1,0,0,Home Win
2021-04-02,2020,Portsmouth,Rochdale,2,1,3,3,3,1,2021,4,1,0,0,Home Win
2021-04-02,2020,Sunderland,Oxford United,3,1,3,3,4,2,2021,4,1,0,0,Home Win
2021-04-02,2020,Swindon Town,Blackpool,0,2,3,3,2,-2,2021,4,0,1,0,Away Win
2021-04-02,2020,Bolton Wanderers,Colchester United,0,0,4,4,0,0,2021,4,0,0,1,Draw
2021-04-02,2020,Scunthorpe United,Crawley Town,0,0,4,4,0,0,2021,4,0,0,1,Draw
2021-04-02,2020,Barrow,Newport County,2,1,4,4,3,1,2021,4,1,0,0,Home Win
2021-04-02,2020,Bradford City,Forest Green Rovers,4,1,4,4,5,3,2021,4,1,0,0,Home Win
2021-04-02,2020,Cambridge United,Morecambe,2,1,4,4,3,1,2021,4,1,0,0,Home Win
2021-04-02,2020,Cheltenham,Tranmere Rovers,4,0,4,4,4,4,2021,4,1,0,0,Home Win
2021-04-02,2020,Mansfield Town,Leyton Orient,0,2,4,4,2,-2,2021,4,0,1,0,Away Win
2021-04-02,2020,Oldham Athletic,Stevenage Borough,0,1,4,4,1,-1,2021,4,0,1,0,Away Win
2021-04-02,2020,Port Vale,Exeter City,1,0,4,4,1,1,2021,4,1,0,0,Home Win
2021-04-02,2020,Salford City,Grimsby Town,1,1,4,4,2,0,2021,4,0,0,1,Draw
2021-04-02,2020,Walsall,Harrogate Town A.F.C.,0,0,4,4,0,0,2021,4,0,0,1,Draw
2021-04-03,2020,Chelsea,West Bromwich Albion,2,5,1,1,7,-3,2021,4,0,1,0,Away Win
2021-04-03,2020,Leeds United,Sheffield United,2,1,1,1,3,1,2021,4,1,0,0,Home Win
2021-04-03,2020,Leicester City,Manchester City,0,2,1,1,2,-2,2021,4,0,1,0,Away Win
2021-04-03,2020,Arsenal,Liverpool,0,3,1,1,3,-3,2021,4,0,1,0,Away Win
2021-04-03,2020,Huddersfield Town,Brentford,1,1,2,2,2,0,2021,4,0,0,1,Draw
2021-04-03,2020,Southend United,Carlisle United,0,2,4,4,2,-2,2021,4,0,1,0,Away Win
2021-04-04,2020,Southampton,Burnley,3,2,1,1,5,1,2021,4,1,0,0,Home Win
2021-04-04,2020,Newcastle United,Tottenham Hotspur,2,2,1,1,4,0,2021,4,0,0,1,Draw
2021-04-04,2020,Aston Villa,Fulham,3,1,1,1,4,2,2021,4,1,0,0,Home Win
2021-04-04,2020,Manchester United,Brighton & Hove Albion,2,1,1,1,3,1,2021,4,1,0,0,Home Win
2021-04-05,2020,Everton,Crystal Palace,1,1,1,1,2,0,2021,4,0,0,1,Draw
2021-04-05,2020,Wolverhampton Wanderers,West Ham United,2,3,1,1,5,-1,2021,4,0,1,0,Away Win
2021-04-05,2020,Middlesbrough,Watford,1,1,2,2,2,0,2021,4,0,0,1,Draw
2021-04-05,2020,Blackburn Rovers,AFC Bournemouth,0,2,2,2,2,-2,2021,4,0,1,0,Away Win
2021-04-05,2020,Coventry City,Bristol City,3,1,2,2,4,2,2021,4,1,0,0,Home Win
2021-04-05,2020,Luton Town,Barnsley,1,2,2,2,3,-1,2021,4,0,1,0,Away Win
2021-04-05,2020,Nottingham Forest,Queens Park Rangers,3,1,2,2,4,2,2021,4,1,0,0,Home Win
2021-04-05,2020,Reading,Derby County,3,1,2,2,4,2,2021,4,1,0,0,Home Win
2021-04-05,2020,Rotherham United,Wycombe Wanderers,0,3,2,2,3,-3,2021,4,0,1,0,Away Win
2021-04-05,2020,Stoke City,Millwall,1,2,2,2,3,-1,2021,4,0,1,0,Away Win
2021-04-05,2020,Swansea City,Preston North End,0,1,2,2,1,-1,2021,4,0,1,0,Away Win
2021-04-05,2020,Sheffield Wednesday,Cardiff City,5,0,2,2,5,5,2021,4,1,0,0,Home Win
2021-04-05,2020,AFC Wimbledon,Fleetwood Town,0,1,3,3,1,-1,2021,4,0,1,0,Away Win
2021-04-05,2020,Blackpool,Gillingham,4,1,3,3,5,3,2021,4,1,0,0,Home Win
2021-04-05,2020,Bristol Rovers,Doncaster Rovers,2,1,3,3,3,1,2021,4,1,0,0,Home Win
2021-04-05,2020,Burton Albion,Swindon Town,2,1,3,3,3,1,2021,4,1,0,0,Home Win
2021-04-05,2020,Hull City,Northampton Town,3,0,3,3,3,3,2021,4,1,0,0,Home Win
2021-04-05,2020,Milton Keynes Dons,Crewe Alexandra,0,2,3,3,2,-2,2021,4,0,1,0,Away Win
2021-04-05,2020,Oxford United,Accrington,1,2,3,3,3,-1,2021,4,0,1,0,Away Win
2021-04-05,2020,Peterborough United,Sunderland,1,1,3,3,2,0,2021,4,0,0,1,Draw
2021-04-05,2020,Rochdale,Ipswich Town,0,0,3,3,0,0,2021,4,0,0,1,Draw
2021-04-05,2020,Shrewsbury Town,Plymouth Argyle,3,0,3,3,3,3,2021,4,1,0,0,Home Win
2021-04-05,2020,Wigan Athletic,Portsmouth,0,1,3,3,1,-1,2021,4,0,1,0,Away Win
2021-04-05,2020,Colchester United,Barrow,1,1,4,4,2,0,2021,4,0,0,1,Draw
2021-04-05,2020,Crawley Town,Oldham Athletic,1,4,4,4,5,-3,2021,4,0,1,0,Away Win
2021-04-05,2020,Exeter City,Mansfield Town,0,0,4,4,0,0,2021,4,0,0,1,Draw
2021-04-05,2020,Forest Green Rovers,Salford City,0,2,4,4,2,-2,2021,4,0,1,0,Away Win
2021-04-05,2020,Grimsby Town,Cheltenham,1,1,4,4,2,0,2021,4,0,0,1,Draw
2021-04-05,2020,Harrogate Town A.F.C.,Port Vale,0,2,4,4,2,-2,2021,4,0,1,0,Away Win
2021-04-05,2020,Leyton Orient,Walsall,0,0,4,4,0,0,2021,4,0,0,1,Draw
2021-04-05,2020,Newport County,Bolton Wanderers,1,0,4,4,1,1,2021,4,1,0,0,Home Win
2021-04-05,2020,Stevenage Borough,Bradford City,1,1,4,4,2,0,2021,4,0,0,1,Draw
2021-04-05,2020,Tranmere Rovers,Cambridge United,1,1,4,4,2,0,2021,4,0,0,1,Draw
2021-04-06,2020,Brentford,Birmingham City,0,0,2,2,0,0,2021,4,0,0,1,Draw
2021-04-06,2020,Norwich City,Huddersfield Town,7,0,2,2,7,7,2021,4,1,0,0,Home Win
2021-04-06,2020,Carlisle United,Scunthorpe United,2,0,4,4,2,2,2021,4,1,0,0,Home Win
2021-04-06,2020,Morecambe,Southend United,1,1,4,4,2,0,2021,4,0,0,1,Draw
2021-04-09,2020,Fulham,Wolverhampton Wanderers,0,1,1,1,1,-1,2021,4,0,1,0,Away Win
2021-04-09,2020,Watford,Reading,2,0,2,2,2,2,2021,4,1,0,0,Home Win
2021-04-09,2020,Mansfield Town,Newport County,1,1,4,4,2,0,2021,4,0,0,1,Draw
2021-04-09,2020,Oldham Athletic,Colchester United,5,2,4,4,7,3,2021,4,1,0,0,Home Win
2021-04-10,2020,Manchester City,Leeds United,1,2,1,1,3,-1,2021,4,0,1,0,Away Win
2021-04-10,2020,Liverpool,Aston Villa,2,1,1,1,3,1,2021,4,1,0,0,Home Win
2021-04-10,2020,Crystal Palace,Chelsea,1,4,1,1,5,-3,2021,4,0,1,0,Away Win
2021-04-10,2020,Millwall,Swansea City,0,3,2,2,3,-3,2021,4,0,1,0,Away Win
2021-04-10,2020,Barnsley,Middlesbrough,2,0,2,2,2,2,2021,4,1,0,0,Home Win
2021-04-10,2020,Birmingham City,Stoke City,2,0,2,2,2,2,2021,4,1,0,0,Home Win
2021-04-10,2020,AFC Bournemouth,Coventry City,4,1,2,2,5,3,2021,4,1,0,0,Home Win
2021-04-10,2020,Bristol City,Nottingham Forest,0,0,2,2,0,0,2021,4,0,0,1,Draw
2021-04-10,2020,Cardiff City,Blackburn Rovers,2,2,2,2,4,0,2021,4,0,0,1,Draw
2021-04-10,2020,Derby County,Norwich City,0,1,2,2,1,-1,2021,4,0,1,0,Away Win
2021-04-10,2020,Huddersfield Town,Rotherham United,0,0,2,2,0,0,2021,4,0,0,1,Draw
2021-04-10,2020,Preston North End,Brentford,0,5,2,2,5,-5,2021,4,0,1,0,Away Win
2021-04-10,2020,Queens Park Rangers,Sheffield Wednesday,4,1,2,2,5,3,2021,4,1,0,0,Home Win
2021-04-10,2020,Wycombe Wanderers,Luton Town,1,3,2,2,4,-2,2021,4,0,1,0,Away Win
2021-04-10,2020,Accrington,AFC Wimbledon,1,5,3,3,6,-4,2021,4,0,1,0,Away Win
2021-04-10,2020,Crewe Alexandra,Oxford United,0,6,3,3,6,-6,2021,4,0,1,0,Away Win
2021-04-10,2020,Doncaster Rovers,Wigan Athletic,1,4,3,3,5,-3,2021,4,0,1,0,Away Win
2021-04-10,2020,Fleetwood Town,Rochdale,1,0,3,3,1,1,2021,4,1,0,0,Home Win
2021-04-10,2020,Gillingham,Shrewsbury Town,0,0,3,3,0,0,2021,4,0,0,1,Draw
2021-04-10,2020,Ipswich Town,Milton Keynes Dons,0,0,3,3,0,0,2021,4,0,0,1,Draw
2021-04-10,2020,Lincoln City,Blackpool,2,2,3,3,4,0,2021,4,0,0,1,Draw
2021-04-10,2020,Northampton Town,Bristol Rovers,1,1,3,3,2,0,2021,4,0,0,1,Draw
2021-04-10,2020,Plymouth Argyle,Hull City,0,3,3,3,3,-3,2021,4,0,1,0,Away Win
2021-04-10,2020,Portsmouth,Burton Albion,1,2,3,3,3,-1,2021,4,0,1,0,Away Win
2021-04-10,2020,Sunderland,Charlton Athletic,1,2,3,3,3,-1,2021,4,0,1,0,Away Win
2021-04-10,2020,Swindon Town,Peterborough United,0,3,3,3,3,-3,2021,4,0,1,0,Away Win
2021-04-10,2020,Barrow,Carlisle United,2,2,4,4,4,0,2021,4,0,0,1,Draw
2021-04-10,2020,Bolton Wanderers,Harrogate Town A.F.C.,2,1,4,4,3,1,2021,4,1,0,0,Home Win
2021-04-10,2020,Bradford City,Grimsby Town,1,0,4,4,1,1,2021,4,1,0,0,Home Win
2021-04-10,2020,Cambridge United,Exeter City,1,4,4,4,5,-3,2021,4,0,1,0,Away Win
2021-04-10,2020,Cheltenham,Leyton Orient,1,0,4,4,1,1,2021,4,1,0,0,Home Win
2021-04-10,2020,Port Vale,Morecambe,1,0,4,4,1,1,2021,4,1,0,0,Home Win
2021-04-10,2020,Salford City,Stevenage Borough,2,1,4,4,3,1,2021,4,1,0,0,Home Win
2021-04-10,2020,Scunthorpe United,Tranmere Rovers,0,0,4,4,0,0,2021,4,0,0,1,Draw
2021-04-10,2020,Southend United,Crawley Town,0,0,4,4,0,0,2021,4,0,0,1,Draw
2021-04-10,2020,Walsall,Forest Green Rovers,2,1,4,4,3,1,2021,4,1,0,0,Home Win
2021-04-11,2020,Burnley,Newcastle United,1,2,1,1,3,-1,2021,4,0,1,0,Away Win
2021-04-11,2020,West Ham United,Leicester City,3,2,1,1,5,1,2021,4,1,0,0,Home Win
2021-04-11,2020,Tottenham Hotspur,Manchester United,1,3,1,1,4,-2,2021,4,0,1,0,Away Win
2021-04-11,2020,Sheffield United,Arsenal,0,3,1,1,3,-3,2021,4,0,1,0,Away Win
2021-04-12,2020,West Bromwich Albion,Southampton,3,0,1,1,3,3,2021,4,1,0,0,Home Win
2021-04-12,2020,Brighton & Hove Albion,Everton,0,0,1,1,0,0,2021,4,0,0,1,Draw
2021-04-13,2020,Huddersfield Town,AFC Bournemouth,1,2,2,2,3,-1,2021,4,0,1,0,Away Win
2021-04-13,2020,Sheffield Wednesday,Swansea City,0,2,2,2,2,-2,2021,4,0,1,0,Away Win
2021-04-13,2020,Rotherham United,Queens Park Rangers,3,1,2,2,4,2,2021,4,1,0,0,Home Win
2021-04-13,2020,Crewe Alexandra,Portsmouth,0,0,3,3,0,0,2021,4,0,0,1,Draw
2021-04-13,2020,Wigan Athletic,Sunderland,2,1,3,3,3,1,2021,4,1,0,0,Home Win
2021-04-13,2020,AFC Wimbledon,Ipswich Town,3,0,3,3,3,3,2021,4,1,0,0,Home Win
2021-04-13,2020,Blackpool,Accrington,0,0,3,3,0,0,2021,4,0,0,1,Draw
2021-04-13,2020,Doncaster Rovers,Burton Albion,0,3,3,3,3,-3,2021,4,0,1,0,Away Win
2021-04-13,2020,Lincoln City,Milton Keynes Dons,4,0,3,3,4,4,2021,4,1,0,0,Home Win
2021-04-13,2020,Oxford United,Shrewsbury Town,4,1,3,3,5,3,2021,4,1,0,0,Home Win
2021-04-13,2020,Rochdale,Swindon Town,2,1,3,3,3,1,2021,4,1,0,0,Home Win
2021-04-13,2020,Morecambe,Scunthorpe United,4,1,4,4,5,3,2021,4,1,0,0,Home Win
2021-04-13,2020,Barrow,Exeter City,2,1,4,4,3,1,2021,4,1,0,0,Home Win
2021-04-13,2020,Bradford City,Crawley Town,0,2,4,4,2,-2,2021,4,0,1,0,Away Win
2021-04-13,2020,Harrogate Town A.F.C.,Leyton Orient,2,2,4,4,4,0,2021,4,0,0,1,Draw
2021-04-13,2020,Newport County,Carlisle United,0,0,4,4,0,0,2021,4,0,0,1,Draw
2021-04-13,2020,Salford City,Bolton Wanderers,0,1,4,4,1,-1,2021,4,0,1,0,Away Win
2021-04-13,2020,Walsall,Tranmere Rovers,1,0,4,4,1,1,2021,4,1,0,0,Home Win
2021-04-15,2020,Rotherham United,Coventry City,0,1,2,2,1,-1,2021,4,0,1,0,Away Win
2021-04-16,2020,Everton,Tottenham Hotspur,2,2,1,1,4,0,2021,4,0,0,1,Draw
2021-04-16,2020,Blackburn Rovers,Derby County,2,1,2,2,3,1,2021,4,1,0,0,Home Win
2021-04-16,2020,Reading,Cardiff City,1,1,2,2,2,0,2021,4,0,0,1,Draw
2021-04-16,2020,Peterborough United,Northampton Town,3,1,3,3,4,2,2021,4,1,0,0,Home Win
2021-04-16,2020,Crawley Town,Cheltenham,1,0,4,4,1,1,2021,4,1,0,0,Home Win
2021-04-17,2020,Newcastle United,West Ham United,3,2,1,1,5,1,2021,4,1,0,0,Home Win
2021-04-17,2020,Wolverhampton Wanderers,Sheffield United,1,0,1,1,1,1,2021,4,1,0,0,Home Win
2021-04-17,2020,Brentford,Millwall,0,0,2,2,0,0,2021,4,0,0,1,Draw
2021-04-17,2020,Luton Town,Watford,1,0,2,2,1,1,2021,4,1,0,0,Home Win
2021-04-17,2020,Middlesbrough,Queens Park Rangers,1,2,2,2,3,-1,2021,4,0,1,0,Away Win
2021-04-17,2020,Nottingham Forest,Huddersfield Town,0,2,2,2,2,-2,2021,4,0,1,0,Away Win
2021-04-17,2020,Sheffield Wednesday,Bristol City,1,1,2,2,2,0,2021,4,0,0,1,Draw
2021-04-17,2020,Stoke City,Preston North End,0,0,2,2,0,0,2021,4,0,0,1,Draw
2021-04-17,2020,Swansea City,Wycombe Wanderers,2,2,2,2,4,0,2021,4,0,0,1,Draw
2021-04-17,2020,Norwich City,AFC Bournemouth,1,3,2,2,4,-2,2021,4,0,1,0,Away Win
2021-04-17,2020,Blackpool,Sunderland,1,0,3,3,1,1,2021,4,1,0,0,Home Win
2021-04-17,2020,Bristol Rovers,Lincoln City,0,1,3,3,1,-1,2021,4,0,1,0,Away Win
2021-04-17,2020,Burton Albion,Plymouth Argyle,1,1,3,3,2,0,2021,4,0,0,1,Draw
2021-04-17,2020,Charlton Athletic,Ipswich Town,0,0,3,3,0,0,2021,4,0,0,1,Draw
2021-04-17,2020,Hull City,Fleetwood Town,2,1,3,3,3,1,2021,4,1,0,0,Home Win
2021-04-17,2020,Milton Keynes Dons,Portsmouth,1,0,3,3,1,1,2021,4,1,0,0,Home Win
2021-04-17,2020,Rochdale,Accrington,3,1,3,3,4,2,2021,4,1,0,0,Home Win
2021-04-17,2020,Shrewsbury Town,Doncaster Rovers,0,2,3,3,2,-2,2021,4,0,1,0,Away Win
2021-04-17,2020,Wigan Athletic,Crewe Alexandra,2,0,3,3,2,2,2021,4,1,0,0,Home Win
2021-04-17,2020,AFC Wimbledon,Swindon Town,4,1,3,3,5,3,2021,4,1,0,0,Home Win
2021-04-17,2020,Oxford United,Gillingham,3,2,3,3,5,1,2021,4,1,0,0,Home Win
2021-04-17,2020,Carlisle United,Port Vale,0,0,4,4,0,0,2021,4,0,0,1,Draw
2021-04-17,2020,Exeter City,Southend United,0,0,4,4,0,0,2021,4,0,0,1,Draw
2021-04-17,2020,Forest Green Rovers,Scunthorpe United,3,2,4,4,5,1,2021,4,1,0,0,Home Win
2021-04-17,2020,Grimsby Town,Bolton Wanderers,2,1,4,4,3,1,2021,4,1,0,0,Home Win
2021-04-17,2020,Harrogate Town A.F.C.,Bradford City,2,1,4,4,3,1,2021,4,1,0,0,Home Win
2021-04-17,2020,Leyton Orient,Barrow,2,0,4,4,2,2,2021,4,1,0,0,Home Win
2021-04-17,2020,Morecambe,Oldham Athletic,4,3,4,4,7,1,2021,4,1,0,0,Home Win
2021-04-17,2020,Newport County,Cambridge United,0,1,4,4,1,-1,2021,4,0,1,0,Away Win
2021-04-17,2020,Stevenage Borough,Mansfield Town,0,1,4,4,1,-1,2021,4,0,1,0,Away Win
2021-04-17,2020,Tranmere Rovers,Salford City,0,0,4,4,0,0,2021,4,0,0,1,Draw
2021-04-17,2020,Colchester United,Walsall,2,1,4,4,3,1,2021,4,1,0,0,Home Win
2021-04-18,2020,Arsenal,Fulham,1,1,1,1,2,0,2021,4,0,0,1,Draw
2021-04-18,2020,Manchester United,Burnley,3,1,1,1,4,2,2021,4,1,0,0,Home Win
2021-04-18,2020,Rotherham United,Birmingham City,0,1,2,2,1,-1,2021,4,0,1,0,Away Win
2021-04-18,2020,Coventry City,Barnsley,2,0,2,2,2,2,2021,4,1,0,0,Home Win
2021-04-19,2020,Leeds United,Liverpool,1,1,1,1,2,0,2021,4,0,0,1,Draw
2021-04-20,2020,Chelsea,Brighton & Hove Albion,0,0,1,1,0,0,2021,4,0,0,1,Draw
2021-04-20,2020,Brentford,Cardiff City,1,1,2,2,2,0,2021,4,0,0,1,Draw
2021-04-20,2020,Norwich City,Watford,0,1,2,2,1,-1,2021,4,0,1,0,Away Win
2021-04-20,2020,Preston North End,Derby County,3,0,2,2,3,3,2021,4,1,0,0,Home Win
2021-04-20,2020,Sheffield Wednesday,Blackburn Rovers,1,0,2,2,1,1,2021,4,1,0,0,Home Win
2021-04-20,2020,Swansea City,Queens Park Rangers,0,1,2,2,1,-1,2021,4,0,1,0,Away Win
2021-04-20,2020,Swindon Town,Portsmouth,3,1,3,3,4,2,2021,4,1,0,0,Home Win
2021-04-20,2020,Accrington,Doncaster Rovers,2,1,3,3,3,1,2021,4,1,0,0,Home Win
2021-04-20,2020,AFC Wimbledon,Oxford United,2,1,3,3,3,1,2021,4,1,0,0,Home Win
2021-04-20,2020,Bristol Rovers,Milton Keynes Dons,0,2,3,3,2,-2,2021,4,0,1,0,Away Win
2021-04-20,2020,Burton Albion,Lincoln City,0,1,3,3,1,-1,2021,4,0,1,0,Away Win
2021-04-20,2020,Northampton Town,Ipswich Town,3,0,3,3,3,3,2021,4,1,0,0,Home Win
2021-04-20,2020,Rochdale,Blackpool,1,0,3,3,1,1,2021,4,1,0,0,Home Win
2021-04-20,2020,Shrewsbury Town,Wigan Athletic,1,2,3,3,3,-1,2021,4,0,1,0,Away Win
2021-04-20,2020,Fleetwood Town,Crewe Alexandra,0,2,3,3,2,-2,2021,4,0,1,0,Away Win
2021-04-20,2020,Hull City,Sunderland,2,2,3,3,4,0,2021,4,0,0,1,Draw
2021-04-20,2020,Peterborough United,Gillingham,0,1,3,3,1,-1,2021,4,0,1,0,Away Win
2021-04-20,2020,Plymouth Argyle,Charlton Athletic,0,6,3,3,6,-6,2021,4,0,1,0,Away Win
2021-04-20,2020,Barrow,Port Vale,0,2,4,4,2,-2,2021,4,0,1,0,Away Win
2021-04-20,2020,Bolton Wanderers,Carlisle United,1,0,4,4,1,1,2021,4,1,0,0,Home Win
2021-04-20,2020,Bradford City,Tranmere Rovers,0,1,4,4,1,-1,2021,4,0,1,0,Away Win
2021-04-20,2020,Colchester United,Southend United,2,0,4,4,2,2,2021,4,1,0,0,Home Win
2021-04-20,2020,Forest Green Rovers,Exeter City,0,0,4,4,0,0,2021,4,0,0,1,Draw
2021-04-20,2020,Grimsby Town,Morecambe,0,3,4,4,3,-3,2021,4,0,1,0,Away Win
2021-04-20,2020,Harrogate Town A.F.C.,Oldham Athletic,0,3,4,4,3,-3,2021,4,0,1,0,Away Win
2021-04-20,2020,Leyton Orient,Cambridge United,2,4,4,4,6,-2,2021,4,0,1,0,Away Win
2021-04-20,2020,Mansfield Town,Scunthorpe United,3,0,4,4,3,3,2021,4,1,0,0,Home Win
2021-04-20,2020,Newport County,Crawley Town,2,0,4,4,2,2,2021,4,1,0,0,Home Win
2021-04-20,2020,Stevenage Borough,Cheltenham,0,1,4,4,1,-1,2021,4,0,1,0,Away Win
2021-04-20,2020,Walsall,Salford City,0,2,4,4,2,-2,2021,4,0,1,0,Away Win
2021-04-21,2020,Tottenham Hotspur,Southampton,2,1,1,1,3,1,2021,4,1,0,0,Home Win
2021-04-21,2020,Aston Villa,Manchester City,1,2,1,1,3,-1,2021,4,0,1,0,Away Win
2021-04-21,2020,Millwall,AFC Bournemouth,1,4,2,2,5,-3,2021,4,0,1,0,Away Win
2021-04-21,2020,Rotherham United,Middlesbrough,1,2,2,2,3,-1,2021,4,0,1,0,Away Win
2021-04-21,2020,Stoke City,Coventry City,2,3,2,2,5,-1,2021,4,0,1,0,Away Win
2021-04-21,2020,Wycombe Wanderers,Bristol City,2,1,2,2,3,1,2021,4,1,0,0,Home Win
2021-04-21,2020,Birmingham City,Nottingham Forest,1,1,2,2,2,0,2021,4,0,0,1,Draw
2021-04-21,2020,Huddersfield Town,Barnsley,0,1,2,2,1,-1,2021,4,0,1,0,Away Win
2021-04-21,2020,Luton Town,Reading,0,0,2,2,0,0,2021,4,0,0,1,Draw
2021-04-22,2020,Leicester City,West Bromwich Albion,3,0,1,1,3,3,2021,4,1,0,0,Home Win
2021-04-23,2020,Arsenal,Everton,0,1,1,1,1,-1,2021,4,0,1,0,Away Win
2021-04-24,2020,Liverpool,Newcastle United,1,1,1,1,2,0,2021,4,0,0,1,Draw
2021-04-24,2020,West Ham United,Chelsea,0,1,1,1,1,-1,2021,4,0,1,0,Away Win
2021-04-24,2020,Sheffield United,Brighton & Hove Albion,1,0,1,1,1,1,2021,4,1,0,0,Home Win
2021-04-24,2020,AFC Bournemouth,Brentford,0,1,2,2,1,-1,2021,4,0,1,0,Away Win
2021-04-24,2020,Barnsley,Rotherham United,1,0,2,2,1,1,2021,4,1,0,0,Home Win
2021-04-24,2020,Blackburn Rovers,Huddersfield Town,5,2,2,2,7,3,2021,4,1,0,0,Home Win
2021-04-24,2020,Cardiff City,Wycombe Wanderers,2,1,2,2,3,1,2021,4,1,0,0,Home Win
2021-04-24,2020,Coventry City,Preston North End,0,1,2,2,1,-1,2021,4,0,1,0,Away Win
2021-04-24,2020,Derby County,Birmingham City,1,2,2,2,3,-1,2021,4,0,1,0,Away Win
2021-04-24,2020,Middlesbrough,Sheffield Wednesday,3,1,2,2,4,2,2021,4,1,0,0,Home Win
2021-04-24,2020,Nottingham Forest,Stoke City,1,1,2,2,2,0,2021,4,0,0,1,Draw
2021-04-24,2020,Queens Park Rangers,Norwich City,1,3,2,2,4,-2,2021,4,0,1,0,Away Win
2021-04-24,2020,Watford,Millwall,1,0,2,2,1,1,2021,4,1,0,0,Home Win
2021-04-24,2020,Portsmouth,Bristol Rovers,1,0,3,3,1,1,2021,4,1,0,0,Home Win
2021-04-24,2020,Blackpool,Shrewsbury Town,0,1,3,3,1,-1,2021,4,0,1,0,Away Win
2021-04-24,2020,Charlton Athletic,Peterborough United,0,1,3,3,1,-1,2021,4,0,1,0,Away Win
2021-04-24,2020,Crewe Alexandra,Rochdale,1,1,3,3,2,0,2021,4,0,0,1,Draw
2021-04-24,2020,Doncaster Rovers,Fleetwood Town,0,1,3,3,1,-1,2021,4,0,1,0,Away Win
2021-04-24,2020,Gillingham,Northampton Town,2,2,3,3,4,0,2021,4,0,0,1,Draw
2021-04-24,2020,Ipswich Town,AFC Wimbledon,0,0,3,3,0,0,2021,4,0,0,1,Draw
2021-04-24,2020,Lincoln City,Hull City,1,2,3,3,3,-1,2021,4,0,1,0,Away Win
2021-04-24,2020,Milton Keynes Dons,Swindon Town,5,0,3,3,5,5,2021,4,1,0,0,Home Win
2021-04-24,2020,Oxford United,Plymouth Argyle,3,1,3,3,4,2,2021,4,1,0,0,Home Win
2021-04-24,2020,Sunderland,Accrington,3,3,3,3,6,0,2021,4,0,0,1,Draw
2021-04-24,2020,Wigan Athletic,Burton Albion,1,1,3,3,2,0,2021,4,0,0,1,Draw
2021-04-24,2020,Cambridge United,Stevenage Borough,0,1,4,4,1,-1,2021,4,0,1,0,Away Win
2021-04-24,2020,Carlisle United,Harrogate Town A.F.C.,1,1,4,4,2,0,2021,4,0,0,1,Draw
2021-04-24,2020,Cheltenham,Colchester United,1,0,4,4,1,1,2021,4,1,0,0,Home Win
2021-04-24,2020,Crawley Town,Forest Green Rovers,0,0,4,4,0,0,2021,4,0,0,1,Draw
2021-04-24,2020,Exeter City,Newport County,0,0,4,4,0,0,2021,4,0,0,1,Draw
2021-04-24,2020,Morecambe,Bolton Wanderers,0,1,4,4,1,-1,2021,4,0,1,0,Away Win
2021-04-24,2020,Oldham Athletic,Grimsby Town,1,2,4,4,3,-1,2021,4,0,1,0,Away Win
2021-04-24,2020,Port Vale,Bradford City,2,1,4,4,3,1,2021,4,1,0,0,Home Win
2021-04-24,2020,Salford City,Mansfield Town,2,0,4,4,2,2,2021,4,1,0,0,Home Win
2021-04-24,2020,Scunthorpe United,Walsall,0,2,4,4,2,-2,2021,4,0,1,0,Away Win
2021-04-24,2020,Southend United,Leyton Orient,2,1,4,4,3,1,2021,4,1,0,0,Home Win
2021-04-24,2020,Tranmere Rovers,Barrow,1,0,4,4,1,1,2021,4,1,0,0,Home Win
2021-04-25,2020,Wolverhampton Wanderers,Burnley,0,4,1,1,4,-4,2021,4,0,1,0,Away Win
2021-04-25,2020,Leeds United,Manchester United,0,0,1,1,0,0,2021,4,0,0,1,Draw
2021-04-25,2020,Aston Villa,West Bromwich Albion,2,2,1,1,4,0,2021,4,0,0,1,Draw
2021-04-25,2020,Reading,Swansea City,2,2,2,2,4,0,2021,4,0,0,1,Draw
2021-04-25,2020,Bristol City,Luton Town,2,3,2,2,5,-1,2021,4,0,1,0,Away Win
2021-04-26,2020,Leicester City,Crystal Palace,2,1,1,1,3,1,2021,4,1,0,0,Home Win
2021-04-27,2020,Brentford,Rotherham United,1,0,2,2,1,1,2021,4,1,0,0,Home Win
2021-04-27,2020,Accrington,Portsmouth,3,3,3,3,6,0,2021,4,0,0,1,Draw
2021-04-27,2020,AFC Wimbledon,Rochdale,3,3,3,3,6,0,2021,4,0,0,1,Draw
2021-04-27,2020,Burton Albion,Fleetwood Town,5,2,3,3,7,3,2021,4,1,0,0,Home Win
2021-04-27,2020,Charlton Athletic,Crewe Alexandra,2,2,3,3,4,0,2021,4,0,0,1,Draw
2021-04-27,2020,Shrewsbury Town,Lincoln City,0,1,3,3,1,-1,2021,4,0,1,0,Away Win
2021-04-27,2020,Sunderland,Blackpool,0,1,3,3,1,-1,2021,4,0,1,0,Away Win
2021-04-27,2020,Peterborough United,Doncaster Rovers,2,2,3,3,4,0,2021,4,0,0,1,Draw
2021-04-27,2020,Newport County,Scunthorpe United,4,0,4,4,4,4,2021,4,1,0,0,Home Win
2021-04-27,2020,Bradford City,Salford City,0,1,4,4,1,-1,2021,4,0,1,0,Away Win
2021-04-27,2020,Cheltenham,Carlisle United,1,1,4,4,2,0,2021,4,0,0,1,Draw
2021-04-27,2020,Exeter City,Grimsby Town,3,2,4,4,5,1,2021,4,1,0,0,Home Win
2021-04-27,2020,Forest Green Rovers,Barrow,0,2,4,4,2,-2,2021,4,0,1,0,Away Win
2021-04-30,2020,Southampton,Leicester City,1,1,1,1,2,0,2021,4,0,0,1,Draw
2021-04-30,2020,Harrogate Town A.F.C.,Cambridge United,5,4,4,4,9,1,2021,4,1,0,0,Home Win
2021-05-01,2020,Crystal Palace,Manchester City,0,2,1,1,2,-2,2021,5,0,1,0,Away Win
2021-05-01,2020,Brighton & Hove Albion,Leeds United,2,0,1,1,2,2,2021,5,1,0,0,Home Win
2021-05-01,2020,Chelsea,Fulham,2,0,1,1,2,2,2021,5,1,0,0,Home Win
2021-05-01,2020,Everton,Aston Villa,1,2,1,1,3,-1,2021,5,0,1,0,Away Win
2021-05-01,2020,Sheffield Wednesday,Nottingham Forest,0,0,2,2,0,0,2021,5,0,0,1,Draw
2021-05-01,2020,Birmingham City,Cardiff City,0,4,2,2,4,-4,2021,5,0,1,0,Away Win
2021-05-01,2020,Brentford,Watford,2,0,2,2,2,2,2021,5,1,0,0,Home Win
2021-05-01,2020,Huddersfield Town,Coventry City,1,1,2,2,2,0,2021,5,0,0,1,Draw
2021-05-01,2020,Luton Town,Middlesbrough,1,1,2,2,2,0,2021,5,0,0,1,Draw
2021-05-01,2020,Millwall,Bristol City,4,1,2,2,5,3,2021,5,1,0,0,Home Win
2021-05-01,2020,Norwich City,Reading,4,1,2,2,5,3,2021,5,1,0,0,Home Win
2021-05-01,2020,Preston North End,Barnsley,2,0,2,2,2,2,2021,5,1,0,0,Home Win
2021-05-01,2020,Rotherham United,Blackburn Rovers,1,1,2,2,2,0,2021,5,0,0,1,Draw
2021-05-01,2020,Stoke City,Queens Park Rangers,0,2,2,2,2,-2,2021,5,0,1,0,Away Win
2021-05-01,2020,Swansea City,Derby County,2,1,2,2,3,1,2021,5,1,0,0,Home Win
2021-05-01,2020,Wycombe Wanderers,AFC Bournemouth,1,0,2,2,1,1,2021,5,1,0,0,Home Win
2021-05-01,2020,Accrington,Charlton Athletic,1,1,3,3,2,0,2021,5,0,0,1,Draw
2021-05-01,2020,AFC Wimbledon,Portsmouth,1,3,3,3,4,-2,2021,5,0,1,0,Away Win
2021-05-01,2020,Bristol Rovers,Crewe Alexandra,0,1,3,3,1,-1,2021,5,0,1,0,Away Win
2021-05-01,2020,Burton Albion,Gillingham,1,1,3,3,2,0,2021,5,0,0,1,Draw
2021-05-01,2020,Fleetwood Town,Milton Keynes Dons,1,1,3,3,2,0,2021,5,0,0,1,Draw
2021-05-01,2020,Hull City,Wigan Athletic,3,1,3,3,4,2,2021,5,1,0,0,Home Win
2021-05-01,2020,Northampton Town,Blackpool,0,3,3,3,3,-3,2021,5,0,1,0,Away Win
2021-05-01,2020,Peterborough United,Lincoln City,3,3,3,3,6,0,2021,5,0,0,1,Draw
2021-05-01,2020,Plymouth Argyle,Sunderland,1,3,3,3,4,-2,2021,5,0,1,0,Away Win
2021-05-01,2020,Rochdale,Doncaster Rovers,1,2,3,3,3,-1,2021,5,0,1,0,Away Win
2021-05-01,2020,Shrewsbury Town,Oxford United,2,3,3,3,5,-1,2021,5,0,1,0,Away Win
2021-05-01,2020,Swindon Town,Ipswich Town,1,2,3,3,3,-1,2021,5,0,1,0,Away Win
2021-05-01,2020,Barrow,Southend United,1,2,4,4,3,-1,2021,5,0,1,0,Away Win
2021-05-01,2020,Bolton Wanderers,Exeter City,1,2,4,4,3,-1,2021,5,0,1,0,Away Win
2021-05-01,2020,Bradford City,Scunthorpe United,0,0,4,4,0,0,2021,5,0,0,1,Draw
2021-05-01,2020,Colchester United,Salford City,1,0,4,4,1,1,2021,5,1,0,0,Home Win
2021-05-01,2020,Forest Green Rovers,Tranmere Rovers,2,1,4,4,3,1,2021,5,1,0,0,Home Win
2021-05-01,2020,Grimsby Town,Port Vale,1,0,4,4,1,1,2021,5,1,0,0,Home Win
2021-05-01,2020,Leyton Orient,Carlisle United,2,3,4,4,5,-1,2021,5,0,1,0,Away Win
2021-05-01,2020,Mansfield Town,Oldham Athletic,4,1,4,4,5,3,2021,5,1,0,0,Home Win
2021-05-01,2020,Newport County,Cheltenham,1,0,4,4,1,1,2021,5,1,0,0,Home Win
2021-05-01,2020,Stevenage Borough,Crawley Town,3,3,4,4,6,0,2021,5,0,0,1,Draw
2021-05-01,2020,Walsall,Morecambe,0,2,4,4,2,-2,2021,5,0,1,0,Away Win
2021-05-02,2020,Newcastle United,Arsenal,0,2,1,1,2,-2,2021,5,0,1,0,Away Win
2021-05-02,2020,Tottenham Hotspur,Sheffield United,4,0,1,1,4,4,2021,5,1,0,0,Home Win
2021-05-03,2020,West Bromwich Albion,Wolverhampton Wanderers,1,1,1,1,2,0,2021,5,0,0,1,Draw
2021-05-03,2020,Burnley,West Ham United,1,2,1,1,3,-1,2021,5,0,1,0,Away Win
2021-05-04,2020,Luton Town,Rotherham United,0,0,2,2,0,0,2021,5,0,0,1,Draw
2021-05-04,2020,Blackpool,Doncaster Rovers,2,0,3,3,2,2,2021,5,1,0,0,Home Win
2021-05-04,2020,Charlton Athletic,Lincoln City,3,1,3,3,4,2,2021,5,1,0,0,Home Win
2021-05-04,2020,Shrewsbury Town,Ipswich Town,0,0,3,3,0,0,2021,5,0,0,1,Draw
2021-05-07,2020,Leicester City,Newcastle United,2,4,1,1,6,-2,2021,5,0,1,0,Away Win
2021-05-08,2020,Leeds United,Tottenham Hotspur,3,1,1,1,4,2,2021,5,1,0,0,Home Win
2021-05-08,2020,Sheffield United,Crystal Palace,0,2,1,1,2,-2,2021,5,0,1,0,Away Win
2021-05-08,2020,Manchester City,Chelsea,1,2,1,1,3,-1,2021,5,0,1,0,Away Win
2021-05-08,2020,Liverpool,Southampton,2,0,1,1,2,2,2021,5,1,0,0,Home Win
2021-05-08,2020,Barnsley,Norwich City,2,2,2,2,4,0,2021,5,0,0,1,Draw
2021-05-08,2020,Blackburn Rovers,Birmingham City,5,2,2,2,7,3,2021,5,1,0,0,Home Win
2021-05-08,2020,AFC Bournemouth,Stoke City,0,2,2,2,2,-2,2021,5,0,1,0,Away Win
2021-05-08,2020,Bristol City,Brentford,1,3,2,2,4,-2,2021,5,0,1,0,Away Win
2021-05-08,2020,Cardiff City,Rotherham United,1,1,2,2,2,0,2021,5,0,0,1,Draw
2021-05-08,2020,Coventry City,Millwall,6,1,2,2,7,5,2021,5,1,0,0,Home Win
2021-05-08,2020,Derby County,Sheffield Wednesday,3,3,2,2,6,0,2021,5,0,0,1,Draw
2021-05-08,2020,Middlesbrough,Wycombe Wanderers,0,3,2,2,3,-3,2021,5,0,1,0,Away Win
2021-05-08,2020,Nottingham Forest,Preston North End,1,2,2,2,3,-1,2021,5,0,1,0,Away Win
2021-05-08,2020,Queens Park Rangers,Luton Town,3,1,2,2,4,2,2021,5,1,0,0,Home Win
2021-05-08,2020,Reading,Huddersfield Town,2,2,2,2,4,0,2021,5,0,0,1,Draw
2021-05-08,2020,Watford,Swansea City,2,0,2,2,2,2,2021,5,1,0,0,Home Win
2021-05-08,2020,Cambridge United,Grimsby Town,3,0,4,4,3,3,2021,5,1,0,0,Home Win
2021-05-08,2020,Carlisle United,Walsall,0,0,4,4,0,0,2021,5,0,0,1,Draw
2021-05-08,2020,Cheltenham,Harrogate Town A.F.C.,4,1,4,4,5,3,2021,5,1,0,0,Home Win
2021-05-08,2020,Crawley Town,Bolton Wanderers,1,4,4,4,5,-3,2021,5,0,1,0,Away Win
2021-05-08,2020,Exeter City,Barrow,1,1,4,4,2,0,2021,5,0,0,1,Draw
2021-05-08,2020,Morecambe,Bradford City,2,0,4,4,2,2,2021,5,1,0,0,Home Win
2021-05-08,2020,Oldham Athletic,Forest Green Rovers,0,3,4,4,3,-3,2021,5,0,1,0,Away Win
2021-05-08,2020,Port Vale,Mansfield Town,0,3,4,4,3,-3,2021,5,0,1,0,Away Win
2021-05-08,2020,Scunthorpe United,Stevenage Borough,0,1,4,4,1,-1,2021,5,0,1,0,Away Win
2021-05-08,2020,Southend United,Newport County,1,1,4,4,2,0,2021,5,0,0,1,Draw
2021-05-08,2020,Tranmere Rovers,Colchester United,0,0,4,4,0,0,2021,5,0,0,1,Draw
2021-05-08,2020,Salford City,Leyton Orient,3,0,4,4,3,3,2021,5,1,0,0,Home Win
2021-05-09,2020,Wolverhampton Wanderers,Brighton & Hove Albion,2,1,1,1,3,1,2021,5,1,0,0,Home Win
2021-05-09,2020,Aston Villa,Manchester United,1,3,1,1,4,-2,2021,5,0,1,0,Away Win
2021-05-09,2020,West Ham United,Everton,0,1,1,1,1,-1,2021,5,0,1,0,Away Win
2021-05-09,2020,Arsenal,West Bromwich Albion,3,1,1,1,4,2,2021,5,1,0,0,Home Win
2021-05-09,2020,Blackpool,Bristol Rovers,1,0,3,3,1,1,2021,5,1,0,0,Home Win
2021-05-09,2020,Charlton Athletic,Hull City,1,0,3,3,1,1,2021,5,1,0,0,Home Win
2021-05-09,2020,Crewe Alexandra,Shrewsbury Town,3,2,3,3,5,1,2021,5,1,0,0,Home Win
2021-05-09,2020,Doncaster Rovers,Peterborough United,1,4,3,3,5,-3,2021,5,0,1,0,Away Win
2021-05-09,2020,Gillingham,Plymouth Argyle,1,0,3,3,1,1,2021,5,1,0,0,Home Win
2021-05-09,2020,Ipswich Town,Fleetwood Town,3,1,3,3,4,2,2021,5,1,0,0,Home Win
2021-05-09,2020,Lincoln City,AFC Wimbledon,0,0,3,3,0,0,2021,5,0,0,1,Draw
2021-05-09,2020,Milton Keynes Dons,Rochdale,0,3,3,3,3,-3,2021,5,0,1,0,Away Win
2021-05-09,2020,Oxford United,Burton Albion,4,0,3,3,4,4,2021,5,1,0,0,Home Win
2021-05-09,2020,Portsmouth,Accrington,0,1,3,3,1,-1,2021,5,0,1,0,Away Win
2021-05-09,2020,Sunderland,Northampton Town,1,1,3,3,2,0,2021,5,0,0,1,Draw
2021-05-09,2020,Wigan Athletic,Swindon Town,3,4,3,3,7,-1,2021,5,0,1,0,Away Win
2021-05-10,2020,Fulham,Burnley,0,2,1,1,2,-2,2021,5,0,1,0,Away Win
2021-05-11,2020,Manchester United,Leicester City,1,2,1,1,3,-1,2021,5,0,1,0,Away Win
2021-05-11,2020,Southampton,Crystal Palace,3,1,1,1,4,2,2021,5,1,0,0,Home Win
2021-05-12,2020,Chelsea,Arsenal,0,1,1,1,1,-1,2021,5,0,1,0,Away Win
2021-05-13,2020,Aston Villa,Everton,0,0,1,1,0,0,2021,5,0,0,1,Draw
2021-05-13,2020,Manchester United,Liverpool,2,4,1,1,6,-2,2021,5,0,1,0,Away Win
2021-05-14,2020,Newcastle United,Manchester City,3,4,1,1,7,-1,2021,5,0,1,0,Away Win
2021-05-15,2020,Burnley,Leeds United,0,4,1,1,4,-4,2021,5,0,1,0,Away Win
2021-05-15,2020,Southampton,Fulham,3,1,1,1,4,2,2021,5,1,0,0,Home Win
2021-05-15,2020,Brighton & Hove Albion,West Ham United,1,1,1,1,2,0,2021,5,0,0,1,Draw
2021-05-16,2020,Crystal Palace,Aston Villa,3,2,1,1,5,1,2021,5,1,0,0,Home Win
2021-05-16,2020,Tottenham Hotspur,Wolverhampton Wanderers,2,0,1,1,2,2,2021,5,1,0,0,Home Win
2021-05-16,2020,West Bromwich Albion,Liverpool,1,2,1,1,3,-1,2021,5,0,1,0,Away Win
2021-05-16,2020,Everton,Sheffield United,0,1,1,1,1,-1,2021,5,0,1,0,Away Win
2021-05-18,2020,Manchester United,Fulham,1,1,1,1,2,0,2021,5,0,0,1,Draw
2021-05-18,2020,Southampton,Leeds United,0,2,1,1,2,-2,2021,5,0,1,0,Away Win
2021-05-18,2020,Brighton & Hove Albion,Manchester City,3,2,1,1,5,1,2021,5,1,0,0,Home Win
2021-05-18,2020,Chelsea,Leicester City,2,1,1,1,3,1,2021,5,1,0,0,Home Win
2021-05-19,2020,Everton,Wolverhampton Wanderers,1,0,1,1,1,1,2021,5,1,0,0,Home Win
2021-05-19,2020,Newcastle United,Sheffield United,1,0,1,1,1,1,2021,5,1,0,0,Home Win
2021-05-19,2020,Tottenham Hotspur,Aston Villa,1,2,1,1,3,-1,2021,5,0,1,0,Away Win
2021-05-19,2020,Crystal Palace,Arsenal,1,3,1,1,4,-2,2021,5,0,1,0,Away Win
2021-05-19,2020,Burnley,Liverpool,0,3,1,1,3,-3,2021,5,0,1,0,Away Win
2021-05-19,2020,West Bromwich Albion,West Ham United,1,3,1,1,4,-2,2021,5,0,1,0,Away Win
2021-05-23,2020,Arsenal,Brighton & Hove Albion,2,0,1,1,2,2,2021,5,1,0,0,Home Win
2021-05-23,2020,Aston Villa,Chelsea,2,1,1,1,3,1,2021,5,1,0,0,Home Win
2021-05-23,2020,Fulham,Newcastle United,0,2,1,1,2,-2,2021,5,0,1,0,Away Win
2021-05-23,2020,Leeds United,West Bromwich Albion,3,1,1,1,4,2,2021,5,1,0,0,Home Win
2021-05-23,2020,Leicester City,Tottenham Hotspur,2,4,1,1,6,-2,2021,5,0,1,0,Away Win
2021-05-23,2020,Liverpool,Crystal Palace,2,0,1,1,2,2,2021,5,1,0,0,Home Win
2021-05-23,2020,Manchester City,Everton,5,0,1,1,5,5,2021,5,1,0,0,Home Win
2021-05-23,2020,Sheffield United,Burnley,1,0,1,1,1,1,2021,5,1,0,0,Home Win
2021-05-23,2020,West Ham United,Southampton,3,0,1,1,3,3,2021,5,1,0,0,Home Win
2021-05-23,2020,Wolverhampton Wanderers,Manchester United,1,2,1,1,3,-1,2021,5,0,1,0,Away Win
2021-08-06,2021,AFC Bournemouth,West Bromwich Albion,2,2,2,2,4,0,2021,8,0,0,1,Draw
2021-08-07,2021,Blackburn Rovers,Swansea City,2,1,2,2,3,1,2021,8,1,0,0,Home Win
2021-08-07,2021,Bristol City,Blackpool,1,1,2,2,2,0,2021,8,0,0,1,Draw
2021-08-07,2021,Cardiff City,Barnsley,1,1,2,2,2,0,2021,8,0,0,1,Draw
2021-08-07,2021,Derby County,Huddersfield Town,1,1,2,2,2,0,2021,8,0,0,1,Draw
2021-08-07,2021,Luton Town,Peterborough United,3,0,2,2,3,3,2021,8,1,0,0,Home Win
2021-08-07,2021,Preston North End,Hull City,1,4,2,2,5,-3,2021,8,0,1,0,Away Win
2021-08-07,2021,Queens Park Rangers,Millwall,1,1,2,2,2,0,2021,8,0,0,1,Draw
2021-08-07,2021,Stoke City,Reading,3,2,2,2,5,1,2021,8,1,0,0,Home Win
2021-08-07,2021,Sheffield United,Birmingham City,0,1,2,2,1,-1,2021,8,0,1,0,Away Win
2021-08-07,2021,Bolton Wanderers,Milton Keynes Dons,3,3,3,3,6,0,2021,8,0,0,1,Draw
2021-08-07,2021,Cambridge United,Oxford United,1,1,3,3,2,0,2021,8,0,0,1,Draw
2021-08-07,2021,Crewe Alexandra,Cheltenham,1,1,3,3,2,0,2021,8,0,0,1,Draw
2021-08-07,2021,Doncaster Rovers,AFC Wimbledon,1,2,3,3,3,-1,2021,8,0,1,0,Away Win
2021-08-07,2021,Fleetwood Town,Portsmouth,0,1,3,3,1,-1,2021,8,0,1,0,Away Win
2021-08-07,2021,Gillingham,Lincoln City,1,1,3,3,2,0,2021,8,0,0,1,Draw
2021-08-07,2021,Ipswich Town,Morecambe,2,2,3,3,4,0,2021,8,0,0,1,Draw
2021-08-07,2021,Rotherham United,Plymouth Argyle,2,0,3,3,2,2,2021,8,1,0,0,Home Win
2021-08-07,2021,Shrewsbury Town,Burton Albion,0,1,3,3,1,-1,2021,8,0,1,0,Away Win
2021-08-07,2021,Sunderland,Wigan Athletic,2,1,3,3,3,1,2021,8,1,0,0,Home Win
2021-08-07,2021,Wycombe Wanderers,Accrington,2,1,3,3,3,1,2021,8,1,0,0,Home Win
2021-08-07,2021,Charlton Athletic,Sheffield Wednesday,0,0,3,3,0,0,2021,8,0,0,1,Draw
2021-08-07,2021,Carlisle United,Colchester United,0,0,4,4,0,0,2021,8,0,0,1,Draw
2021-08-07,2021,Exeter City,Bradford City,0,0,4,4,0,0,2021,8,0,0,1,Draw
2021-08-07,2021,Forest Green Rovers,Sutton United,2,1,4,4,3,1,2021,8,1,0,0,Home Win
2021-08-07,2021,Harrogate Town A.F.C.,Rochdale,3,2,4,4,5,1,2021,8,1,0,0,Home Win
2021-08-07,2021,Hartlepool United,Crawley Town,1,0,4,4,1,1,2021,8,1,0,0,Home Win
2021-08-07,2021,Mansfield Town,Bristol Rovers,2,1,4,4,3,1,2021,8,1,0,0,Home Win
2021-08-07,2021,Northampton Town,Port Vale,1,0,4,4,1,1,2021,8,1,0,0,Home Win
2021-08-07,2021,Oldham Athletic,Newport County,0,1,4,4,1,-1,2021,8,0,1,0,Away Win
2021-08-07,2021,Salford City,Leyton Orient,1,1,4,4,2,0,2021,8,0,0,1,Draw
2021-08-07,2021,Scunthorpe United,Swindon Town,1,3,4,4,4,-2,2021,8,0,1,0,Away Win
2021-08-07,2021,Stevenage Borough,Barrow,1,0,4,4,1,1,2021,8,1,0,0,Home Win
2021-08-07,2021,Tranmere Rovers,Walsall,1,0,4,4,1,1,2021,8,1,0,0,Home Win
2021-08-08,2021,Fulham,Middlesbrough,1,1,2,2,2,0,2021,8,0,0,1,Draw
2021-08-08,2021,Coventry City,Nottingham Forest,2,1,2,2,3,1,2021,8,1,0,0,Home Win
2021-08-13,2021,Brentford,Arsenal,2,0,1,1,2,2,2021,8,1,0,0,Home Win
2021-08-14,2021,Manchester United,Leeds United,5,1,1,1,6,4,2021,8,1,0,0,Home Win
2021-08-14,2021,Burnley,Brighton & Hove Albion,1,2,1,1,3,-1,2021,8,0,1,0,Away Win
2021-08-14,2021,Chelsea,Crystal Palace,3,0,1,1,3,3,2021,8,1,0,0,Home Win
2021-08-14,2021,Everton,Southampton,3,1,1,1,4,2,2021,8,1,0,0,Home Win
2021-08-14,2021,Leicester City,Wolverhampton Wanderers,1,0,1,1,1,1,2021,8,1,0,0,Home Win
2021-08-14,2021,Watford,Aston Villa,3,2,1,1,5,1,2021,8,1,0,0,Home Win
2021-08-14,2021,Norwich City,Liverpool,0,3,1,1,3,-3,2021,8,0,1,0,Away Win
2021-08-14,2021,Peterborough United,Derby County,2,1,2,2,3,1,2021,8,1,0,0,Home Win
2021-08-14,2021,Barnsley,Coventry City,1,0,2,2,1,1,2021,8,1,0,0,Home Win
2021-08-14,2021,Birmingham City,Stoke City,0,0,2,2,0,0,2021,8,0,0,1,Draw
2021-08-14,2021,Blackpool,Cardiff City,0,2,2,2,2,-2,2021,8,0,1,0,Away Win
2021-08-14,2021,Huddersfield Town,Fulham,1,5,2,2,6,-4,2021,8,0,1,0,Away Win
2021-08-14,2021,Hull City,Queens Park Rangers,0,3,2,2,3,-3,2021,8,0,1,0,Away Win
2021-08-14,2021,Middlesbrough,Bristol City,2,1,2,2,3,1,2021,8,1,0,0,Home Win
2021-08-14,2021,Millwall,Blackburn Rovers,1,1,2,2,2,0,2021,8,0,0,1,Draw
2021-08-14,2021,Nottingham Forest,AFC Bournemouth,1,2,2,2,3,-1,2021,8,0,1,0,Away Win
2021-08-14,2021,Reading,Preston North End,2,1,2,2,3,1,2021,8,1,0,0,Home Win
2021-08-14,2021,West Bromwich Albion,Luton Town,3,2,2,2,5,1,2021,8,1,0,0,Home Win
2021-08-14,2021,Swansea City,Sheffield United,0,0,2,2,0,0,2021,8,0,0,1,Draw
2021-08-14,2021,Accrington,Cambridge United,2,1,3,3,3,1,2021,8,1,0,0,Home Win
2021-08-14,2021,AFC Wimbledon,Bolton Wanderers,3,3,3,3,6,0,2021,8,0,0,1,Draw
2021-08-14,2021,Burton Albion,Ipswich Town,2,1,3,3,3,1,2021,8,1,0,0,Home Win
2021-08-14,2021,Cheltenham,Wycombe Wanderers,1,3,3,3,4,-2,2021,8,0,1,0,Away Win
2021-08-14,2021,Lincoln City,Fleetwood Town,2,1,3,3,3,1,2021,8,1,0,0,Home Win
2021-08-14,2021,Milton Keynes Dons,Sunderland,1,2,3,3,3,-1,2021,8,0,1,0,Away Win
2021-08-14,2021,Morecambe,Shrewsbury Town,2,0,3,3,2,2,2021,8,1,0,0,Home Win
2021-08-14,2021,Oxford United,Charlton Athletic,2,1,3,3,3,1,2021,8,1,0,0,Home Win
2021-08-14,2021,Plymouth Argyle,Gillingham,1,0,3,3,1,1,2021,8,1,0,0,Home Win
2021-08-14,2021,Portsmouth,Crewe Alexandra,2,0,3,3,2,2,2021,8,1,0,0,Home Win
2021-08-14,2021,Sheffield Wednesday,Doncaster Rovers,2,0,3,3,2,2,2021,8,1,0,0,Home Win
2021-08-14,2021,Wigan Athletic,Rotherham United,1,0,3,3,1,1,2021,8,1,0,0,Home Win
2021-08-14,2021,Barrow,Hartlepool United,3,2,4,4,5,1,2021,8,1,0,0,Home Win
2021-08-14,2021,Bradford City,Oldham Athletic,2,1,4,4,3,1,2021,8,1,0,0,Home Win
2021-08-14,2021,Bristol Rovers,Stevenage Borough,0,2,4,4,2,-2,2021,8,0,1,0,Away Win
2021-08-14,2021,Colchester United,Northampton Town,0,1,4,4,1,-1,2021,8,0,1,0,Away Win
2021-08-14,2021,Leyton Orient,Exeter City,3,0,4,4,3,3,2021,8,1,0,0,Home Win
2021-08-14,2021,Mansfield Town,Newport County,2,1,4,4,3,1,2021,8,1,0,0,Home Win
2021-08-14,2021,Port Vale,Tranmere Rovers,0,0,4,4,0,0,2021,8,0,0,1,Draw
2021-08-14,2021,Rochdale,Scunthorpe United,0,0,4,4,0,0,2021,8,0,0,1,Draw
2021-08-14,2021,Salford City,Sutton United,0,0,4,4,0,0,2021,8,0,0,1,Draw
2021-08-14,2021,Swindon Town,Carlisle United,1,2,4,4,3,-1,2021,8,0,1,0,Away Win
2021-08-14,2021,Walsall,Forest Green Rovers,1,3,4,4,4,-2,2021,8,0,1,0,Away Win
2021-08-15,2021,Newcastle United,West Ham United,2,4,1,1,6,-2,2021,8,0,1,0,Away Win
2021-08-15,2021,Tottenham Hotspur,Manchester City,1,0,1,1,1,1,2021,8,1,0,0,Home Win
2021-08-17,2021,Barnsley,Luton Town,0,1,2,2,1,-1,2021,8,0,1,0,Away Win
2021-08-17,2021,Blackpool,Coventry City,0,1,2,2,1,-1,2021,8,0,1,0,Away Win
2021-08-17,2021,Huddersfield Town,Preston North End,1,0,2,2,1,1,2021,8,1,0,0,Home Win
2021-08-17,2021,Millwall,Fulham,1,2,2,2,3,-1,2021,8,0,1,0,Away Win
2021-08-17,2021,Peterborough United,Cardiff City,2,2,2,2,4,0,2021,8,0,0,1,Draw
2021-08-17,2021,Swansea City,Stoke City,1,3,2,2,4,-2,2021,8,0,1,0,Away Win
2021-08-17,2021,Reading,Bristol City,2,3,2,2,5,-1,2021,8,0,1,0,Away Win
2021-08-17,2021,Accrington,Doncaster Rovers,1,0,3,3,1,1,2021,8,1,0,0,Home Win
2021-08-17,2021,AFC Wimbledon,Gillingham,1,1,3,3,2,0,2021,8,0,0,1,Draw
2021-08-17,2021,Burton Albion,Sunderland,1,0,3,3,1,1,2021,8,1,0,0,Home Win
2021-08-17,2021,Cheltenham,Ipswich Town,2,1,3,3,3,1,2021,8,1,0,0,Home Win
2021-08-17,2021,Lincoln City,Bolton Wanderers,0,1,3,3,1,-1,2021,8,0,1,0,Away Win
2021-08-17,2021,Milton Keynes Dons,Charlton Athletic,2,1,3,3,3,1,2021,8,1,0,0,Home Win
2021-08-17,2021,Morecambe,Rotherham United,0,1,3,3,1,-1,2021,8,0,1,0,Away Win
2021-08-17,2021,Oxford United,Crewe Alexandra,1,0,3,3,1,1,2021,8,1,0,0,Home Win
2021-08-17,2021,Plymouth Argyle,Cambridge United,1,1,3,3,2,0,2021,8,0,0,1,Draw
2021-08-17,2021,Portsmouth,Shrewsbury Town,1,0,3,3,1,1,2021,8,1,0,0,Home Win
2021-08-17,2021,Sheffield Wednesday,Fleetwood Town,1,0,3,3,1,1,2021,8,1,0,0,Home Win
2021-08-17,2021,Wigan Athletic,Wycombe Wanderers,1,1,3,3,2,0,2021,8,0,0,1,Draw
2021-08-17,2021,Barrow,Exeter City,0,0,4,4,0,0,2021,8,0,0,1,Draw
2021-08-17,2021,Bradford City,Stevenage Borough,4,1,4,4,5,3,2021,8,1,0,0,Home Win
2021-08-17,2021,Bristol Rovers,Oldham Athletic,1,0,4,4,1,1,2021,8,1,0,0,Home Win
2021-08-17,2021,Colchester United,Mansfield Town,1,1,4,4,2,0,2021,8,0,0,1,Draw
2021-08-17,2021,Crawley Town,Salford City,2,1,4,4,3,1,2021,8,1,0,0,Home Win
2021-08-17,2021,Port Vale,Carlisle United,0,0,4,4,0,0,2021,8,0,0,1,Draw
2021-08-17,2021,Rochdale,Forest Green Rovers,1,2,4,4,3,-1,2021,8,0,1,0,Away Win
2021-08-17,2021,Swindon Town,Tranmere Rovers,0,0,4,4,0,0,2021,8,0,0,1,Draw
2021-08-17,2021,Walsall,Scunthorpe United,1,1,4,4,2,0,2021,8,0,0,1,Draw
2021-08-18,2021,Birmingham City,AFC Bournemouth,0,2,2,2,2,-2,2021,8,0,1,0,Away Win
2021-08-18,2021,Hull City,Derby County,0,1,2,2,1,-1,2021,8,0,1,0,Away Win
2021-08-18,2021,Middlesbrough,Queens Park Rangers,2,3,2,2,5,-1,2021,8,0,1,0,Away Win
2021-08-18,2021,Nottingham Forest,Blackburn Rovers,1,2,2,2,3,-1,2021,8,0,1,0,Away Win
2021-08-18,2021,West Bromwich Albion,Sheffield United,4,0,2,2,4,4,2021,8,1,0,0,Home Win
2021-08-20,2021,Bristol City,Swansea City,0,1,2,2,1,-1,2021,8,0,1,0,Away Win
2021-08-21,2021,Liverpool,Burnley,2,0,1,1,2,2,2021,8,1,0,0,Home Win
2021-08-21,2021,Aston Villa,Newcastle United,2,0,1,1,2,2,2021,8,1,0,0,Home Win
2021-08-21,2021,Crystal Palace,Brentford,0,0,1,1,0,0,2021,8,0,0,1,Draw
2021-08-21,2021,Leeds United,Everton,2,2,1,1,4,0,2021,8,0,0,1,Draw
2021-08-21,2021,Manchester City,Norwich City,5,0,1,1,5,5,2021,8,1,0,0,Home Win
2021-08-21,2021,Brighton & Hove Albion,Watford,2,0,1,1,2,2,2021,8,1,0,0,Home Win
2021-08-21,2021,Queens Park Rangers,Barnsley,2,2,2,2,4,0,2021,8,0,0,1,Draw
2021-08-21,2021,Blackburn Rovers,West Bromwich Albion,1,2,2,2,3,-1,2021,8,0,1,0,Away Win
2021-08-21,2021,AFC Bournemouth,Blackpool,2,2,2,2,4,0,2021,8,0,0,1,Draw
2021-08-21,2021,Cardiff City,Millwall,3,1,2,2,4,2,2021,8,1,0,0,Home Win
2021-08-21,2021,Coventry City,Reading,2,1,2,2,3,1,2021,8,1,0,0,Home Win
2021-08-21,2021,Derby County,Middlesbrough,0,0,2,2,0,0,2021,8,0,0,1,Draw
2021-08-21,2021,Fulham,Hull City,2,0,2,2,2,2,2021,8,1,0,0,Home Win
2021-08-21,2021,Luton Town,Birmingham City,0,5,2,2,5,-5,2021,8,0,1,0,Away Win
2021-08-21,2021,Preston North End,Peterborough United,1,0,2,2,1,1,2021,8,1,0,0,Home Win
2021-08-21,2021,Sheffield United,Huddersfield Town,1,2,2,2,3,-1,2021,8,0,1,0,Away Win
2021-08-21,2021,Stoke City,Nottingham Forest,1,0,2,2,1,1,2021,8,1,0,0,Home Win
2021-08-21,2021,Rotherham United,Sheffield Wednesday,0,2,3,3,2,-2,2021,8,0,1,0,Away Win
2021-08-21,2021,Bolton Wanderers,Oxford United,2,1,3,3,3,1,2021,8,1,0,0,Home Win
2021-08-21,2021,Cambridge United,Burton Albion,3,0,3,3,3,3,2021,8,1,0,0,Home Win
2021-08-21,2021,Charlton Athletic,Wigan Athletic,0,2,3,3,2,-2,2021,8,0,1,0,Away Win
2021-08-21,2021,Crewe Alexandra,Accrington,0,1,3,3,1,-1,2021,8,0,1,0,Away Win
2021-08-21,2021,Doncaster Rovers,Portsmouth,0,0,3,3,0,0,2021,8,0,0,1,Draw
2021-08-21,2021,Fleetwood Town,Cheltenham,3,2,3,3,5,1,2021,8,1,0,0,Home Win
2021-08-21,2021,Gillingham,Morecambe,2,1,3,3,3,1,2021,8,1,0,0,Home Win
2021-08-21,2021,Ipswich Town,Milton Keynes Dons,2,2,3,3,4,0,2021,8,0,0,1,Draw
2021-08-21,2021,Shrewsbury Town,Plymouth Argyle,0,3,3,3,3,-3,2021,8,0,1,0,Away Win
2021-08-21,2021,Sunderland,AFC Wimbledon,1,0,3,3,1,1,2021,8,1,0,0,Home Win
2021-08-21,2021,Wycombe Wanderers,Lincoln City,1,0,3,3,1,1,2021,8,1,0,0,Home Win
2021-08-21,2021,Carlisle United,Leyton Orient,1,1,4,4,2,0,2021,8,0,0,1,Draw
2021-08-21,2021,Exeter City,Bristol Rovers,4,1,4,4,5,3,2021,8,1,0,0,Home Win
2021-08-21,2021,Forest Green Rovers,Crawley Town,6,3,4,4,9,3,2021,8,1,0,0,Home Win
2021-08-21,2021,Harrogate Town A.F.C.,Barrow,2,1,4,4,3,1,2021,8,1,0,0,Home Win
2021-08-21,2021,Hartlepool United,Walsall,2,0,4,4,2,2,2021,8,1,0,0,Home Win
2021-08-21,2021,Mansfield Town,Bradford City,2,3,4,4,5,-1,2021,8,0,1,0,Away Win
2021-08-21,2021,Northampton Town,Rochdale,1,3,4,4,4,-2,2021,8,0,1,0,Away Win
2021-08-21,2021,Oldham Athletic,Colchester United,1,2,4,4,3,-1,2021,8,0,1,0,Away Win
2021-08-21,2021,Salford City,Swindon Town,0,1,4,4,1,-1,2021,8,0,1,0,Away Win
2021-08-21,2021,Scunthorpe United,Sutton United,1,1,4,4,2,0,2021,8,0,0,1,Draw
2021-08-21,2021,Stevenage Borough,Port Vale,1,1,4,4,2,0,2021,8,0,0,1,Draw
2021-08-21,2021,Tranmere Rovers,Newport County,0,1,4,4,1,-1,2021,8,0,1,0,Away Win
2021-08-22,2021,Southampton,Manchester United,1,1,1,1,2,0,2021,8,0,0,1,Draw
2021-08-22,2021,Wolverhampton Wanderers,Tottenham Hotspur,0,1,1,1,1,-1,2021,8,0,1,0,Away Win
2021-08-22,2021,Arsenal,Chelsea,0,2,1,1,2,-2,2021,8,0,1,0,Away Win
2021-08-23,2021,West Ham United,Leicester City,4,1,1,1,5,3,2021,8,1,0,0,Home Win
2021-08-24,2021,Leyton Orient,Harrogate Town A.F.C.,0,2,4,4,2,-2,2021,8,0,1,0,Away Win
2021-08-27,2021,Burton Albion,Cheltenham,1,1,3,3,2,0,2021,8,0,0,1,Draw
2021-08-27,2021,Rochdale,Colchester United,1,1,4,4,2,0,2021,8,0,0,1,Draw
2021-08-28,2021,Manchester City,Arsenal,5,0,1,1,5,5,2021,8,1,0,0,Home Win
2021-08-28,2021,Aston Villa,Brentford,1,1,1,1,2,0,2021,8,0,0,1,Draw
2021-08-28,2021,Brighton & Hove Albion,Everton,0,2,1,1,2,-2,2021,8,0,1,0,Away Win
2021-08-28,2021,Newcastle United,Southampton,2,2,1,1,4,0,2021,8,0,0,1,Draw
2021-08-28,2021,Norwich City,Leicester City,1,2,1,1,3,-1,2021,8,0,1,0,Away Win
2021-08-28,2021,West Ham United,Crystal Palace,2,2,1,1,4,0,2021,8,0,0,1,Draw
2021-08-28,2021,Liverpool,Chelsea,1,1,1,1,2,0,2021,8,0,0,1,Draw
2021-08-28,2021,Cardiff City,Bristol City,1,2,2,2,3,-1,2021,8,0,1,0,Away Win
2021-08-28,2021,Derby County,Nottingham Forest,1,1,2,2,2,0,2021,8,0,0,1,Draw
2021-08-28,2021,Barnsley,Birmingham City,1,1,2,2,2,0,2021,8,0,0,1,Draw
2021-08-28,2021,Fulham,Stoke City,3,0,2,2,3,3,2021,8,1,0,0,Home Win
2021-08-28,2021,Huddersfield Town,Reading,4,0,2,2,4,4,2021,8,1,0,0,Home Win
2021-08-28,2021,Hull City,AFC Bournemouth,0,0,2,2,0,0,2021,8,0,0,1,Draw
2021-08-28,2021,Luton Town,Sheffield United,0,0,2,2,0,0,2021,8,0,0,1,Draw
2021-08-28,2021,Middlesbrough,Blackburn Rovers,1,1,2,2,2,0,2021,8,0,0,1,Draw
2021-08-28,2021,Millwall,Blackpool,2,1,2,2,3,1,2021,8,1,0,0,Home Win
2021-08-28,2021,Preston North End,Swansea City,3,1,2,2,4,2,2021,8,1,0,0,Home Win
2021-08-28,2021,Queens Park Rangers,Coventry City,2,0,2,2,2,2,2021,8,1,0,0,Home Win
2021-08-28,2021,Peterborough United,West Bromwich Albion,0,1,2,2,1,-1,2021,8,0,1,0,Away Win
2021-08-28,2021,Rotherham United,Doncaster Rovers,2,0,3,3,2,2,2021,8,1,0,0,Home Win
2021-08-28,2021,Cambridge United,Bolton Wanderers,1,0,3,3,1,1,2021,8,1,0,0,Home Win
2021-08-28,2021,Charlton Athletic,Crewe Alexandra,2,0,3,3,2,2,2021,8,1,0,0,Home Win
2021-08-28,2021,Ipswich Town,AFC Wimbledon,2,2,3,3,4,0,2021,8,0,0,1,Draw
2021-08-28,2021,Milton Keynes Dons,Accrington,2,0,3,3,2,2,2021,8,1,0,0,Home Win
2021-08-28,2021,Morecambe,Sheffield Wednesday,1,0,3,3,1,1,2021,8,1,0,0,Home Win
2021-08-28,2021,Oxford United,Lincoln City,3,1,3,3,4,2,2021,8,1,0,0,Home Win
2021-08-28,2021,Plymouth Argyle,Fleetwood Town,1,1,3,3,2,0,2021,8,0,0,1,Draw
2021-08-28,2021,Shrewsbury Town,Gillingham,2,1,3,3,3,1,2021,8,1,0,0,Home Win
2021-08-28,2021,Sunderland,Wycombe Wanderers,3,1,3,3,4,2,2021,8,1,0,0,Home Win
2021-08-28,2021,Wigan Athletic,Portsmouth,1,0,3,3,1,1,2021,8,1,0,0,Home Win
2021-08-28,2021,Barrow,Bristol Rovers,1,1,4,4,2,0,2021,8,0,0,1,Draw
2021-08-28,2021,Crawley Town,Northampton Town,0,0,4,4,0,0,2021,8,0,0,1,Draw
2021-08-28,2021,Forest Green Rovers,Port Vale,0,2,4,4,2,-2,2021,8,0,1,0,Away Win
2021-08-28,2021,Harrogate Town A.F.C.,Exeter City,1,1,4,4,2,0,2021,8,0,0,1,Draw
2021-08-28,2021,Hartlepool United,Carlisle United,2,1,4,4,3,1,2021,8,1,0,0,Home Win
2021-08-28,2021,Leyton Orient,Bradford City,2,0,4,4,2,2,2021,8,1,0,0,Home Win
2021-08-28,2021,Salford City,Newport County,3,0,4,4,3,3,2021,8,1,0,0,Home Win
2021-08-28,2021,Scunthorpe United,Tranmere Rovers,1,0,4,4,1,1,2021,8,1,0,0,Home Win
2021-08-28,2021,Sutton United,Oldham Athletic,1,2,4,4,3,-1,2021,8,0,1,0,Away Win
2021-08-28,2021,Swindon Town,Mansfield Town,1,0,4,4,1,1,2021,8,1,0,0,Home Win
2021-08-28,2021,Walsall,Stevenage Borough,1,0,4,4,1,1,2021,8,1,0,0,Home Win
2021-08-29,2021,Burnley,Leeds United,1,1,1,1,2,0,2021,8,0,0,1,Draw
2021-08-29,2021,Tottenham Hotspur,Watford,1,0,1,1,1,1,2021,8,1,0,0,Home Win
2021-08-29,2021,Wolverhampton Wanderers,Manchester United,0,1,1,1,1,-1,2021,8,0,1,0,Away Win
2021-09-04,2021,Accrington,Shrewsbury Town,1,0,3,3,1,1,2021,9,1,0,0,Home Win
2021-09-04,2021,AFC Wimbledon,Oxford United,3,1,3,3,4,2,2021,9,1,0,0,Home Win
2021-09-04,2021,Cheltenham,Milton Keynes Dons,1,1,3,3,2,0,2021,9,0,0,1,Draw
2021-09-04,2021,Bradford City,Walsall,1,1,4,4,2,0,2021,9,0,0,1,Draw
2021-09-04,2021,Bristol Rovers,Crawley Town,1,0,4,4,1,1,2021,9,1,0,0,Home Win
2021-09-04,2021,Carlisle United,Salford City,2,1,4,4,3,1,2021,9,1,0,0,Home Win
2021-09-04,2021,Exeter City,Forest Green Rovers,0,0,4,4,0,0,2021,9,0,0,1,Draw
2021-09-04,2021,Mansfield Town,Harrogate Town A.F.C.,1,3,4,4,4,-2,2021,9,0,1,0,Away Win
2021-09-04,2021,Newport County,Leyton Orient,2,2,4,4,4,0,2021,9,0,0,1,Draw
2021-09-04,2021,Northampton Town,Scunthorpe United,2,0,4,4,2,2,2021,9,1,0,0,Home Win
2021-09-04,2021,Oldham Athletic,Barrow,0,3,4,4,3,-3,2021,9,0,1,0,Away Win
2021-09-04,2021,Port Vale,Rochdale,2,3,4,4,5,-1,2021,9,0,1,0,Away Win
2021-09-04,2021,Stevenage Borough,Swindon Town,1,1,4,4,2,0,2021,9,0,0,1,Draw
2021-09-04,2021,Tranmere Rovers,Hartlepool United,1,0,4,4,1,1,2021,9,1,0,0,Home Win
2021-09-06,2021,Bolton Wanderers,Burton Albion,0,0,3,3,0,0,2021,9,0,0,1,Draw
2021-09-10,2021,Birmingham City,Derby County,2,0,2,2,2,2,2021,9,1,0,0,Home Win
2021-09-10,2021,Barrow,Colchester United,2,3,4,4,5,-1,2021,9,0,1,0,Away Win
2021-09-10,2021,Harrogate Town A.F.C.,Newport County,2,2,4,4,4,0,2021,9,0,0,1,Draw
2021-09-11,2021,Crystal Palace,Tottenham Hotspur,3,0,1,1,3,3,2021,9,1,0,0,Home Win
2021-09-11,2021,Arsenal,Norwich City,1,0,1,1,1,1,2021,9,1,0,0,Home Win
2021-09-11,2021,Brentford,Brighton & Hove Albion,0,1,1,1,1,-1,2021,9,0,1,0,Away Win
2021-09-11,2021,Leicester City,Manchester City,0,1,1,1,1,-1,2021,9,0,1,0,Away Win
2021-09-11,2021,Manchester United,Newcastle United,4,1,1,1,5,3,2021,9,1,0,0,Home Win
2021-09-11,2021,Southampton,West Ham United,0,0,1,1,0,0,2021,9,0,0,1,Draw
2021-09-11,2021,Watford,Wolverhampton Wanderers,0,2,1,1,2,-2,2021,9,0,1,0,Away Win
2021-09-11,2021,Chelsea,Aston Villa,3,0,1,1,3,3,2021,9,1,0,0,Home Win
2021-09-11,2021,Blackburn Rovers,Luton Town,2,2,2,2,4,0,2021,9,0,0,1,Draw
2021-09-11,2021,Blackpool,Fulham,1,0,2,2,1,1,2021,9,1,0,0,Home Win
2021-09-11,2021,AFC Bournemouth,Barnsley,3,0,2,2,3,3,2021,9,1,0,0,Home Win
2021-09-11,2021,Bristol City,Preston North End,0,0,2,2,0,0,2021,9,0,0,1,Draw
2021-09-11,2021,Coventry City,Middlesbrough,2,0,2,2,2,2,2021,9,1,0,0,Home Win
2021-09-11,2021,Reading,Queens Park Rangers,3,3,2,2,6,0,2021,9,0,0,1,Draw
2021-09-11,2021,Sheffield United,Peterborough United,6,2,2,2,8,4,2021,9,1,0,0,Home Win
2021-09-11,2021,Stoke City,Huddersfield Town,2,1,2,2,3,1,2021,9,1,0,0,Home Win
2021-09-11,2021,Swansea City,Hull City,0,0,2,2,0,0,2021,9,0,0,1,Draw
2021-09-11,2021,West Bromwich Albion,Millwall,1,1,2,2,2,0,2021,9,0,0,1,Draw
2021-09-11,2021,Burton Albion,Gillingham,1,1,3,3,2,0,2021,9,0,0,1,Draw
2021-09-11,2021,Cambridge United,Lincoln City,1,5,3,3,6,-4,2021,9,0,1,0,Away Win
2021-09-11,2021,Charlton Athletic,Cheltenham,1,2,3,3,3,-1,2021,9,0,1,0,Away Win
2021-09-11,2021,Ipswich Town,Bolton Wanderers,2,5,3,3,7,-3,2021,9,0,1,0,Away Win
2021-09-11,2021,Milton Keynes Dons,Portsmouth,1,0,3,3,1,1,2021,9,1,0,0,Home Win
2021-09-11,2021,Morecambe,AFC Wimbledon,3,4,3,3,7,-1,2021,9,0,1,0,Away Win
2021-09-11,2021,Oxford United,Wycombe Wanderers,0,0,3,3,0,0,2021,9,0,0,1,Draw
2021-09-11,2021,Plymouth Argyle,Sheffield Wednesday,3,0,3,3,3,3,2021,9,1,0,0,Home Win
2021-09-11,2021,Rotherham United,Fleetwood Town,2,4,3,3,6,-2,2021,9,0,1,0,Away Win
2021-09-11,2021,Shrewsbury Town,Crewe Alexandra,1,1,3,3,2,0,2021,9,0,0,1,Draw
2021-09-11,2021,Sunderland,Accrington,2,1,3,3,3,1,2021,9,1,0,0,Home Win
2021-09-11,2021,Wigan Athletic,Doncaster Rovers,2,1,3,3,3,1,2021,9,1,0,0,Home Win
2021-09-11,2021,Crawley Town,Carlisle United,2,1,4,4,3,1,2021,9,1,0,0,Home Win
2021-09-11,2021,Forest Green Rovers,Northampton Town,1,0,4,4,1,1,2021,9,1,0,0,Home Win
2021-09-11,2021,Hartlepool United,Bristol Rovers,1,0,4,4,1,1,2021,9,1,0,0,Home Win
2021-09-11,2021,Leyton Orient,Oldham Athletic,4,0,4,4,4,4,2021,9,1,0,0,Home Win
2021-09-11,2021,Rochdale,Tranmere Rovers,1,0,4,4,1,1,2021,9,1,0,0,Home Win
2021-09-11,2021,Salford City,Bradford City,1,0,4,4,1,1,2021,9,1,0,0,Home Win
2021-09-11,2021,Scunthorpe United,Exeter City,0,4,4,4,4,-4,2021,9,0,1,0,Away Win
2021-09-11,2021,Sutton United,Stevenage Borough,2,1,4,4,3,1,2021,9,1,0,0,Home Win
2021-09-11,2021,Swindon Town,Port Vale,1,2,4,4,3,-1,2021,9,0,1,0,Away Win
2021-09-11,2021,Walsall,Mansfield Town,3,1,4,4,4,2,2021,9,1,0,0,Home Win
2021-09-12,2021,Leeds United,Liverpool,0,3,1,1,3,-3,2021,9,0,1,0,Away Win
2021-09-12,2021,Nottingham Forest,Cardiff City,1,2,2,2,3,-1,2021,9,0,1,0,Away Win
2021-09-13,2021,Everton,Burnley,3,1,1,1,4,2,2021,9,1,0,0,Home Win
2021-09-14,2021,Blackburn Rovers,Hull City,2,0,2,2,2,2,2021,9,1,0,0,Home Win
2021-09-14,2021,Blackpool,Huddersfield Town,0,3,2,2,3,-3,2021,9,0,1,0,Away Win
2021-09-14,2021,AFC Bournemouth,Queens Park Rangers,2,1,2,2,3,1,2021,9,1,0,0,Home Win
2021-09-14,2021,Sheffield United,Preston North End,2,2,2,2,4,0,2021,9,0,0,1,Draw
2021-09-14,2021,Reading,Peterborough United,3,1,2,2,4,2,2021,9,1,0,0,Home Win
2021-09-14,2021,West Bromwich Albion,Derby County,0,0,2,2,0,0,2021,9,0,0,1,Draw
2021-09-14,2021,Lincoln City,Rotherham United,1,1,3,3,2,0,2021,9,0,0,1,Draw
2021-09-14,2021,Newport County,Northampton Town,0,1,4,4,1,-1,2021,9,0,1,0,Away Win
2021-09-14,2021,Sutton United,Hartlepool United,1,0,4,4,1,1,2021,9,1,0,0,Home Win
2021-09-15,2021,Birmingham City,Fulham,1,4,2,2,5,-3,2021,9,0,1,0,Away Win
2021-09-15,2021,Bristol City,Luton Town,1,1,2,2,2,0,2021,9,0,0,1,Draw
2021-09-15,2021,Coventry City,Cardiff City,1,0,2,2,1,1,2021,9,1,0,0,Home Win
2021-09-15,2021,Nottingham Forest,Middlesbrough,0,2,2,2,2,-2,2021,9,0,1,0,Away Win
2021-09-15,2021,Stoke City,Barnsley,1,1,2,2,2,0,2021,9,0,0,1,Draw
2021-09-15,2021,Swansea City,Millwall,0,0,2,2,0,0,2021,9,0,0,1,Draw
2021-09-17,2021,Newcastle United,Leeds United,1,1,1,1,2,0,2021,9,0,0,1,Draw
2021-09-18,2021,Wolverhampton Wanderers,Brentford,0,2,1,1,2,-2,2021,9,0,1,0,Away Win
2021-09-18,2021,Burnley,Arsenal,0,1,1,1,1,-1,2021,9,0,1,0,Away Win
2021-09-18,2021,Liverpool,Crystal Palace,3,0,1,1,3,3,2021,9,1,0,0,Home Win
2021-09-18,2021,Manchester City,Southampton,0,0,1,1,0,0,2021,9,0,0,1,Draw
2021-09-18,2021,Norwich City,Watford,1,3,1,1,4,-2,2021,9,0,1,0,Away Win
2021-09-18,2021,Aston Villa,Everton,3,0,1,1,3,3,2021,9,1,0,0,Home Win
2021-09-18,2021,Hull City,Sheffield United,1,3,2,2,4,-2,2021,9,0,1,0,Away Win
2021-09-18,2021,Barnsley,Blackburn Rovers,0,0,2,2,0,0,2021,9,0,0,1,Draw
2021-09-18,2021,Cardiff City,AFC Bournemouth,0,1,2,2,1,-1,2021,9,0,1,0,Away Win
2021-09-18,2021,Derby County,Stoke City,2,1,2,2,3,1,2021,9,1,0,0,Home Win
2021-09-18,2021,Fulham,Reading,1,2,2,2,3,-1,2021,9,0,1,0,Away Win
2021-09-18,2021,Huddersfield Town,Nottingham Forest,0,2,2,2,2,-2,2021,9,0,1,0,Away Win
2021-09-18,2021,Luton Town,Swansea City,3,3,2,2,6,0,2021,9,0,0,1,Draw
2021-09-18,2021,Middlesbrough,Blackpool,1,2,2,2,3,-1,2021,9,0,1,0,Away Win
2021-09-18,2021,Millwall,Coventry City,1,1,2,2,2,0,2021,9,0,0,1,Draw
2021-09-18,2021,Peterborough United,Birmingham City,3,0,2,2,3,3,2021,9,1,0,0,Home Win
2021-09-18,2021,Preston North End,West Bromwich Albion,1,1,2,2,2,0,2021,9,0,0,1,Draw
2021-09-18,2021,Queens Park Rangers,Bristol City,1,2,2,2,3,-1,2021,9,0,1,0,Away Win
2021-09-18,2021,Accrington,Wigan Athletic,1,4,3,3,5,-3,2021,9,0,1,0,Away Win
2021-09-18,2021,AFC Wimbledon,Plymouth Argyle,0,1,3,3,1,-1,2021,9,0,1,0,Away Win
2021-09-18,2021,Bolton Wanderers,Rotherham United,0,2,3,3,2,-2,2021,9,0,1,0,Away Win
2021-09-18,2021,Cheltenham,Oxford United,1,0,3,3,1,1,2021,9,1,0,0,Home Win
2021-09-18,2021,Crewe Alexandra,Burton Albion,2,0,3,3,2,2,2021,9,1,0,0,Home Win
2021-09-18,2021,Doncaster Rovers,Morecambe,1,0,3,3,1,1,2021,9,1,0,0,Home Win
2021-09-18,2021,Fleetwood Town,Sunderland,2,2,3,3,4,0,2021,9,0,0,1,Draw
2021-09-18,2021,Gillingham,Milton Keynes Dons,1,4,3,3,5,-3,2021,9,0,1,0,Away Win
2021-09-18,2021,Lincoln City,Ipswich Town,0,1,3,3,1,-1,2021,9,0,1,0,Away Win
2021-09-18,2021,Portsmouth,Cambridge United,1,2,3,3,3,-1,2021,9,0,1,0,Away Win
2021-09-18,2021,Sheffield Wednesday,Shrewsbury Town,1,1,3,3,2,0,2021,9,0,0,1,Draw
2021-09-18,2021,Wycombe Wanderers,Charlton Athletic,2,1,3,3,3,1,2021,9,1,0,0,Home Win
2021-09-18,2021,Northampton Town,Swindon Town,1,1,4,4,2,0,2021,9,0,0,1,Draw
2021-09-18,2021,Bradford City,Barrow,1,1,4,4,2,0,2021,9,0,0,1,Draw
2021-09-18,2021,Bristol Rovers,Leyton Orient,1,3,4,4,4,-2,2021,9,0,1,0,Away Win
2021-09-18,2021,Carlisle United,Scunthorpe United,2,2,4,4,4,0,2021,9,0,0,1,Draw
2021-09-18,2021,Colchester United,Crawley Town,0,1,4,4,1,-1,2021,9,0,1,0,Away Win
2021-09-18,2021,Exeter City,Sutton United,2,0,4,4,2,2,2021,9,1,0,0,Home Win
2021-09-18,2021,Mansfield Town,Rochdale,1,1,4,4,2,0,2021,9,0,0,1,Draw
2021-09-18,2021,Newport County,Walsall,2,1,4,4,3,1,2021,9,1,0,0,Home Win
2021-09-18,2021,Oldham Athletic,Hartlepool United,0,0,4,4,0,0,2021,9,0,0,1,Draw
2021-09-18,2021,Port Vale,Harrogate Town A.F.C.,2,0,4,4,2,2,2021,9,1,0,0,Home Win
2021-09-18,2021,Stevenage Borough,Forest Green Rovers,0,4,4,4,4,-4,2021,9,0,1,0,Away Win
2021-09-18,2021,Tranmere Rovers,Salford City,2,0,4,4,2,2,2021,9,1,0,0,Home Win
2021-09-19,2021,Brighton & Hove Albion,Leicester City,2,1,1,1,3,1,2021,9,1,0,0,Home Win
2021-09-19,2021,West Ham United,Manchester United,1,2,1,1,3,-1,2021,9,0,1,0,Away Win
2021-09-19,2021,Tottenham Hotspur,Chelsea,0,3,1,1,3,-3,2021,9,0,1,0,Away Win
2021-09-21,2021,Crewe Alexandra,Morecambe,1,3,3,3,4,-2,2021,9,0,1,0,Away Win
2021-09-21,2021,Gillingham,Charlton Athletic,1,1,3,3,2,0,2021,9,0,0,1,Draw
2021-09-21,2021,Portsmouth,Plymouth Argyle,2,2,3,3,4,0,2021,9,0,0,1,Draw
2021-09-21,2021,Crawley Town,Harrogate Town A.F.C.,2,2,4,4,4,0,2021,9,0,0,1,Draw
2021-09-24,2021,Coventry City,Peterborough United,3,0,2,2,3,3,2021,9,1,0,0,Home Win
2021-09-24,2021,West Bromwich Albion,Queens Park Rangers,2,1,2,2,3,1,2021,9,1,0,0,Home Win
2021-09-24,2021,Barrow,Newport County,2,1,4,4,3,1,2021,9,1,0,0,Home Win
2021-09-25,2021,Chelsea,Manchester City,0,1,1,1,1,-1,2021,9,0,1,0,Away Win
2021-09-25,2021,Manchester United,Aston Villa,0,1,1,1,1,-1,2021,9,0,1,0,Away Win
2021-09-25,2021,Everton,Norwich City,2,0,1,1,2,2,2021,9,1,0,0,Home Win
2021-09-25,2021,Leeds United,West Ham United,1,2,1,1,3,-1,2021,9,0,1,0,Away Win
2021-09-25,2021,Leicester City,Burnley,2,2,1,1,4,0,2021,9,0,0,1,Draw
2021-09-25,2021,Watford,Newcastle United,1,1,1,1,2,0,2021,9,0,0,1,Draw
2021-09-25,2021,Brentford,Liverpool,3,3,1,1,6,0,2021,9,0,0,1,Draw
2021-09-25,2021,Reading,Middlesbrough,1,0,2,2,1,1,2021,9,1,0,0,Home Win
2021-09-25,2021,Birmingham City,Preston North End,0,0,2,2,0,0,2021,9,0,0,1,Draw
2021-09-25,2021,Blackburn Rovers,Cardiff City,5,1,2,2,6,4,2021,9,1,0,0,Home Win
2021-09-25,2021,Blackpool,Barnsley,1,0,2,2,1,1,2021,9,1,0,0,Home Win
2021-09-25,2021,AFC Bournemouth,Luton Town,2,1,2,2,3,1,2021,9,1,0,0,Home Win
2021-09-25,2021,Bristol City,Fulham,1,1,2,2,2,0,2021,9,0,0,1,Draw
2021-09-25,2021,Nottingham Forest,Millwall,1,1,2,2,2,0,2021,9,0,0,1,Draw
2021-09-25,2021,Sheffield United,Derby County,1,0,2,2,1,1,2021,9,1,0,0,Home Win
2021-09-25,2021,Stoke City,Hull City,2,0,2,2,2,2,2021,9,1,0,0,Home Win
2021-09-25,2021,Swansea City,Huddersfield Town,1,0,2,2,1,1,2021,9,1,0,0,Home Win
2021-09-25,2021,Burton Albion,Lincoln City,1,2,3,3,3,-1,2021,9,0,1,0,Away Win
2021-09-25,2021,Cambridge United,Fleetwood Town,2,2,3,3,4,0,2021,9,0,0,1,Draw
2021-09-25,2021,Charlton Athletic,Portsmouth,2,2,3,3,4,0,2021,9,0,0,1,Draw
2021-09-25,2021,Ipswich Town,Sheffield Wednesday,1,1,3,3,2,0,2021,9,0,0,1,Draw
2021-09-25,2021,Milton Keynes Dons,Wycombe Wanderers,1,0,3,3,1,1,2021,9,1,0,0,Home Win
2021-09-25,2021,Morecambe,Accrington,3,3,3,3,6,0,2021,9,0,0,1,Draw
2021-09-25,2021,Oxford United,Gillingham,1,1,3,3,2,0,2021,9,0,0,1,Draw
2021-09-25,2021,Plymouth Argyle,Doncaster Rovers,2,1,3,3,3,1,2021,9,1,0,0,Home Win
2021-09-25,2021,Rotherham United,Crewe Alexandra,1,1,3,3,2,0,2021,9,0,0,1,Draw
2021-09-25,2021,Shrewsbury Town,AFC Wimbledon,2,1,3,3,3,1,2021,9,1,0,0,Home Win
2021-09-25,2021,Sunderland,Bolton Wanderers,1,0,3,3,1,1,2021,9,1,0,0,Home Win
2021-09-25,2021,Wigan Athletic,Cheltenham,2,0,3,3,2,2,2021,9,1,0,0,Home Win
2021-09-25,2021,Crawley Town,Bradford City,2,1,4,4,3,1,2021,9,1,0,0,Home Win
2021-09-25,2021,Forest Green Rovers,Tranmere Rovers,0,0,4,4,0,0,2021,9,0,0,1,Draw
2021-09-25,2021,Harrogate Town A.F.C.,Stevenage Borough,0,0,4,4,0,0,2021,9,0,0,1,Draw
2021-09-25,2021,Hartlepool United,Exeter City,1,1,4,4,2,0,2021,9,0,0,1,Draw
2021-09-25,2021,Leyton Orient,Mansfield Town,0,0,4,4,0,0,2021,9,0,0,1,Draw
2021-09-25,2021,Rochdale,Oldham Athletic,0,1,4,4,1,-1,2021,9,0,1,0,Away Win
2021-09-25,2021,Salford City,Northampton Town,2,2,4,4,4,0,2021,9,0,0,1,Draw
2021-09-25,2021,Scunthorpe United,Port Vale,0,1,4,4,1,-1,2021,9,0,1,0,Away Win
2021-09-25,2021,Sutton United,Carlisle United,4,0,4,4,4,4,2021,9,1,0,0,Home Win
2021-09-25,2021,Swindon Town,Colchester United,0,0,4,4,0,0,2021,9,0,0,1,Draw
2021-09-25,2021,Walsall,Bristol Rovers,1,2,4,4,3,-1,2021,9,0,1,0,Away Win
2021-09-26,2021,Southampton,Wolverhampton Wanderers,0,1,1,1,1,-1,2021,9,0,1,0,Away Win
2021-09-26,2021,Arsenal,Tottenham Hotspur,3,1,1,1,4,2,2021,9,1,0,0,Home Win
2021-09-27,2021,Crystal Palace,Brighton & Hove Albion,1,1,1,1,2,0,2021,9,0,0,1,Draw
2021-09-28,2021,Cardiff City,West Bromwich Albion,0,4,2,2,4,-4,2021,9,0,1,0,Away Win
2021-09-28,2021,Huddersfield Town,Blackburn Rovers,3,2,2,2,5,1,2021,9,1,0,0,Home Win
2021-09-28,2021,Hull City,Blackpool,1,1,2,2,2,0,2021,9,0,0,1,Draw
2021-09-28,2021,Middlesbrough,Sheffield United,2,0,2,2,2,2,2021,9,1,0,0,Home Win
2021-09-28,2021,Preston North End,Stoke City,1,1,2,2,2,0,2021,9,0,0,1,Draw
2021-09-28,2021,Queens Park Rangers,Birmingham City,2,0,2,2,2,2,2021,9,1,0,0,Home Win
2021-09-28,2021,Burton Albion,Portsmouth,2,1,3,3,3,1,2021,9,1,0,0,Home Win
2021-09-28,2021,Cambridge United,Gillingham,0,2,3,3,2,-2,2021,9,0,1,0,Away Win
2021-09-28,2021,Charlton Athletic,Bolton Wanderers,1,4,3,3,5,-3,2021,9,0,1,0,Away Win
2021-09-28,2021,Ipswich Town,Doncaster Rovers,6,0,3,3,6,6,2021,9,1,0,0,Home Win
2021-09-28,2021,Milton Keynes Dons,Fleetwood Town,3,3,3,3,6,0,2021,9,0,0,1,Draw
2021-09-28,2021,Morecambe,Lincoln City,2,0,3,3,2,2,2021,9,1,0,0,Home Win
2021-09-28,2021,Oxford United,Accrington,5,1,3,3,6,4,2021,9,1,0,0,Home Win
2021-09-28,2021,Plymouth Argyle,Crewe Alexandra,1,1,3,3,2,0,2021,9,0,0,1,Draw
2021-09-28,2021,Rotherham United,AFC Wimbledon,3,0,3,3,3,3,2021,9,1,0,0,Home Win
2021-09-28,2021,Shrewsbury Town,Wycombe Wanderers,1,2,3,3,3,-1,2021,9,0,1,0,Away Win
2021-09-28,2021,Sunderland,Cheltenham,5,0,3,3,5,5,2021,9,1,0,0,Home Win
2021-09-28,2021,Wigan Athletic,Sheffield Wednesday,1,2,3,3,3,-1,2021,9,0,1,0,Away Win
2021-09-29,2021,Barnsley,Nottingham Forest,1,3,2,2,4,-2,2021,9,0,1,0,Away Win
2021-09-29,2021,Derby County,Reading,1,0,2,2,1,1,2021,9,1,0,0,Home Win
2021-09-29,2021,Fulham,Swansea City,3,1,2,2,4,2,2021,9,1,0,0,Home Win
2021-09-29,2021,Luton Town,Coventry City,5,0,2,2,5,5,2021,9,1,0,0,Home Win
2021-09-29,2021,Millwall,Bristol City,1,0,2,2,1,1,2021,9,1,0,0,Home Win
2021-09-29,2021,Peterborough United,AFC Bournemouth,0,0,2,2,0,0,2021,9,0,0,1,Draw
2021-10-01,2021,Stoke City,West Bromwich Albion,1,0,2,2,1,1,2021,10,1,0,0,Home Win
2021-10-02,2021,Manchester United,Everton,1,1,1,1,2,0,2021,10,0,0,1,Draw
2021-10-02,2021,Burnley,Norwich City,0,0,1,1,0,0,2021,10,0,0,1,Draw
2021-10-02,2021,Chelsea,Southampton,3,1,1,1,4,2,2021,10,1,0,0,Home Win
2021-10-02,2021,Leeds United,Watford,1,0,1,1,1,1,2021,10,1,0,0,Home Win
2021-10-02,2021,Wolverhampton Wanderers,Newcastle United,2,1,1,1,3,1,2021,10,1,0,0,Home Win
2021-10-02,2021,Brighton & Hove Albion,Arsenal,0,0,1,1,0,0,2021,10,0,0,1,Draw
2021-10-02,2021,Coventry City,Fulham,4,1,2,2,5,3,2021,10,1,0,0,Home Win
2021-10-02,2021,Barnsley,Millwall,0,1,2,2,1,-1,2021,10,0,1,0,Away Win
2021-10-02,2021,Birmingham City,Nottingham Forest,0,3,2,2,3,-3,2021,10,0,1,0,Away Win
2021-10-02,2021,Blackpool,Blackburn Rovers,2,1,2,2,3,1,2021,10,1,0,0,Home Win
2021-10-02,2021,AFC Bournemouth,Sheffield United,2,1,2,2,3,1,2021,10,1,0,0,Home Win
2021-10-02,2021,Cardiff City,Reading,0,1,2,2,1,-1,2021,10,0,1,0,Away Win
2021-10-02,2021,Derby County,Swansea City,0,0,2,2,0,0,2021,10,0,0,1,Draw
2021-10-02,2021,Hull City,Middlesbrough,2,0,2,2,2,2,2021,10,1,0,0,Home Win
2021-10-02,2021,Luton Town,Huddersfield Town,0,0,2,2,0,0,2021,10,0,0,1,Draw
2021-10-02,2021,Peterborough United,Bristol City,2,3,2,2,5,-1,2021,10,0,1,0,Away Win
2021-10-02,2021,Queens Park Rangers,Preston North End,3,2,2,2,5,1,2021,10,1,0,0,Home Win
2021-10-02,2021,Accrington,Ipswich Town,2,1,3,3,3,1,2021,10,1,0,0,Home Win
2021-10-02,2021,AFC Wimbledon,Burton Albion,1,1,3,3,2,0,2021,10,0,0,1,Draw
2021-10-02,2021,Bolton Wanderers,Shrewsbury Town,2,1,3,3,3,1,2021,10,1,0,0,Home Win
2021-10-02,2021,Cheltenham,Rotherham United,0,2,3,3,2,-2,2021,10,0,1,0,Away Win
2021-10-02,2021,Crewe Alexandra,Cambridge United,2,2,3,3,4,0,2021,10,0,0,1,Draw
2021-10-02,2021,Doncaster Rovers,Milton Keynes Dons,2,1,3,3,3,1,2021,10,1,0,0,Home Win
2021-10-02,2021,Fleetwood Town,Charlton Athletic,1,2,3,3,3,-1,2021,10,0,1,0,Away Win
2021-10-02,2021,Gillingham,Wigan Athletic,0,2,3,3,2,-2,2021,10,0,1,0,Away Win
2021-10-02,2021,Lincoln City,Plymouth Argyle,2,2,3,3,4,0,2021,10,0,0,1,Draw
2021-10-02,2021,Portsmouth,Sunderland,4,0,3,3,4,4,2021,10,1,0,0,Home Win
2021-10-02,2021,Sheffield Wednesday,Oxford United,1,2,3,3,3,-1,2021,10,0,1,0,Away Win
2021-10-02,2021,Wycombe Wanderers,Morecambe,4,3,3,3,7,1,2021,10,1,0,0,Home Win
2021-10-02,2021,Bradford City,Rochdale,2,0,4,4,2,2,2021,10,1,0,0,Home Win
2021-10-02,2021,Bristol Rovers,Swindon Town,1,3,4,4,4,-2,2021,10,0,1,0,Away Win
2021-10-02,2021,Carlisle United,Forest Green Rovers,0,2,4,4,2,-2,2021,10,0,1,0,Away Win
2021-10-02,2021,Colchester United,Salford City,0,2,4,4,2,-2,2021,10,0,1,0,Away Win
2021-10-02,2021,Exeter City,Walsall,2,2,4,4,4,0,2021,10,0,0,1,Draw
2021-10-02,2021,Mansfield Town,Barrow,0,1,4,4,1,-1,2021,10,0,1,0,Away Win
2021-10-02,2021,Newport County,Scunthorpe United,3,0,4,4,3,3,2021,10,1,0,0,Home Win
2021-10-02,2021,Northampton Town,Sutton United,0,2,4,4,2,-2,2021,10,0,1,0,Away Win
2021-10-02,2021,Oldham Athletic,Harrogate Town A.F.C.,1,2,4,4,3,-1,2021,10,0,1,0,Away Win
2021-10-02,2021,Port Vale,Leyton Orient,3,2,4,4,5,1,2021,10,1,0,0,Home Win
2021-10-02,2021,Stevenage Borough,Hartlepool United,2,0,4,4,2,2,2021,10,1,0,0,Home Win
2021-10-02,2021,Tranmere Rovers,Crawley Town,2,1,4,4,3,1,2021,10,1,0,0,Home Win
2021-10-03,2021,Crystal Palace,Leicester City,2,2,1,1,4,0,2021,10,0,0,1,Draw
2021-10-03,2021,Tottenham Hotspur,Aston Villa,2,1,1,1,3,1,2021,10,1,0,0,Home Win
2021-10-03,2021,West Ham United,Brentford,1,2,1,1,3,-1,2021,10,0,1,0,Away Win
2021-10-03,2021,Liverpool,Manchester City,2,2,1,1,4,0,2021,10,0,0,1,Draw
2021-10-08,2021,Tranmere Rovers,Colchester United,2,0,4,4,2,2,2021,10,1,0,0,Home Win
2021-10-09,2021,Ipswich Town,Shrewsbury Town,2,1,3,3,3,1,2021,10,1,0,0,Home Win
2021-10-09,2021,Plymouth Argyle,Burton Albion,2,1,3,3,3,1,2021,10,1,0,0,Home Win
2021-10-09,2021,Sheffield Wednesday,Bolton Wanderers,1,0,3,3,1,1,2021,10,1,0,0,Home Win
2021-10-09,2021,Wycombe Wanderers,Gillingham,2,0,3,3,2,2,2021,10,1,0,0,Home Win
2021-10-09,2021,Forest Green Rovers,Swindon Town,0,2,4,4,2,-2,2021,10,0,1,0,Away Win
2021-10-09,2021,Barrow,Leyton Orient,1,1,4,4,2,0,2021,10,0,0,1,Draw
2021-10-09,2021,Bristol Rovers,Carlisle United,3,0,4,4,3,3,2021,10,1,0,0,Home Win
2021-10-09,2021,Harrogate Town A.F.C.,Scunthorpe United,6,1,4,4,7,5,2021,10,1,0,0,Home Win
2021-10-09,2021,Hartlepool United,Northampton Town,2,1,4,4,3,1,2021,10,1,0,0,Home Win
2021-10-09,2021,Mansfield Town,Oldham Athletic,0,0,4,4,0,0,2021,10,0,0,1,Draw
2021-10-09,2021,Newport County,Bradford City,0,0,4,4,0,0,2021,10,0,0,1,Draw
2021-10-09,2021,Rochdale,Crawley Town,0,1,4,4,1,-1,2021,10,0,1,0,Away Win
2021-10-09,2021,Stevenage Borough,Exeter City,2,2,4,4,4,0,2021,10,0,0,1,Draw
2021-10-09,2021,Sutton United,Port Vale,4,3,4,4,7,1,2021,10,1,0,0,Home Win
2021-10-09,2021,Walsall,Salford City,2,1,4,4,3,1,2021,10,1,0,0,Home Win
2021-10-15,2021,West Bromwich Albion,Birmingham City,1,0,2,2,1,1,2021,10,1,0,0,Home Win
2021-10-15,2021,Burton Albion,Morecambe,3,2,3,3,5,1,2021,10,1,0,0,Home Win
2021-10-16,2021,Watford,Liverpool,0,5,1,1,5,-5,2021,10,0,1,0,Away Win
2021-10-16,2021,Aston Villa,Wolverhampton Wanderers,2,3,1,1,5,-1,2021,10,0,1,0,Away Win
2021-10-16,2021,Leicester City,Manchester United,4,2,1,1,6,2,2021,10,1,0,0,Home Win
2021-10-16,2021,Manchester City,Burnley,2,0,1,1,2,2,2021,10,1,0,0,Home Win
2021-10-16,2021,Norwich City,Brighton & Hove Albion,0,0,1,1,0,0,2021,10,0,0,1,Draw
2021-10-16,2021,Southampton,Leeds United,1,0,1,1,1,1,2021,10,1,0,0,Home Win
2021-10-16,2021,Brentford,Chelsea,0,1,1,1,1,-1,2021,10,0,1,0,Away Win
2021-10-16,2021,Fulham,Queens Park Rangers,4,1,2,2,5,3,2021,10,1,0,0,Home Win
2021-10-16,2021,Blackburn Rovers,Coventry City,2,2,2,2,4,0,2021,10,0,0,1,Draw
2021-10-16,2021,Bristol City,AFC Bournemouth,0,2,2,2,2,-2,2021,10,0,1,0,Away Win
2021-10-16,2021,Huddersfield Town,Hull City,2,0,2,2,2,2,2021,10,1,0,0,Home Win
2021-10-16,2021,Middlesbrough,Peterborough United,2,0,2,2,2,2,2021,10,1,0,0,Home Win
2021-10-16,2021,Millwall,Luton Town,0,2,2,2,2,-2,2021,10,0,1,0,Away Win
2021-10-16,2021,Nottingham Forest,Blackpool,2,1,2,2,3,1,2021,10,1,0,0,Home Win
2021-10-16,2021,Preston North End,Derby County,0,0,2,2,0,0,2021,10,0,0,1,Draw
2021-10-16,2021,Reading,Barnsley,1,0,2,2,1,1,2021,10,1,0,0,Home Win
2021-10-16,2021,Sheffield United,Stoke City,2,1,2,2,3,1,2021,10,1,0,0,Home Win
2021-10-16,2021,AFC Wimbledon,Sheffield Wednesday,2,2,3,3,4,0,2021,10,0,0,1,Draw
2021-10-16,2021,Bolton Wanderers,Wigan Athletic,0,4,3,3,4,-4,2021,10,0,1,0,Away Win
2021-10-16,2021,Cambridge United,Ipswich Town,2,2,3,3,4,0,2021,10,0,0,1,Draw
2021-10-16,2021,Cheltenham,Accrington,1,0,3,3,1,1,2021,10,1,0,0,Home Win
2021-10-16,2021,Doncaster Rovers,Wycombe Wanderers,0,2,3,3,2,-2,2021,10,0,1,0,Away Win
2021-10-16,2021,Fleetwood Town,Crewe Alexandra,3,0,3,3,3,3,2021,10,1,0,0,Home Win
2021-10-16,2021,Gillingham,Sunderland,1,2,3,3,3,-1,2021,10,0,1,0,Away Win
2021-10-16,2021,Lincoln City,Charlton Athletic,2,1,3,3,3,1,2021,10,1,0,0,Home Win
2021-10-16,2021,Oxford United,Plymouth Argyle,1,3,3,3,4,-2,2021,10,0,1,0,Away Win
2021-10-16,2021,Rotherham United,Portsmouth,4,1,3,3,5,3,2021,10,1,0,0,Home Win
2021-10-16,2021,Shrewsbury Town,Milton Keynes Dons,1,0,3,3,1,1,2021,10,1,0,0,Home Win
2021-10-16,2021,Bradford City,Bristol Rovers,2,2,4,4,4,0,2021,10,0,0,1,Draw
2021-10-16,2021,Carlisle United,Tranmere Rovers,0,1,4,4,1,-1,2021,10,0,1,0,Away Win
2021-10-16,2021,Colchester United,Harrogate Town A.F.C.,1,0,4,4,1,1,2021,10,1,0,0,Home Win
2021-10-16,2021,Crawley Town,Sutton United,0,1,4,4,1,-1,2021,10,0,1,0,Away Win
2021-10-16,2021,Exeter City,Newport County,2,2,4,4,4,0,2021,10,0,0,1,Draw
2021-10-16,2021,Leyton Orient,Walsall,0,0,4,4,0,0,2021,10,0,0,1,Draw
2021-10-16,2021,Northampton Town,Mansfield Town,2,0,4,4,2,2,2021,10,1,0,0,Home Win
2021-10-16,2021,Oldham Athletic,Stevenage Borough,3,0,4,4,3,3,2021,10,1,0,0,Home Win
2021-10-16,2021,Port Vale,Barrow,3,1,4,4,4,2,2021,10,1,0,0,Home Win
2021-10-16,2021,Salford City,Hartlepool United,2,0,4,4,2,2,2021,10,1,0,0,Home Win
2021-10-16,2021,Scunthorpe United,Forest Green Rovers,0,2,4,4,2,-2,2021,10,0,1,0,Away Win
2021-10-16,2021,Swindon Town,Rochdale,2,2,4,4,4,0,2021,10,0,0,1,Draw
2021-10-17,2021,Everton,West Ham United,0,1,1,1,1,-1,2021,10,0,1,0,Away Win
2021-10-17,2021,Newcastle United,Tottenham Hotspur,2,3,1,1,5,-1,2021,10,0,1,0,Away Win
2021-10-17,2021,Swansea City,Cardiff City,3,0,2,2,3,3,2021,10,1,0,0,Home Win
2021-10-18,2021,Arsenal,Crystal Palace,2,2,1,1,4,0,2021,10,0,0,1,Draw
2021-10-19,2021,Bristol City,Nottingham Forest,1,2,2,2,3,-1,2021,10,0,1,0,Away Win
2021-10-19,2021,Derby County,Luton Town,2,2,2,2,4,0,2021,10,0,0,1,Draw
2021-10-19,2021,Queens Park Rangers,Blackburn Rovers,1,0,2,2,1,1,2021,10,1,0,0,Home Win
2021-10-19,2021,Sheffield United,Millwall,1,2,2,2,3,-1,2021,10,0,1,0,Away Win
2021-10-19,2021,Stoke City,AFC Bournemouth,0,1,2,2,1,-1,2021,10,0,1,0,Away Win
2021-10-19,2021,Cambridge United,Sheffield Wednesday,1,1,3,3,2,0,2021,10,0,0,1,Draw
2021-10-19,2021,Charlton Athletic,Accrington,2,3,3,3,5,-1,2021,10,0,1,0,Away Win
2021-10-19,2021,Cheltenham,Morecambe,3,1,3,3,4,2,2021,10,1,0,0,Home Win
2021-10-19,2021,Crewe Alexandra,Sunderland,0,4,3,3,4,-4,2021,10,0,1,0,Away Win
2021-10-19,2021,Fleetwood Town,Burton Albion,0,1,3,3,1,-1,2021,10,0,1,0,Away Win
2021-10-19,2021,Gillingham,Doncaster Rovers,1,0,3,3,1,1,2021,10,1,0,0,Home Win
2021-10-19,2021,Lincoln City,AFC Wimbledon,0,1,3,3,1,-1,2021,10,0,1,0,Away Win
2021-10-19,2021,Oxford United,Shrewsbury Town,2,0,3,3,2,2,2021,10,1,0,0,Home Win
2021-10-19,2021,Plymouth Argyle,Bolton Wanderers,3,0,3,3,3,3,2021,10,1,0,0,Home Win
2021-10-19,2021,Portsmouth,Ipswich Town,0,4,3,3,4,-4,2021,10,0,1,0,Away Win
2021-10-19,2021,Rotherham United,Wycombe Wanderers,0,0,3,3,0,0,2021,10,0,0,1,Draw
2021-10-19,2021,Wigan Athletic,Milton Keynes Dons,1,2,3,3,3,-1,2021,10,0,1,0,Away Win
2021-10-19,2021,Barrow,Scunthorpe United,1,1,4,4,2,0,2021,10,0,0,1,Draw
2021-10-19,2021,Bradford City,Hartlepool United,1,3,4,4,4,-2,2021,10,0,1,0,Away Win
2021-10-19,2021,Colchester United,Bristol Rovers,1,1,4,4,2,0,2021,10,0,0,1,Draw
2021-10-19,2021,Crawley Town,Exeter City,1,3,4,4,4,-2,2021,10,0,1,0,Away Win
2021-10-19,2021,Harrogate Town A.F.C.,Tranmere Rovers,2,2,4,4,4,0,2021,10,0,0,1,Draw
2021-10-19,2021,Leyton Orient,Forest Green Rovers,1,1,4,4,2,0,2021,10,0,0,1,Draw
2021-10-19,2021,Mansfield Town,Port Vale,1,1,4,4,2,0,2021,10,0,0,1,Draw
2021-10-19,2021,Newport County,Carlisle United,2,2,4,4,4,0,2021,10,0,0,1,Draw
2021-10-19,2021,Northampton Town,Stevenage Borough,3,0,4,4,3,3,2021,10,1,0,0,Home Win
2021-10-19,2021,Oldham Athletic,Walsall,1,3,4,4,4,-2,2021,10,0,1,0,Away Win
2021-10-19,2021,Salford City,Rochdale,0,0,4,4,0,0,2021,10,0,0,1,Draw
2021-10-19,2021,Sutton United,Swindon Town,1,2,4,4,3,-1,2021,10,0,1,0,Away Win
2021-10-20,2021,Fulham,Cardiff City,2,0,2,2,2,2,2021,10,1,0,0,Home Win
2021-10-20,2021,Huddersfield Town,Birmingham City,0,0,2,2,0,0,2021,10,0,0,1,Draw
2021-10-20,2021,Hull City,Peterborough United,1,2,2,2,3,-1,2021,10,0,1,0,Away Win
2021-10-20,2021,Middlesbrough,Barnsley,2,0,2,2,2,2,2021,10,1,0,0,Home Win
2021-10-20,2021,Preston North End,Coventry City,2,1,2,2,3,1,2021,10,1,0,0,Home Win
2021-10-20,2021,Swansea City,West Bromwich Albion,2,1,2,2,3,1,2021,10,1,0,0,Home Win
2021-10-20,2021,Reading,Blackpool,2,3,2,2,5,-1,2021,10,0,1,0,Away Win
2021-10-22,2021,Arsenal,Aston Villa,3,1,1,1,4,2,2021,10,1,0,0,Home Win
2021-10-23,2021,Chelsea,Norwich City,7,0,1,1,7,7,2021,10,1,0,0,Home Win
2021-10-23,2021,Crystal Palace,Newcastle United,1,1,1,1,2,0,2021,10,0,0,1,Draw
2021-10-23,2021,Everton,Watford,2,5,1,1,7,-3,2021,10,0,1,0,Away Win
2021-10-23,2021,Leeds United,Wolverhampton Wanderers,1,1,1,1,2,0,2021,10,0,0,1,Draw
2021-10-23,2021,Southampton,Burnley,2,2,1,1,4,0,2021,10,0,0,1,Draw
2021-10-23,2021,Brighton & Hove Albion,Manchester City,1,4,1,1,5,-3,2021,10,0,1,0,Away Win
2021-10-23,2021,Cardiff City,Middlesbrough,0,2,2,2,2,-2,2021,10,0,1,0,Away Win
2021-10-23,2021,Birmingham City,Swansea City,2,1,2,2,3,1,2021,10,1,0,0,Home Win
2021-10-23,2021,Blackburn Rovers,Reading,2,0,2,2,2,2,2021,10,1,0,0,Home Win
2021-10-23,2021,Blackpool,Preston North End,2,0,2,2,2,2,2021,10,1,0,0,Home Win
2021-10-23,2021,AFC Bournemouth,Huddersfield Town,3,0,2,2,3,3,2021,10,1,0,0,Home Win
2021-10-23,2021,Coventry City,Derby County,1,1,2,2,2,0,2021,10,0,0,1,Draw
2021-10-23,2021,Luton Town,Hull City,1,0,2,2,1,1,2021,10,1,0,0,Home Win
2021-10-23,2021,Millwall,Stoke City,2,1,2,2,3,1,2021,10,1,0,0,Home Win
2021-10-23,2021,Peterborough United,Queens Park Rangers,2,1,2,2,3,1,2021,10,1,0,0,Home Win
2021-10-23,2021,West Bromwich Albion,Bristol City,3,0,2,2,3,3,2021,10,1,0,0,Home Win
2021-10-23,2021,Accrington,Portsmouth,2,2,3,3,4,0,2021,10,0,0,1,Draw
2021-10-23,2021,AFC Wimbledon,Wigan Athletic,0,2,3,3,2,-2,2021,10,0,1,0,Away Win
2021-10-23,2021,Bolton Wanderers,Gillingham,2,2,3,3,4,0,2021,10,0,0,1,Draw
2021-10-23,2021,Burton Albion,Oxford United,1,3,3,3,4,-2,2021,10,0,1,0,Away Win
2021-10-23,2021,Doncaster Rovers,Cheltenham,3,2,3,3,5,1,2021,10,1,0,0,Home Win
2021-10-23,2021,Ipswich Town,Fleetwood Town,2,1,3,3,3,1,2021,10,1,0,0,Home Win
2021-10-23,2021,Milton Keynes Dons,Rotherham United,0,3,3,3,3,-3,2021,10,0,1,0,Away Win
2021-10-23,2021,Morecambe,Plymouth Argyle,1,1,3,3,2,0,2021,10,0,0,1,Draw
2021-10-23,2021,Sheffield Wednesday,Lincoln City,1,1,3,3,2,0,2021,10,0,0,1,Draw
2021-10-23,2021,Shrewsbury Town,Cambridge United,4,1,3,3,5,3,2021,10,1,0,0,Home Win
2021-10-23,2021,Sunderland,Charlton Athletic,0,1,3,3,1,-1,2021,10,0,1,0,Away Win
2021-10-23,2021,Wycombe Wanderers,Crewe Alexandra,2,1,3,3,3,1,2021,10,1,0,0,Home Win
2021-10-23,2021,Bristol Rovers,Newport County,1,3,4,4,4,-2,2021,10,0,1,0,Away Win
2021-10-23,2021,Carlisle United,Oldham Athletic,0,0,4,4,0,0,2021,10,0,0,1,Draw
2021-10-23,2021,Exeter City,Mansfield Town,2,1,4,4,3,1,2021,10,1,0,0,Home Win
2021-10-23,2021,Forest Green Rovers,Salford City,3,1,4,4,4,2,2021,10,1,0,0,Home Win
2021-10-23,2021,Hartlepool United,Harrogate Town A.F.C.,3,2,4,4,5,1,2021,10,1,0,0,Home Win
2021-10-23,2021,Port Vale,Colchester United,3,0,4,4,3,3,2021,10,1,0,0,Home Win
2021-10-23,2021,Rochdale,Sutton United,3,2,4,4,5,1,2021,10,1,0,0,Home Win
2021-10-23,2021,Scunthorpe United,Crawley Town,2,1,4,4,3,1,2021,10,1,0,0,Home Win
2021-10-23,2021,Stevenage Borough,Leyton Orient,0,0,4,4,0,0,2021,10,0,0,1,Draw
2021-10-23,2021,Swindon Town,Bradford City,1,3,4,4,4,-2,2021,10,0,1,0,Away Win
2021-10-23,2021,Tranmere Rovers,Northampton Town,0,2,4,4,2,-2,2021,10,0,1,0,Away Win
2021-10-23,2021,Walsall,Barrow,2,2,4,4,4,0,2021,10,0,0,1,Draw
2021-10-24,2021,Brentford,Leicester City,1,2,1,1,3,-1,2021,10,0,1,0,Away Win
2021-10-24,2021,West Ham United,Tottenham Hotspur,1,0,1,1,1,1,2021,10,1,0,0,Home Win
2021-10-24,2021,Manchester United,Liverpool,0,5,1,1,5,-5,2021,10,0,1,0,Away Win
2021-10-24,2021,Barnsley,Sheffield United,2,3,2,2,5,-1,2021,10,0,1,0,Away Win
2021-10-24,2021,Nottingham Forest,Fulham,0,4,2,2,4,-4,2021,10,0,1,0,Away Win
2021-10-26,2021,Doncaster Rovers,Cambridge United,1,1,3,3,2,0,2021,10,0,0,1,Draw
2021-10-26,2021,Wigan Athletic,Lincoln City,1,2,3,3,3,-1,2021,10,0,1,0,Away Win
2021-10-26,2021,Colchester United,Sutton United,1,3,4,4,4,-2,2021,10,0,1,0,Away Win
2021-10-29,2021,Queens Park Rangers,Nottingham Forest,1,1,2,2,2,0,2021,10,0,0,1,Draw
2021-10-30,2021,Leicester City,Arsenal,0,2,1,1,2,-2,2021,10,0,1,0,Away Win
2021-10-30,2021,Burnley,Brentford,3,1,1,1,4,2,2021,10,1,0,0,Home Win
2021-10-30,2021,Liverpool,Brighton & Hove Albion,2,2,1,1,4,0,2021,10,0,0,1,Draw
2021-10-30,2021,Manchester City,Crystal Palace,0,2,1,1,2,-2,2021,10,0,1,0,Away Win
2021-10-30,2021,Newcastle United,Chelsea,0,3,1,1,3,-3,2021,10,0,1,0,Away Win
2021-10-30,2021,Watford,Southampton,0,1,1,1,1,-1,2021,10,0,1,0,Away Win
2021-10-30,2021,Tottenham Hotspur,Manchester United,0,3,1,1,3,-3,2021,10,0,1,0,Away Win
2021-10-30,2021,Fulham,West Bromwich Albion,3,0,2,2,3,3,2021,10,1,0,0,Home Win
2021-10-30,2021,Bristol City,Barnsley,2,1,2,2,3,1,2021,10,1,0,0,Home Win
2021-10-30,2021,Derby County,Blackburn Rovers,1,2,2,2,3,-1,2021,10,0,1,0,Away Win
2021-10-30,2021,Huddersfield Town,Millwall,1,0,2,2,1,1,2021,10,1,0,0,Home Win
2021-10-30,2021,Hull City,Coventry City,0,1,2,2,1,-1,2021,10,0,1,0,Away Win
2021-10-30,2021,Middlesbrough,Birmingham City,0,2,2,2,2,-2,2021,10,0,1,0,Away Win
2021-10-30,2021,Preston North End,Luton Town,2,0,2,2,2,2,2021,10,1,0,0,Home Win
2021-10-30,2021,Sheffield United,Blackpool,0,1,2,2,1,-1,2021,10,0,1,0,Away Win
2021-10-30,2021,Stoke City,Cardiff City,3,3,2,2,6,0,2021,10,0,0,1,Draw
2021-10-30,2021,Swansea City,Peterborough United,3,0,2,2,3,3,2021,10,1,0,0,Home Win
2021-10-30,2021,Reading,AFC Bournemouth,0,2,2,2,2,-2,2021,10,0,1,0,Away Win
2021-10-30,2021,Cambridge United,AFC Wimbledon,1,0,3,3,1,1,2021,10,1,0,0,Home Win
2021-10-30,2021,Charlton Athletic,Doncaster Rovers,4,0,3,3,4,4,2021,10,1,0,0,Home Win
2021-10-30,2021,Cheltenham,Sheffield Wednesday,2,2,3,3,4,0,2021,10,0,0,1,Draw
2021-10-30,2021,Crewe Alexandra,Milton Keynes Dons,1,4,3,3,5,-3,2021,10,0,1,0,Away Win
2021-10-30,2021,Fleetwood Town,Wycombe Wanderers,3,3,3,3,6,0,2021,10,0,0,1,Draw
2021-10-30,2021,Gillingham,Accrington,0,0,3,3,0,0,2021,10,0,0,1,Draw
2021-10-30,2021,Lincoln City,Shrewsbury Town,1,1,3,3,2,0,2021,10,0,0,1,Draw
2021-10-30,2021,Oxford United,Morecambe,3,1,3,3,4,2,2021,10,1,0,0,Home Win
2021-10-30,2021,Plymouth Argyle,Ipswich Town,2,1,3,3,3,1,2021,10,1,0,0,Home Win
2021-10-30,2021,Portsmouth,Bolton Wanderers,1,0,3,3,1,1,2021,10,1,0,0,Home Win
2021-10-30,2021,Rotherham United,Sunderland,5,1,3,3,6,4,2021,10,1,0,0,Home Win
2021-10-30,2021,Wigan Athletic,Burton Albion,2,0,3,3,2,2,2021,10,1,0,0,Home Win
2021-10-30,2021,Northampton Town,Carlisle United,3,0,4,4,3,3,2021,10,1,0,0,Home Win
2021-10-30,2021,Bradford City,Forest Green Rovers,1,1,4,4,2,0,2021,10,0,0,1,Draw
2021-10-30,2021,Colchester United,Scunthorpe United,2,1,4,4,3,1,2021,10,1,0,0,Home Win
2021-10-30,2021,Crawley Town,Port Vale,1,4,4,4,5,-3,2021,10,0,1,0,Away Win
2021-10-30,2021,Harrogate Town A.F.C.,Bristol Rovers,0,1,4,4,1,-1,2021,10,0,1,0,Away Win
2021-10-30,2021,Leyton Orient,Hartlepool United,5,0,4,4,5,5,2021,10,1,0,0,Home Win
2021-10-30,2021,Mansfield Town,Tranmere Rovers,2,0,4,4,2,2,2021,10,1,0,0,Home Win
2021-10-30,2021,Newport County,Stevenage Borough,5,0,4,4,5,5,2021,10,1,0,0,Home Win
2021-10-30,2021,Oldham Athletic,Swindon Town,1,3,4,4,4,-2,2021,10,0,1,0,Away Win
2021-10-30,2021,Salford City,Exeter City,1,2,4,4,3,-1,2021,10,0,1,0,Away Win
2021-10-30,2021,Sutton United,Walsall,0,1,4,4,1,-1,2021,10,0,1,0,Away Win
2021-10-30,2021,Barrow,Rochdale,1,2,4,4,3,-1,2021,10,0,1,0,Away Win
2021-10-31,2021,Norwich City,Leeds United,1,2,1,1,3,-1,2021,10,0,1,0,Away Win
2021-10-31,2021,Aston Villa,West Ham United,1,4,1,1,5,-3,2021,10,0,1,0,Away Win
2021-11-01,2021,Wolverhampton Wanderers,Everton,2,1,1,1,3,1,2021,11,1,0,0,Home Win
2021-11-02,2021,Birmingham City,Bristol City,3,0,2,2,3,3,2021,11,1,0,0,Home Win
2021-11-02,2021,Coventry City,Swansea City,1,2,2,2,3,-1,2021,11,0,1,0,Away Win
2021-11-02,2021,Luton Town,Middlesbrough,3,1,2,2,4,2,2021,11,1,0,0,Home Win
2021-11-02,2021,Millwall,Reading,1,0,2,2,1,1,2021,11,1,0,0,Home Win
2021-11-02,2021,Nottingham Forest,Sheffield United,1,1,2,2,2,0,2021,11,0,0,1,Draw
2021-11-02,2021,Peterborough United,Huddersfield Town,1,1,2,2,2,0,2021,11,0,0,1,Draw
2021-11-02,2021,Charlton Athletic,Rotherham United,1,1,3,3,2,0,2021,11,0,0,1,Draw
2021-11-02,2021,Crewe Alexandra,Doncaster Rovers,1,1,3,3,2,0,2021,11,0,0,1,Draw
2021-11-02,2021,Fleetwood Town,Wigan Athletic,2,3,3,3,5,-1,2021,11,0,1,0,Away Win
2021-11-02,2021,Morecambe,Cambridge United,0,2,3,3,2,-2,2021,11,0,1,0,Away Win
2021-11-02,2021,Portsmouth,Cheltenham,1,1,3,3,2,0,2021,11,0,0,1,Draw
2021-11-02,2021,Sheffield Wednesday,Sunderland,3,0,3,3,3,3,2021,11,1,0,0,Home Win
2021-11-02,2021,Wycombe Wanderers,Ipswich Town,1,4,3,3,5,-3,2021,11,0,1,0,Away Win
2021-11-03,2021,Barnsley,Derby County,2,1,2,2,3,1,2021,11,1,0,0,Home Win
2021-11-03,2021,Blackburn Rovers,Fulham,0,7,2,2,7,-7,2021,11,0,1,0,Away Win
2021-11-03,2021,Blackpool,Stoke City,0,1,2,2,1,-1,2021,11,0,1,0,Away Win
2021-11-03,2021,AFC Bournemouth,Preston North End,1,2,2,2,3,-1,2021,11,0,1,0,Away Win
2021-11-03,2021,Cardiff City,Queens Park Rangers,0,1,2,2,1,-1,2021,11,0,1,0,Away Win
2021-11-03,2021,West Bromwich Albion,Hull City,1,0,2,2,1,1,2021,11,1,0,0,Home Win
2021-11-05,2021,Southampton,Aston Villa,1,0,1,1,1,1,2021,11,1,0,0,Home Win
2021-11-06,2021,Manchester United,Manchester City,0,2,1,1,2,-2,2021,11,0,1,0,Away Win
2021-11-06,2021,Brentford,Norwich City,1,2,1,1,3,-1,2021,11,0,1,0,Away Win
2021-11-06,2021,Chelsea,Burnley,1,1,1,1,2,0,2021,11,0,0,1,Draw
2021-11-06,2021,Crystal Palace,Wolverhampton Wanderers,2,0,1,1,2,2,2021,11,1,0,0,Home Win
2021-11-06,2021,Brighton & Hove Albion,Newcastle United,1,1,1,1,2,0,2021,11,0,0,1,Draw
2021-11-06,2021,Barnsley,Hull City,0,2,2,2,2,-2,2021,11,0,1,0,Away Win
2021-11-06,2021,Blackburn Rovers,Sheffield United,3,1,2,2,4,2,2021,11,1,0,0,Home Win
2021-11-06,2021,AFC Bournemouth,Swansea City,4,0,2,2,4,4,2021,11,1,0,0,Home Win
2021-11-06,2021,Cardiff City,Huddersfield Town,2,1,2,2,3,1,2021,11,1,0,0,Home Win
2021-11-06,2021,Coventry City,Bristol City,3,2,2,2,5,1,2021,11,1,0,0,Home Win
2021-11-06,2021,Luton Town,Stoke City,0,1,2,2,1,-1,2021,11,0,1,0,Away Win
2021-11-06,2021,Millwall,Derby County,1,1,2,2,2,0,2021,11,0,0,1,Draw
2021-11-06,2021,Nottingham Forest,Preston North End,3,0,2,2,3,3,2021,11,1,0,0,Home Win
2021-11-06,2021,Peterborough United,Fulham,0,1,2,2,1,-1,2021,11,0,1,0,Away Win
2021-11-06,2021,West Bromwich Albion,Middlesbrough,1,1,2,2,2,0,2021,11,0,0,1,Draw
2021-11-06,2021,Birmingham City,Reading,1,2,2,2,3,-1,2021,11,0,1,0,Away Win
2021-11-06,2021,Blackpool,Queens Park Rangers,1,1,2,2,2,0,2021,11,0,0,1,Draw
2021-11-07,2021,Arsenal,Watford,1,0,1,1,1,1,2021,11,1,0,0,Home Win
2021-11-07,2021,Everton,Tottenham Hotspur,0,0,1,1,0,0,2021,11,0,0,1,Draw
2021-11-07,2021,Leeds United,Leicester City,1,1,1,1,2,0,2021,11,0,0,1,Draw
2021-11-07,2021,West Ham United,Liverpool,3,2,1,1,5,1,2021,11,1,0,0,Home Win
2021-11-12,2021,Bolton Wanderers,Crewe Alexandra,2,0,3,3,2,2,2021,11,1,0,0,Home Win
2021-11-12,2021,Hartlepool United,Newport County,1,2,4,4,3,-1,2021,11,0,1,0,Away Win
2021-11-13,2021,Accrington,Plymouth Argyle,1,4,3,3,5,-3,2021,11,0,1,0,Away Win
2021-11-13,2021,Burton Albion,Charlton Athletic,0,1,3,3,1,-1,2021,11,0,1,0,Away Win
2021-11-13,2021,Ipswich Town,Oxford United,0,0,3,3,0,0,2021,11,0,0,1,Draw
2021-11-13,2021,Milton Keynes Dons,Cambridge United,4,1,3,3,5,3,2021,11,1,0,0,Home Win
2021-11-13,2021,Sheffield Wednesday,Gillingham,1,1,3,3,2,0,2021,11,0,0,1,Draw
2021-11-13,2021,Wycombe Wanderers,Portsmouth,0,1,3,3,1,-1,2021,11,0,1,0,Away Win
2021-11-13,2021,Port Vale,Bradford City,1,1,4,4,2,0,2021,11,0,0,1,Draw
2021-11-13,2021,Carlisle United,Barrow,0,0,4,4,0,0,2021,11,0,0,1,Draw
2021-11-13,2021,Bristol Rovers,Northampton Town,2,1,4,4,3,1,2021,11,1,0,0,Home Win
2021-11-13,2021,Exeter City,Oldham Athletic,2,1,4,4,3,1,2021,11,1,0,0,Home Win
2021-11-13,2021,Rochdale,Leyton Orient,2,2,4,4,4,0,2021,11,0,0,1,Draw
2021-11-13,2021,Scunthorpe United,Salford City,1,1,4,4,2,0,2021,11,0,0,1,Draw
2021-11-13,2021,Stevenage Borough,Mansfield Town,1,2,4,4,3,-1,2021,11,0,1,0,Away Win
2021-11-13,2021,Tranmere Rovers,Sutton United,0,1,4,4,1,-1,2021,11,0,1,0,Away Win
2021-11-13,2021,Walsall,Harrogate Town A.F.C.,1,3,4,4,4,-2,2021,11,0,1,0,Away Win
2021-11-19,2021,Queens Park Rangers,Luton Town,2,0,2,2,2,2,2021,11,1,0,0,Home Win
2021-11-20,2021,Leicester City,Chelsea,0,3,1,1,3,-3,2021,11,0,1,0,Away Win
2021-11-20,2021,Aston Villa,Brighton & Hove Albion,2,0,1,1,2,2,2021,11,1,0,0,Home Win
2021-11-20,2021,Burnley,Crystal Palace,3,3,1,1,6,0,2021,11,0,0,1,Draw
2021-11-20,2021,Newcastle United,Brentford,3,3,1,1,6,0,2021,11,0,0,1,Draw
2021-11-20,2021,Norwich City,Southampton,2,1,1,1,3,1,2021,11,1,0,0,Home Win
2021-11-20,2021,Watford,Manchester United,4,1,1,1,5,3,2021,11,1,0,0,Home Win
2021-11-20,2021,Wolverhampton Wanderers,West Ham United,1,0,1,1,1,1,2021,11,1,0,0,Home Win
2021-11-20,2021,Liverpool,Arsenal,4,0,1,1,4,4,2021,11,1,0,0,Home Win
2021-11-20,2021,Sheffield United,Coventry City,0,0,2,2,0,0,2021,11,0,0,1,Draw
2021-11-20,2021,Bristol City,Blackburn Rovers,1,1,2,2,2,0,2021,11,0,0,1,Draw
2021-11-20,2021,Fulham,Barnsley,4,1,2,2,5,3,2021,11,1,0,0,Home Win
2021-11-20,2021,Huddersfield Town,West Bromwich Albion,1,0,2,2,1,1,2021,11,1,0,0,Home Win
2021-11-20,2021,Hull City,Birmingham City,2,0,2,2,2,2,2021,11,1,0,0,Home Win
2021-11-20,2021,Middlesbrough,Millwall,1,1,2,2,2,0,2021,11,0,0,1,Draw
2021-11-20,2021,Preston North End,Cardiff City,1,2,2,2,3,-1,2021,11,0,1,0,Away Win
2021-11-20,2021,Reading,Nottingham Forest,1,1,2,2,2,0,2021,11,0,0,1,Draw
2021-11-20,2021,Stoke City,Peterborough United,2,0,2,2,2,2,2021,11,1,0,0,Home Win
2021-11-20,2021,Swansea City,Blackpool,1,1,2,2,2,0,2021,11,0,0,1,Draw
2021-11-20,2021,Accrington,Sheffield Wednesday,2,3,3,3,5,-1,2021,11,0,1,0,Away Win
2021-11-20,2021,Charlton Athletic,Plymouth Argyle,2,0,3,3,2,2,2021,11,1,0,0,Home Win
2021-11-20,2021,Cheltenham,Shrewsbury Town,2,1,3,3,3,1,2021,11,1,0,0,Home Win
2021-11-20,2021,Crewe Alexandra,Gillingham,2,0,3,3,2,2,2021,11,1,0,0,Home Win
2021-11-20,2021,Doncaster Rovers,Lincoln City,0,0,3,3,0,0,2021,11,0,0,1,Draw
2021-11-20,2021,Fleetwood Town,Morecambe,1,2,3,3,3,-1,2021,11,0,1,0,Away Win
2021-11-20,2021,Milton Keynes Dons,Burton Albion,1,0,3,3,1,1,2021,11,1,0,0,Home Win
2021-11-20,2021,Portsmouth,AFC Wimbledon,2,1,3,3,3,1,2021,11,1,0,0,Home Win
2021-11-20,2021,Rotherham United,Cambridge United,3,1,3,3,4,2,2021,11,1,0,0,Home Win
2021-11-20,2021,Sunderland,Ipswich Town,2,0,3,3,2,2,2021,11,1,0,0,Home Win
2021-11-20,2021,Wycombe Wanderers,Bolton Wanderers,1,0,3,3,1,1,2021,11,1,0,0,Home Win
2021-11-20,2021,Barrow,Crawley Town,0,1,4,4,1,-1,2021,11,0,1,0,Away Win
2021-11-20,2021,Bradford City,Northampton Town,1,1,4,4,2,0,2021,11,0,0,1,Draw
2021-11-20,2021,Bristol Rovers,Tranmere Rovers,2,2,4,4,4,0,2021,11,0,0,1,Draw
2021-11-20,2021,Exeter City,Carlisle United,2,1,4,4,3,1,2021,11,1,0,0,Home Win
2021-11-20,2021,Harrogate Town A.F.C.,Salford City,0,2,4,4,2,-2,2021,11,0,1,0,Away Win
2021-11-20,2021,Hartlepool United,Forest Green Rovers,1,3,4,4,4,-2,2021,11,0,1,0,Away Win
2021-11-20,2021,Leyton Orient,Sutton United,4,1,4,4,5,3,2021,11,1,0,0,Home Win
2021-11-20,2021,Mansfield Town,Scunthorpe United,3,1,4,4,4,2,2021,11,1,0,0,Home Win
2021-11-20,2021,Newport County,Swindon Town,1,2,4,4,3,-1,2021,11,0,1,0,Away Win
2021-11-20,2021,Oldham Athletic,Port Vale,3,2,4,4,5,1,2021,11,1,0,0,Home Win
2021-11-20,2021,Stevenage Borough,Colchester United,1,0,4,4,1,1,2021,11,1,0,0,Home Win
2021-11-20,2021,Walsall,Rochdale,0,0,4,4,0,0,2021,11,0,0,1,Draw
2021-11-21,2021,Manchester City,Everton,3,0,1,1,3,3,2021,11,1,0,0,Home Win
2021-11-21,2021,Tottenham Hotspur,Leeds United,2,1,1,1,3,1,2021,11,1,0,0,Home Win
2021-11-21,2021,Derby County,AFC Bournemouth,3,2,2,2,5,1,2021,11,1,0,0,Home Win
2021-11-23,2021,Blackpool,West Bromwich Albion,0,0,2,2,0,0,2021,11,0,0,1,Draw
2021-11-23,2021,Coventry City,Birmingham City,0,0,2,2,0,0,2021,11,0,0,1,Draw
2021-11-23,2021,Middlesbrough,Preston North End,1,2,2,2,3,-1,2021,11,0,1,0,Away Win
2021-11-23,2021,Nottingham Forest,Luton Town,0,0,2,2,0,0,2021,11,0,0,1,Draw
2021-11-23,2021,Reading,Sheffield United,0,1,2,2,1,-1,2021,11,0,1,0,Away Win
2021-11-23,2021,AFC Wimbledon,Crewe Alexandra,3,2,3,3,5,1,2021,11,1,0,0,Home Win
2021-11-23,2021,Burton Albion,Accrington,4,0,3,3,4,4,2021,11,1,0,0,Home Win
2021-11-23,2021,Cambridge United,Wigan Athletic,2,2,3,3,4,0,2021,11,0,0,1,Draw
2021-11-23,2021,Gillingham,Cheltenham,0,2,3,3,2,-2,2021,11,0,1,0,Away Win
2021-11-23,2021,Ipswich Town,Rotherham United,0,2,3,3,2,-2,2021,11,0,1,0,Away Win
2021-11-23,2021,Lincoln City,Portsmouth,0,3,3,3,3,-3,2021,11,0,1,0,Away Win
2021-11-23,2021,Morecambe,Charlton Athletic,2,2,3,3,4,0,2021,11,0,0,1,Draw
2021-11-23,2021,Oxford United,Fleetwood Town,3,1,3,3,4,2,2021,11,1,0,0,Home Win
2021-11-23,2021,Plymouth Argyle,Wycombe Wanderers,0,3,3,3,3,-3,2021,11,0,1,0,Away Win
2021-11-23,2021,Sheffield Wednesday,Milton Keynes Dons,2,1,3,3,3,1,2021,11,1,0,0,Home Win
2021-11-23,2021,Shrewsbury Town,Sunderland,1,1,3,3,2,0,2021,11,0,0,1,Draw
2021-11-23,2021,Bolton Wanderers,Doncaster Rovers,3,0,3,3,3,3,2021,11,1,0,0,Home Win
2021-11-23,2021,Carlisle United,Harrogate Town A.F.C.,0,2,4,4,2,-2,2021,11,0,1,0,Away Win
2021-11-23,2021,Colchester United,Exeter City,3,1,4,4,4,2,2021,11,1,0,0,Home Win
2021-11-23,2021,Crawley Town,Newport County,1,1,4,4,2,0,2021,11,0,0,1,Draw
2021-11-23,2021,Forest Green Rovers,Barrow,2,0,4,4,2,2,2021,11,1,0,0,Home Win
2021-11-23,2021,Northampton Town,Oldham Athletic,2,1,4,4,3,1,2021,11,1,0,0,Home Win
2021-11-23,2021,Port Vale,Walsall,0,1,4,4,1,-1,2021,11,0,1,0,Away Win
2021-11-23,2021,Rochdale,Stevenage Borough,2,2,4,4,4,0,2021,11,0,0,1,Draw
2021-11-23,2021,Salford City,Bristol Rovers,1,1,4,4,2,0,2021,11,0,0,1,Draw
2021-11-23,2021,Scunthorpe United,Leyton Orient,1,1,4,4,2,0,2021,11,0,0,1,Draw
2021-11-23,2021,Sutton United,Mansfield Town,2,0,4,4,2,2,2021,11,1,0,0,Home Win
2021-11-23,2021,Swindon Town,Hartlepool United,3,1,4,4,4,2,2021,11,1,0,0,Home Win
2021-11-23,2021,Tranmere Rovers,Bradford City,2,1,4,4,3,1,2021,11,1,0,0,Home Win
2021-11-24,2021,Barnsley,Swansea City,0,2,2,2,2,-2,2021,11,0,1,0,Away Win
2021-11-24,2021,Blackburn Rovers,Peterborough United,4,0,2,2,4,4,2021,11,1,0,0,Home Win
2021-11-24,2021,Bristol City,Stoke City,1,0,2,2,1,1,2021,11,1,0,0,Home Win
2021-11-24,2021,Cardiff City,Hull City,0,1,2,2,1,-1,2021,11,0,1,0,Away Win
2021-11-24,2021,Fulham,Derby County,0,0,2,2,0,0,2021,11,0,0,1,Draw
2021-11-24,2021,Millwall,AFC Bournemouth,1,1,2,2,2,0,2021,11,0,0,1,Draw
2021-11-24,2021,Queens Park Rangers,Huddersfield Town,1,0,2,2,1,1,2021,11,1,0,0,Home Win
2021-11-26,2021,West Bromwich Albion,Nottingham Forest,0,0,2,2,0,0,2021,11,0,0,1,Draw
2021-11-26,2021,Colchester United,Newport County,1,1,4,4,2,0,2021,11,0,0,1,Draw
2021-11-27,2021,Arsenal,Newcastle United,2,0,1,1,2,2,2021,11,1,0,0,Home Win
2021-11-27,2021,Crystal Palace,Aston Villa,1,2,1,1,3,-1,2021,11,0,1,0,Away Win
2021-11-27,2021,Liverpool,Southampton,4,0,1,1,4,4,2021,11,1,0,0,Home Win
2021-11-27,2021,Norwich City,Wolverhampton Wanderers,0,0,1,1,0,0,2021,11,0,0,1,Draw
2021-11-27,2021,Brighton & Hove Albion,Leeds United,0,0,1,1,0,0,2021,11,0,0,1,Draw
2021-11-27,2021,Preston North End,Fulham,1,1,2,2,2,0,2021,11,0,0,1,Draw
2021-11-27,2021,Birmingham City,Blackpool,1,0,2,2,1,1,2021,11,1,0,0,Home Win
2021-11-27,2021,AFC Bournemouth,Coventry City,2,2,2,2,4,0,2021,11,0,0,1,Draw
2021-11-27,2021,Huddersfield Town,Middlesbrough,1,2,2,2,3,-1,2021,11,0,1,0,Away Win
2021-11-27,2021,Hull City,Millwall,2,1,2,2,3,1,2021,11,1,0,0,Home Win
2021-11-27,2021,Luton Town,Cardiff City,1,2,2,2,3,-1,2021,11,0,1,0,Away Win
2021-11-27,2021,Peterborough United,Barnsley,0,0,2,2,0,0,2021,11,0,0,1,Draw
2021-11-27,2021,Stoke City,Blackburn Rovers,0,1,2,2,1,-1,2021,11,0,1,0,Away Win
2021-11-27,2021,Swansea City,Reading,2,3,2,2,5,-1,2021,11,0,1,0,Away Win
2021-11-27,2021,AFC Wimbledon,Fleetwood Town,2,2,3,3,4,0,2021,11,0,0,1,Draw
2021-11-27,2021,Bolton Wanderers,Cheltenham,2,2,3,3,4,0,2021,11,0,0,1,Draw
2021-11-27,2021,Burton Albion,Doncaster Rovers,2,0,3,3,2,2,2021,11,1,0,0,Home Win
2021-11-27,2021,Cambridge United,Sunderland,1,2,3,3,3,-1,2021,11,0,1,0,Away Win
2021-11-27,2021,Gillingham,Portsmouth,0,1,3,3,1,-1,2021,11,0,1,0,Away Win
2021-11-27,2021,Morecambe,Milton Keynes Dons,0,4,3,3,4,-4,2021,11,0,1,0,Away Win
2021-11-27,2021,Oxford United,Rotherham United,0,0,3,3,0,0,2021,11,0,0,1,Draw
2021-11-27,2021,Plymouth Argyle,Wigan Athletic,1,2,3,3,3,-1,2021,11,0,1,0,Away Win
2021-11-27,2021,Sheffield Wednesday,Wycombe Wanderers,2,2,3,3,4,0,2021,11,0,0,1,Draw
2021-11-27,2021,Shrewsbury Town,Charlton Athletic,1,0,3,3,1,1,2021,11,1,0,0,Home Win
2021-11-27,2021,Lincoln City,Accrington,0,1,3,3,1,-1,2021,11,0,1,0,Away Win
2021-11-27,2021,Carlisle United,Walsall,1,0,4,4,1,1,2021,11,1,0,0,Home Win
2021-11-27,2021,Crawley Town,Mansfield Town,1,2,4,4,3,-1,2021,11,0,1,0,Away Win
2021-11-27,2021,Forest Green Rovers,Bristol Rovers,2,0,4,4,2,2,2021,11,1,0,0,Home Win
2021-11-27,2021,Northampton Town,Leyton Orient,1,0,4,4,1,1,2021,11,1,0,0,Home Win
2021-11-27,2021,Port Vale,Hartlepool United,2,0,4,4,2,2,2021,11,1,0,0,Home Win
2021-11-27,2021,Rochdale,Exeter City,1,1,4,4,2,0,2021,11,0,0,1,Draw
2021-11-27,2021,Salford City,Oldham Athletic,2,0,4,4,2,2,2021,11,1,0,0,Home Win
2021-11-27,2021,Scunthorpe United,Bradford City,1,1,4,4,2,0,2021,11,0,0,1,Draw
2021-11-27,2021,Sutton United,Barrow,1,0,4,4,1,1,2021,11,1,0,0,Home Win
2021-11-27,2021,Swindon Town,Harrogate Town A.F.C.,1,1,4,4,2,0,2021,11,0,0,1,Draw
2021-11-28,2021,Brentford,Everton,1,0,1,1,1,1,2021,11,1,0,0,Home Win
2021-11-28,2021,Leicester City,Watford,4,2,1,1,6,2,2021,11,1,0,0,Home Win
2021-11-28,2021,Manchester City,West Ham United,2,1,1,1,3,1,2021,11,1,0,0,Home Win
2021-11-28,2021,Chelsea,Manchester United,1,1,1,1,2,0,2021,11,0,0,1,Draw
2021-11-28,2021,Sheffield United,Bristol City,2,0,2,2,2,2,2021,11,1,0,0,Home Win
2021-11-28,2021,Ipswich Town,Crewe Alexandra,2,1,3,3,3,1,2021,11,1,0,0,Home Win
2021-11-29,2021,Derby County,Queens Park Rangers,1,2,2,2,3,-1,2021,11,0,1,0,Away Win
2021-11-30,2021,Newcastle United,Norwich City,1,1,1,1,2,0,2021,11,0,0,1,Draw
2021-11-30,2021,Leeds United,Crystal Palace,1,0,1,1,1,1,2021,11,1,0,0,Home Win
2021-12-01,2021,Southampton,Leicester City,2,2,1,1,4,0,2021,12,0,0,1,Draw
2021-12-01,2021,Watford,Chelsea,1,2,1,1,3,-1,2021,12,0,1,0,Away Win
2021-12-01,2021,West Ham United,Brighton & Hove Albion,1,1,1,1,2,0,2021,12,0,0,1,Draw
2021-12-01,2021,Wolverhampton Wanderers,Burnley,0,0,1,1,0,0,2021,12,0,0,1,Draw
2021-12-01,2021,Aston Villa,Manchester City,1,2,1,1,3,-1,2021,12,0,1,0,Away Win
2021-12-01,2021,Everton,Liverpool,1,4,1,1,5,-3,2021,12,0,1,0,Away Win
2021-12-02,2021,Tottenham Hotspur,Brentford,2,0,1,1,2,2,2021,12,1,0,0,Home Win
2021-12-02,2021,Manchester United,Arsenal,3,2,1,1,5,1,2021,12,1,0,0,Home Win
2021-12-03,2021,Fulham,AFC Bournemouth,1,1,2,2,2,0,2021,12,0,0,1,Draw
2021-12-04,2021,West Ham United,Chelsea,3,2,1,1,5,1,2021,12,1,0,0,Home Win
2021-12-04,2021,Newcastle United,Burnley,1,0,1,1,1,1,2021,12,1,0,0,Home Win
2021-12-04,2021,Southampton,Brighton & Hove Albion,1,1,1,1,2,0,2021,12,0,0,1,Draw
2021-12-04,2021,Wolverhampton Wanderers,Liverpool,0,1,1,1,1,-1,2021,12,0,1,0,Away Win
2021-12-04,2021,Watford,Manchester City,1,3,1,1,4,-2,2021,12,0,1,0,Away Win
2021-12-04,2021,Coventry City,West Bromwich Albion,1,2,2,2,3,-1,2021,12,0,1,0,Away Win
2021-12-04,2021,Barnsley,Huddersfield Town,1,1,2,2,2,0,2021,12,0,0,1,Draw
2021-12-04,2021,Blackburn Rovers,Preston North End,1,0,2,2,1,1,2021,12,1,0,0,Home Win
2021-12-04,2021,Blackpool,Luton Town,0,3,2,2,3,-3,2021,12,0,1,0,Away Win
2021-12-04,2021,Bristol City,Derby County,1,0,2,2,1,1,2021,12,1,0,0,Home Win
2021-12-04,2021,Cardiff City,Sheffield United,2,3,2,2,5,-1,2021,12,0,1,0,Away Win
2021-12-04,2021,Middlesbrough,Swansea City,1,0,2,2,1,1,2021,12,1,0,0,Home Win
2021-12-04,2021,Millwall,Birmingham City,3,1,2,2,4,2,2021,12,1,0,0,Home Win
2021-12-04,2021,Nottingham Forest,Peterborough United,2,0,2,2,2,2,2021,12,1,0,0,Home Win
2021-12-04,2021,Reading,Hull City,1,1,2,2,2,0,2021,12,0,0,1,Draw
2021-12-04,2021,Accrington,Fleetwood Town,5,1,3,3,6,4,2021,12,1,0,0,Home Win
2021-12-04,2021,Sunderland,Oxford United,1,1,3,3,2,0,2021,12,0,0,1,Draw
2021-12-05,2021,Leeds United,Brentford,2,2,1,1,4,0,2021,12,0,0,1,Draw
2021-12-05,2021,Manchester United,Crystal Palace,1,0,1,1,1,1,2021,12,1,0,0,Home Win
2021-12-05,2021,Tottenham Hotspur,Norwich City,3,0,1,1,3,3,2021,12,1,0,0,Home Win
2021-12-05,2021,Aston Villa,Leicester City,2,1,1,1,3,1,2021,12,1,0,0,Home Win
2021-12-05,2021,Queens Park Rangers,Stoke City,0,2,2,2,2,-2,2021,12,0,1,0,Away Win
2021-12-06,2021,Everton,Arsenal,2,1,1,1,3,1,2021,12,1,0,0,Home Win
2021-12-07,2021,Accrington,AFC Wimbledon,0,2,3,3,2,-2,2021,12,0,1,0,Away Win
2021-12-07,2021,Charlton Athletic,Ipswich Town,2,0,3,3,2,2,2021,12,1,0,0,Home Win
2021-12-07,2021,Cheltenham,Cambridge United,0,5,3,3,5,-5,2021,12,0,1,0,Away Win
2021-12-07,2021,Crewe Alexandra,Lincoln City,2,0,3,3,2,2,2021,12,1,0,0,Home Win
2021-12-07,2021,Doncaster Rovers,Oxford United,1,2,3,3,3,-1,2021,12,0,1,0,Away Win
2021-12-07,2021,Fleetwood Town,Bolton Wanderers,3,0,3,3,3,3,2021,12,1,0,0,Home Win
2021-12-07,2021,Portsmouth,Sheffield Wednesday,0,0,3,3,0,0,2021,12,0,0,1,Draw
2021-12-07,2021,Rotherham United,Gillingham,5,1,3,3,6,4,2021,12,1,0,0,Home Win
2021-12-07,2021,Sunderland,Morecambe,5,0,3,3,5,5,2021,12,1,0,0,Home Win
2021-12-07,2021,Wycombe Wanderers,Burton Albion,2,1,3,3,3,1,2021,12,1,0,0,Home Win
2021-12-07,2021,Bristol Rovers,Port Vale,1,2,4,4,3,-1,2021,12,0,1,0,Away Win
2021-12-07,2021,Exeter City,Northampton Town,1,2,4,4,3,-1,2021,12,0,1,0,Away Win
2021-12-07,2021,Harrogate Town A.F.C.,Forest Green Rovers,1,4,4,4,5,-3,2021,12,0,1,0,Away Win
2021-12-07,2021,Leyton Orient,Swindon Town,4,1,4,4,5,3,2021,12,1,0,0,Home Win
2021-12-07,2021,Mansfield Town,Carlisle United,1,0,4,4,1,1,2021,12,1,0,0,Home Win
2021-12-07,2021,Newport County,Sutton United,3,2,4,4,5,1,2021,12,1,0,0,Home Win
2021-12-07,2021,Oldham Athletic,Tranmere Rovers,0,1,4,4,1,-1,2021,12,0,1,0,Away Win
2021-12-07,2021,Stevenage Borough,Scunthorpe United,1,1,4,4,2,0,2021,12,0,0,1,Draw
2021-12-07,2021,Walsall,Crawley Town,1,1,4,4,2,0,2021,12,0,0,1,Draw
2021-12-08,2021,Milton Keynes Dons,Plymouth Argyle,1,1,3,3,2,0,2021,12,0,0,1,Draw
2021-12-08,2021,Wigan Athletic,Shrewsbury Town,2,1,3,3,3,1,2021,12,1,0,0,Home Win
2021-12-08,2021,Bradford City,Colchester United,0,0,4,4,0,0,2021,12,0,0,1,Draw
2021-12-08,2021,Hartlepool United,Rochdale,2,1,4,4,3,1,2021,12,1,0,0,Home Win
2021-12-10,2021,Brentford,Watford,2,1,1,1,3,1,2021,12,1,0,0,Home Win
2021-12-11,2021,Manchester City,Wolverhampton Wanderers,1,0,1,1,1,1,2021,12,1,0,0,Home Win
2021-12-11,2021,Arsenal,Southampton,3,0,1,1,3,3,2021,12,1,0,0,Home Win
2021-12-11,2021,Chelsea,Leeds United,3,2,1,1,5,1,2021,12,1,0,0,Home Win
2021-12-11,2021,Liverpool,Aston Villa,1,0,1,1,1,1,2021,12,1,0,0,Home Win
2021-12-11,2021,Norwich City,Manchester United,0,1,1,1,1,-1,2021,12,0,1,0,Away Win
2021-12-11,2021,Huddersfield Town,Coventry City,1,1,2,2,2,0,2021,12,0,0,1,Draw
2021-12-11,2021,Birmingham City,Cardiff City,2,2,2,2,4,0,2021,12,0,0,1,Draw
2021-12-11,2021,AFC Bournemouth,Blackburn Rovers,0,2,2,2,2,-2,2021,12,0,1,0,Away Win
2021-12-11,2021,Derby County,Blackpool,1,0,2,2,1,1,2021,12,1,0,0,Home Win
2021-12-11,2021,Hull City,Bristol City,2,2,2,2,4,0,2021,12,0,0,1,Draw
2021-12-11,2021,Luton Town,Fulham,1,1,2,2,2,0,2021,12,0,0,1,Draw
2021-12-11,2021,Peterborough United,Millwall,2,1,2,2,3,1,2021,12,1,0,0,Home Win
2021-12-11,2021,Preston North End,Barnsley,2,1,2,2,3,1,2021,12,1,0,0,Home Win
2021-12-11,2021,Stoke City,Middlesbrough,0,0,2,2,0,0,2021,12,0,0,1,Draw
2021-12-11,2021,Swansea City,Nottingham Forest,1,4,2,2,5,-3,2021,12,0,1,0,Away Win
2021-12-11,2021,West Bromwich Albion,Reading,1,0,2,2,1,1,2021,12,1,0,0,Home Win
2021-12-11,2021,Accrington,Bolton Wanderers,1,0,3,3,1,1,2021,12,1,0,0,Home Win
2021-12-11,2021,Charlton Athletic,Cambridge United,2,0,3,3,2,2,2021,12,1,0,0,Home Win
2021-12-11,2021,Cheltenham,Lincoln City,2,2,3,3,4,0,2021,12,0,0,1,Draw
2021-12-11,2021,Crewe Alexandra,Sheffield Wednesday,0,2,3,3,2,-2,2021,12,0,1,0,Away Win
2021-12-11,2021,Doncaster Rovers,Shrewsbury Town,1,0,3,3,1,1,2021,12,1,0,0,Home Win
2021-12-11,2021,Fleetwood Town,Gillingham,2,1,3,3,3,1,2021,12,1,0,0,Home Win
2021-12-11,2021,Milton Keynes Dons,Oxford United,1,2,3,3,3,-1,2021,12,0,1,0,Away Win
2021-12-11,2021,Portsmouth,Morecambe,2,0,3,3,2,2,2021,12,1,0,0,Home Win
2021-12-11,2021,Rotherham United,Burton Albion,3,1,3,3,4,2,2021,12,1,0,0,Home Win
2021-12-11,2021,Sunderland,Plymouth Argyle,2,1,3,3,3,1,2021,12,1,0,0,Home Win
2021-12-11,2021,Wigan Athletic,Ipswich Town,1,1,3,3,2,0,2021,12,0,0,1,Draw
2021-12-11,2021,Wycombe Wanderers,AFC Wimbledon,2,2,3,3,4,0,2021,12,0,0,1,Draw
2021-12-11,2021,Barrow,Swindon Town,2,0,4,4,2,2,2021,12,1,0,0,Home Win
2021-12-11,2021,Bradford City,Sutton United,2,2,4,4,4,0,2021,12,0,0,1,Draw
2021-12-11,2021,Bristol Rovers,Rochdale,4,2,4,4,6,2,2021,12,1,0,0,Home Win
2021-12-11,2021,Exeter City,Tranmere Rovers,0,1,4,4,1,-1,2021,12,0,1,0,Away Win
2021-12-11,2021,Harrogate Town A.F.C.,Northampton Town,1,2,4,4,3,-1,2021,12,0,1,0,Away Win
2021-12-11,2021,Hartlepool United,Scunthorpe United,0,0,4,4,0,0,2021,12,0,0,1,Draw
2021-12-11,2021,Leyton Orient,Crawley Town,1,2,4,4,3,-1,2021,12,0,1,0,Away Win
2021-12-11,2021,Mansfield Town,Salford City,2,1,4,4,3,1,2021,12,1,0,0,Home Win
2021-12-11,2021,Newport County,Port Vale,2,1,4,4,3,1,2021,12,1,0,0,Home Win
2021-12-11,2021,Oldham Athletic,Forest Green Rovers,5,5,4,4,10,0,2021,12,0,0,1,Draw
2021-12-11,2021,Stevenage Borough,Carlisle United,0,2,4,4,2,-2,2021,12,0,1,0,Away Win
2021-12-11,2021,Walsall,Colchester United,3,0,4,4,3,3,2021,12,1,0,0,Home Win
2021-12-12,2021,Burnley,West Ham United,0,0,1,1,0,0,2021,12,0,0,1,Draw
2021-12-12,2021,Leicester City,Newcastle United,4,0,1,1,4,4,2021,12,1,0,0,Home Win
2021-12-12,2021,Crystal Palace,Everton,3,1,1,1,4,2,2021,12,1,0,0,Home Win
2021-12-14,2021,Norwich City,Aston Villa,0,2,1,1,2,-2,2021,12,0,1,0,Away Win
2021-12-14,2021,Manchester City,Leeds United,7,0,1,1,7,7,2021,12,1,0,0,Home Win
2021-12-15,2021,Brighton & Hove Albion,Wolverhampton Wanderers,0,1,1,1,1,-1,2021,12,0,1,0,Away Win
2021-12-15,2021,Crystal Palace,Southampton,2,2,1,1,4,0,2021,12,0,0,1,Draw
2021-12-15,2021,Arsenal,West Ham United,2,0,1,1,2,2,2021,12,1,0,0,Home Win
2021-12-16,2021,Chelsea,Everton,1,1,1,1,2,0,2021,12,0,0,1,Draw
2021-12-16,2021,Liverpool,Newcastle United,3,1,1,1,4,2,2021,12,1,0,0,Home Win
2021-12-17,2021,Barnsley,West Bromwich Albion,0,0,2,2,0,0,2021,12,0,0,1,Draw
2021-12-18,2021,Leeds United,Arsenal,1,4,1,1,5,-3,2021,12,0,1,0,Away Win
2021-12-18,2021,Middlesbrough,AFC Bournemouth,1,0,2,2,1,1,2021,12,1,0,0,Home Win
2021-12-18,2021,Blackburn Rovers,Birmingham City,4,0,2,2,4,4,2021,12,1,0,0,Home Win
2021-12-18,2021,Blackpool,Peterborough United,3,1,2,2,4,2,2021,12,1,0,0,Home Win
2021-12-18,2021,Bristol City,Huddersfield Town,2,3,2,2,5,-1,2021,12,0,1,0,Away Win
2021-12-18,2021,Nottingham Forest,Hull City,2,1,2,2,3,1,2021,12,1,0,0,Home Win
2021-12-18,2021,Cambridge United,Rotherham United,0,1,3,3,1,-1,2021,12,0,1,0,Away Win
2021-12-18,2021,Ipswich Town,Sunderland,1,1,3,3,2,0,2021,12,0,0,1,Draw
2021-12-18,2021,Morecambe,Fleetwood Town,0,0,3,3,0,0,2021,12,0,0,1,Draw
2021-12-18,2021,Oxford United,Wigan Athletic,2,3,3,3,5,-1,2021,12,0,1,0,Away Win
2021-12-18,2021,Plymouth Argyle,Charlton Athletic,1,0,3,3,1,1,2021,12,1,0,0,Home Win
2021-12-18,2021,Shrewsbury Town,Cheltenham,3,1,3,3,4,2,2021,12,1,0,0,Home Win
2021-12-18,2021,Rochdale,Newport County,3,0,4,4,3,3,2021,12,1,0,0,Home Win
2021-12-18,2021,Salford City,Stevenage Borough,1,0,4,4,1,1,2021,12,1,0,0,Home Win
2021-12-18,2021,Sutton United,Harrogate Town A.F.C.,1,0,4,4,1,1,2021,12,1,0,0,Home Win
2021-12-18,2021,Tranmere Rovers,Leyton Orient,1,0,4,4,1,1,2021,12,1,0,0,Home Win
2021-12-19,2021,Newcastle United,Manchester City,0,4,1,1,4,-4,2021,12,0,1,0,Away Win
2021-12-19,2021,Wolverhampton Wanderers,Chelsea,0,0,1,1,0,0,2021,12,0,0,1,Draw
2021-12-19,2021,Tottenham Hotspur,Liverpool,2,2,1,1,4,0,2021,12,0,0,1,Draw
2021-12-20,2021,Fulham,Sheffield United,0,1,2,2,1,-1,2021,12,0,1,0,Away Win
2021-12-26,2021,Manchester City,Leicester City,6,3,1,1,9,3,2021,12,1,0,0,Home Win
2021-12-26,2021,Norwich City,Arsenal,0,5,1,1,5,-5,2021,12,0,1,0,Away Win
2021-12-26,2021,Tottenham Hotspur,Crystal Palace,3,0,1,1,3,3,2021,12,1,0,0,Home Win
2021-12-26,2021,West Ham United,Southampton,2,3,1,1,5,-1,2021,12,0,1,0,Away Win
2021-12-26,2021,Aston Villa,Chelsea,1,3,1,1,4,-2,2021,12,0,1,0,Away Win
2021-12-26,2021,Brighton & Hove Albion,Brentford,2,0,1,1,2,2,2021,12,1,0,0,Home Win
2021-12-26,2021,Huddersfield Town,Blackpool,3,2,2,2,5,1,2021,12,1,0,0,Home Win
2021-12-26,2021,Middlesbrough,Nottingham Forest,2,0,2,2,2,2,2021,12,1,0,0,Home Win
2021-12-26,2021,Accrington,Rotherham United,1,0,3,3,1,1,2021,12,1,0,0,Home Win
2021-12-26,2021,Cheltenham,Plymouth Argyle,0,2,3,3,2,-2,2021,12,0,1,0,Away Win
2021-12-26,2021,Fleetwood Town,Shrewsbury Town,0,3,3,3,3,-3,2021,12,0,1,0,Away Win
2021-12-26,2021,Lincoln City,Milton Keynes Dons,2,3,3,3,5,-1,2021,12,0,1,0,Away Win
2021-12-26,2021,Mansfield Town,Hartlepool United,3,2,4,4,5,1,2021,12,1,0,0,Home Win
2021-12-26,2021,Oldham Athletic,Scunthorpe United,1,3,4,4,4,-2,2021,12,0,1,0,Away Win
2021-12-26,2021,Tranmere Rovers,Barrow,2,0,4,4,2,2,2021,12,1,0,0,Home Win
2021-12-27,2021,Newcastle United,Manchester United,1,1,1,1,2,0,2021,12,0,0,1,Draw
2021-12-27,2021,Derby County,West Bromwich Albion,1,0,2,2,1,1,2021,12,1,0,0,Home Win
2021-12-27,2021,Queens Park Rangers,AFC Bournemouth,0,1,2,2,1,-1,2021,12,0,1,0,Away Win
2021-12-27,2021,Doncaster Rovers,Sunderland,0,3,3,3,3,-3,2021,12,0,1,0,Away Win
2021-12-28,2021,Crystal Palace,Norwich City,3,0,1,1,3,3,2021,12,1,0,0,Home Win
2021-12-28,2021,Southampton,Tottenham Hotspur,1,1,1,1,2,0,2021,12,0,0,1,Draw
2021-12-28,2021,Watford,West Ham United,1,4,1,1,5,-3,2021,12,0,1,0,Away Win
2021-12-28,2021,Leicester City,Liverpool,1,0,1,1,1,1,2021,12,1,0,0,Home Win
2021-12-29,2021,Chelsea,Brighton & Hove Albion,1,1,1,1,2,0,2021,12,0,0,1,Draw
2021-12-29,2021,Brentford,Manchester City,0,1,1,1,1,-1,2021,12,0,1,0,Away Win
2021-12-29,2021,Blackburn Rovers,Barnsley,2,1,2,2,3,1,2021,12,1,0,0,Home Win
2021-12-29,2021,Blackpool,Middlesbrough,1,2,2,2,3,-1,2021,12,0,1,0,Away Win
2021-12-29,2021,Coventry City,Millwall,0,1,2,2,1,-1,2021,12,0,1,0,Away Win
2021-12-29,2021,Ipswich Town,Wycombe Wanderers,1,0,3,3,1,1,2021,12,1,0,0,Home Win
2021-12-29,2021,Morecambe,Crewe Alexandra,1,2,3,3,3,-1,2021,12,0,1,0,Away Win
2021-12-29,2021,Oxford United,AFC Wimbledon,3,0,3,3,3,3,2021,12,1,0,0,Home Win
2021-12-29,2021,Shrewsbury Town,Accrington,0,0,3,3,0,0,2021,12,0,0,1,Draw
2021-12-29,2021,Barrow,Oldham Athletic,0,0,4,4,0,0,2021,12,0,0,1,Draw
2021-12-29,2021,Swindon Town,Stevenage Borough,0,0,4,4,0,0,2021,12,0,0,1,Draw
2021-12-30,2021,Manchester United,Burnley,3,1,1,1,4,2,2021,12,1,0,0,Home Win
2021-12-30,2021,AFC Bournemouth,Cardiff City,3,0,2,2,3,3,2021,12,1,0,0,Home Win
2021-12-30,2021,Bristol City,Queens Park Rangers,1,2,2,2,3,-1,2021,12,0,1,0,Away Win
2021-12-30,2021,Nottingham Forest,Huddersfield Town,0,1,2,2,1,-1,2021,12,0,1,0,Away Win
2021-12-30,2021,Stoke City,Derby County,1,2,2,2,3,-1,2021,12,0,1,0,Away Win
2021-12-30,2021,Sunderland,Sheffield Wednesday,5,0,3,3,5,5,2021,12,1,0,0,Home Win
2022-01-01,2021,Arsenal,Manchester City,1,2,1,1,3,-1,2022,1,0,1,0,Away Win
2022-01-01,2021,Watford,Tottenham Hotspur,0,1,1,1,1,-1,2022,1,0,1,0,Away Win
2022-01-01,2021,Crystal Palace,West Ham United,2,3,1,1,5,-1,2022,1,0,1,0,Away Win
2022-01-01,2021,Blackpool,Hull City,1,0,2,2,1,1,2022,1,1,0,0,Home Win
2022-01-01,2021,Burton Albion,Crewe Alexandra,4,1,3,3,5,3,2022,1,1,0,0,Home Win
2022-01-01,2021,Charlton Athletic,Wycombe Wanderers,0,1,3,3,1,-1,2022,1,0,1,0,Away Win
2022-01-01,2021,Milton Keynes Dons,Gillingham,0,0,3,3,0,0,2022,1,0,0,1,Draw
2022-01-01,2021,Oxford United,Cheltenham,1,1,3,3,2,0,2022,1,0,0,1,Draw
2022-01-01,2021,Rotherham United,Bolton Wanderers,2,1,3,3,3,1,2022,1,1,0,0,Home Win
2022-01-01,2021,Barrow,Bradford City,1,2,4,4,3,-1,2022,1,0,1,0,Away Win
2022-01-01,2021,Crawley Town,Colchester United,3,1,4,4,4,2,2022,1,1,0,0,Home Win
2022-01-01,2021,Forest Green Rovers,Stevenage Borough,2,0,4,4,2,2,2022,1,1,0,0,Home Win
2022-01-01,2021,Hartlepool United,Oldham Athletic,0,0,4,4,0,0,2022,1,0,0,1,Draw
2022-01-01,2021,Scunthorpe United,Carlisle United,0,1,4,4,1,-1,2022,1,0,1,0,Away Win
2022-01-01,2021,Sutton United,Exeter City,2,1,4,4,3,1,2022,1,1,0,0,Home Win
2022-01-01,2021,Swindon Town,Northampton Town,5,2,4,4,7,3,2022,1,1,0,0,Home Win
2022-01-01,2021,Walsall,Newport County,3,3,4,4,6,0,2022,1,0,0,1,Draw
2022-01-02,2021,Brentford,Aston Villa,2,1,1,1,3,1,2022,1,1,0,0,Home Win
2022-01-02,2021,Everton,Brighton & Hove Albion,2,3,1,1,5,-1,2022,1,0,1,0,Away Win
2022-01-02,2021,Leeds United,Burnley,3,1,1,1,4,2,2022,1,1,0,0,Home Win
2022-01-02,2021,Chelsea,Liverpool,2,2,1,1,4,0,2022,1,0,0,1,Draw
2022-01-02,2021,Bristol City,Millwall,3,2,2,2,5,1,2022,1,1,0,0,Home Win
2022-01-02,2021,Birmingham City,Queens Park Rangers,1,2,2,2,3,-1,2022,1,0,1,0,Away Win
2022-01-02,2021,Blackburn Rovers,Huddersfield Town,0,0,2,2,0,0,2022,1,0,0,1,Draw
2022-01-02,2021,West Bromwich Albion,Cardiff City,1,1,2,2,2,0,2022,1,0,0,1,Draw
2022-01-02,2021,Morecambe,Doncaster Rovers,4,3,3,3,7,1,2022,1,1,0,0,Home Win
2022-01-02,2021,Shrewsbury Town,Sheffield Wednesday,1,0,3,3,1,1,2022,1,1,0,0,Home Win
2022-01-03,2021,Manchester United,Wolverhampton Wanderers,0,1,1,1,1,-1,2022,1,0,1,0,Away Win
2022-01-03,2021,Reading,Derby County,2,2,2,2,4,0,2022,1,0,0,1,Draw
2022-01-03,2021,Stoke City,Preston North End,1,2,2,2,3,-1,2022,1,0,1,0,Away Win
2022-01-03,2021,Cambridge United,Portsmouth,0,0,3,3,0,0,2022,1,0,0,1,Draw
2022-01-04,2021,Forest Green Rovers,Exeter City,0,0,4,4,0,0,2022,1,0,0,1,Draw
2022-01-08,2021,Wycombe Wanderers,Sunderland,3,3,3,3,6,0,2022,1,0,0,1,Draw
2022-01-08,2021,Accrington,Milton Keynes Dons,1,1,3,3,2,0,2022,1,0,0,1,Draw
2022-01-08,2021,Cheltenham,Burton Albion,1,1,3,3,2,0,2022,1,0,0,1,Draw
2022-01-08,2021,Doncaster Rovers,Fleetwood Town,0,1,3,3,1,-1,2022,1,0,1,0,Away Win
2022-01-08,2021,Gillingham,Ipswich Town,0,4,3,3,4,-4,2022,1,0,1,0,Away Win
2022-01-08,2021,Lincoln City,Oxford United,2,0,3,3,2,2,2022,1,1,0,0,Home Win
2022-01-08,2021,Carlisle United,Bradford City,2,0,4,4,2,2,2022,1,1,0,0,Home Win
2022-01-08,2021,Newport County,Salford City,0,2,4,4,2,-2,2022,1,0,1,0,Away Win
2022-01-08,2021,Northampton Town,Crawley Town,0,1,4,4,1,-1,2022,1,0,1,0,Away Win
2022-01-08,2021,Stevenage Borough,Walsall,3,1,4,4,4,2,2022,1,1,0,0,Home Win
2022-01-08,2021,Tranmere Rovers,Scunthorpe United,4,0,4,4,4,4,2022,1,1,0,0,Home Win
2022-01-11,2021,Southampton,Brentford,4,1,1,1,5,3,2022,1,1,0,0,Home Win
2022-01-11,2021,Reading,Fulham,0,7,2,2,7,-7,2022,1,0,1,0,Away Win
2022-01-11,2021,Milton Keynes Dons,AFC Wimbledon,1,0,3,3,1,1,2022,1,1,0,0,Home Win
2022-01-11,2021,Sunderland,Lincoln City,1,3,3,3,4,-2,2022,1,0,1,0,Away Win
2022-01-11,2021,Bolton Wanderers,Wycombe Wanderers,0,2,3,3,2,-2,2022,1,0,1,0,Away Win
2022-01-11,2021,Mansfield Town,Swindon Town,3,2,4,4,5,1,2022,1,1,0,0,Home Win
2022-01-11,2021,Forest Green Rovers,Colchester United,2,0,4,4,2,2,2022,1,1,0,0,Home Win
2022-01-11,2021,Salford City,Tranmere Rovers,1,1,4,4,2,0,2022,1,0,0,1,Draw
2022-01-12,2021,West Ham United,Norwich City,2,0,1,1,2,2,2022,1,1,0,0,Home Win
2022-01-12,2021,Crewe Alexandra,Charlton Athletic,2,1,3,3,3,1,2022,1,1,0,0,Home Win
2022-01-14,2021,Brighton & Hove Albion,Crystal Palace,1,1,1,1,2,0,2022,1,0,0,1,Draw
2022-01-15,2021,Manchester City,Chelsea,1,0,1,1,1,1,2022,1,1,0,0,Home Win
2022-01-15,2021,Newcastle United,Watford,1,1,1,1,2,0,2022,1,0,0,1,Draw
2022-01-15,2021,Norwich City,Everton,2,1,1,1,3,1,2022,1,1,0,0,Home Win
2022-01-15,2021,Wolverhampton Wanderers,Southampton,3,1,1,1,4,2,2022,1,1,0,0,Home Win
2022-01-15,2021,Aston Villa,Manchester United,2,2,1,1,4,0,2022,1,0,0,1,Draw
2022-01-15,2021,Cardiff City,Blackburn Rovers,0,1,2,2,1,-1,2022,1,0,1,0,Away Win
2022-01-15,2021,Luton Town,AFC Bournemouth,3,2,2,2,5,1,2022,1,1,0,0,Home Win
2022-01-15,2021,Derby County,Sheffield United,2,0,2,2,2,2,2022,1,1,0,0,Home Win
2022-01-15,2021,Fulham,Bristol City,6,2,2,2,8,4,2022,1,1,0,0,Home Win
2022-01-15,2021,Huddersfield Town,Swansea City,1,1,2,2,2,0,2022,1,0,0,1,Draw
2022-01-15,2021,Middlesbrough,Reading,2,1,2,2,3,1,2022,1,1,0,0,Home Win
2022-01-15,2021,Millwall,Nottingham Forest,0,1,2,2,1,-1,2022,1,0,1,0,Away Win
2022-01-15,2021,Peterborough United,Coventry City,1,4,2,2,5,-3,2022,1,0,1,0,Away Win
2022-01-15,2021,Preston North End,Birmingham City,1,1,2,2,2,0,2022,1,0,0,1,Draw
2022-01-15,2021,Queens Park Rangers,West Bromwich Albion,1,0,2,2,1,1,2022,1,1,0,0,Home Win
2022-01-15,2021,Accrington,Sunderland,1,1,3,3,2,0,2022,1,0,0,1,Draw
2022-01-15,2021,AFC Wimbledon,Morecambe,0,0,3,3,0,0,2022,1,0,0,1,Draw
2022-01-15,2021,Bolton Wanderers,Ipswich Town,2,0,3,3,2,2,2022,1,1,0,0,Home Win
2022-01-15,2021,Cheltenham,Charlton Athletic,1,1,3,3,2,0,2022,1,0,0,1,Draw
2022-01-15,2021,Crewe Alexandra,Shrewsbury Town,0,0,3,3,0,0,2022,1,0,0,1,Draw
2022-01-15,2021,Doncaster Rovers,Wigan Athletic,1,2,3,3,3,-1,2022,1,0,1,0,Away Win
2022-01-15,2021,Fleetwood Town,Rotherham United,1,0,3,3,1,1,2022,1,1,0,0,Home Win
2022-01-15,2021,Gillingham,Burton Albion,1,3,3,3,4,-2,2022,1,0,1,0,Away Win
2022-01-15,2021,Lincoln City,Cambridge United,0,1,3,3,1,-1,2022,1,0,1,0,Away Win
2022-01-15,2021,Portsmouth,Milton Keynes Dons,1,2,3,3,3,-1,2022,1,0,1,0,Away Win
2022-01-15,2021,Sheffield Wednesday,Plymouth Argyle,4,2,3,3,6,2,2022,1,1,0,0,Home Win
2022-01-15,2021,Wycombe Wanderers,Oxford United,2,0,3,3,2,2,2022,1,1,0,0,Home Win
2022-01-15,2021,Newport County,Harrogate Town A.F.C.,4,0,4,4,4,4,2022,1,1,0,0,Home Win
2022-01-15,2021,Bradford City,Salford City,2,1,4,4,3,1,2022,1,1,0,0,Home Win
2022-01-15,2021,Bristol Rovers,Hartlepool United,2,0,4,4,2,2,2022,1,1,0,0,Home Win
2022-01-15,2021,Carlisle United,Crawley Town,1,1,4,4,2,0,2022,1,0,0,1,Draw
2022-01-15,2021,Colchester United,Barrow,0,2,4,4,2,-2,2022,1,0,1,0,Away Win
2022-01-15,2021,Exeter City,Scunthorpe United,2,0,4,4,2,2,2022,1,1,0,0,Home Win
2022-01-15,2021,Mansfield Town,Walsall,2,0,4,4,2,2,2022,1,1,0,0,Home Win
2022-01-15,2021,Northampton Town,Forest Green Rovers,1,1,4,4,2,0,2022,1,0,0,1,Draw
2022-01-15,2021,Port Vale,Swindon Town,1,3,4,4,4,-2,2022,1,0,1,0,Away Win
2022-01-15,2021,Stevenage Borough,Sutton United,3,3,4,4,6,0,2022,1,0,0,1,Draw
2022-01-15,2021,Tranmere Rovers,Rochdale,2,0,4,4,2,2,2022,1,1,0,0,Home Win
2022-01-16,2021,Liverpool,Brentford,3,0,1,1,3,3,2022,1,1,0,0,Home Win
2022-01-16,2021,West Ham United,Leeds United,2,3,1,1,5,-1,2022,1,0,1,0,Away Win
2022-01-16,2021,Hull City,Stoke City,0,2,2,2,2,-2,2022,1,0,1,0,Away Win
2022-01-18,2021,Brighton & Hove Albion,Chelsea,1,1,1,1,2,0,2022,1,0,0,1,Draw
2022-01-18,2021,Fulham,Birmingham City,6,2,2,2,8,4,2022,1,1,0,0,Home Win
2022-01-18,2021,Preston North End,Sheffield United,2,2,2,2,4,0,2022,1,0,0,1,Draw
2022-01-18,2021,AFC Wimbledon,Portsmouth,0,0,3,3,0,0,2022,1,0,0,1,Draw
2022-01-18,2021,Cambridge United,Doncaster Rovers,3,1,3,3,4,2,2022,1,1,0,0,Home Win
2022-01-18,2021,Morecambe,Wigan Athletic,1,2,3,3,3,-1,2022,1,0,1,0,Away Win
2022-01-18,2021,Carlisle United,Hartlepool United,0,0,4,4,0,0,2022,1,0,0,1,Draw
2022-01-18,2021,Port Vale,Salford City,0,1,4,4,1,-1,2022,1,0,1,0,Away Win
2022-01-18,2021,Stevenage Borough,Crawley Town,2,1,4,4,3,1,2022,1,1,0,0,Home Win
2022-01-18,2021,Sutton United,Colchester United,3,2,4,4,5,1,2022,1,1,0,0,Home Win
2022-01-19,2021,Leicester City,Tottenham Hotspur,2,3,1,1,5,-1,2022,1,0,1,0,Away Win
2022-01-19,2021,Brentford,Manchester United,1,3,1,1,4,-2,2022,1,0,1,0,Away Win
2022-01-19,2021,Hull City,Blackburn Rovers,2,0,2,2,2,2,2022,1,1,0,0,Home Win
2022-01-19,2021,Reading,Luton Town,0,2,2,2,2,-2,2022,1,0,1,0,Away Win
2022-01-21,2021,Watford,Norwich City,0,3,1,1,3,-3,2022,1,0,1,0,Away Win
2022-01-22,2021,Everton,Aston Villa,0,1,1,1,1,-1,2022,1,0,1,0,Away Win
2022-01-22,2021,Brentford,Wolverhampton Wanderers,1,2,1,1,3,-1,2022,1,0,1,0,Away Win
2022-01-22,2021,Leeds United,Newcastle United,0,1,1,1,1,-1,2022,1,0,1,0,Away Win
2022-01-22,2021,Manchester United,West Ham United,1,0,1,1,1,1,2022,1,1,0,0,Home Win
2022-01-22,2021,Southampton,Manchester City,1,1,1,1,2,0,2022,1,0,0,1,Draw
2022-01-22,2021,Bristol City,Cardiff City,3,2,2,2,5,1,2022,1,1,0,0,Home Win
2022-01-22,2021,Nottingham Forest,Derby County,2,1,2,2,3,1,2022,1,1,0,0,Home Win
2022-01-22,2021,Birmingham City,Barnsley,2,1,2,2,3,1,2022,1,1,0,0,Home Win
2022-01-22,2021,Blackpool,Millwall,1,0,2,2,1,1,2022,1,1,0,0,Home Win
2022-01-22,2021,AFC Bournemouth,Hull City,0,1,2,2,1,-1,2022,1,0,1,0,Away Win
2022-01-22,2021,Coventry City,Queens Park Rangers,1,2,2,2,3,-1,2022,1,0,1,0,Away Win
2022-01-22,2021,Reading,Huddersfield Town,3,4,2,2,7,-1,2022,1,0,1,0,Away Win
2022-01-22,2021,Sheffield United,Luton Town,2,0,2,2,2,2,2022,1,1,0,0,Home Win
2022-01-22,2021,Stoke City,Fulham,2,3,2,2,5,-1,2022,1,0,1,0,Away Win
2022-01-22,2021,Swansea City,Preston North End,1,0,2,2,1,1,2022,1,1,0,0,Home Win
2022-01-22,2021,West Bromwich Albion,Peterborough United,3,0,2,2,3,3,2022,1,1,0,0,Home Win
2022-01-22,2021,Burton Albion,AFC Wimbledon,1,1,3,3,2,0,2022,1,0,0,1,Draw
2022-01-22,2021,Cambridge United,Crewe Alexandra,1,0,3,3,1,1,2022,1,1,0,0,Home Win
2022-01-22,2021,Charlton Athletic,Fleetwood Town,2,0,3,3,2,2,2022,1,1,0,0,Home Win
2022-01-22,2021,Ipswich Town,Accrington,2,1,3,3,3,1,2022,1,1,0,0,Home Win
2022-01-22,2021,Milton Keynes Dons,Doncaster Rovers,0,1,3,3,1,-1,2022,1,0,1,0,Away Win
2022-01-22,2021,Morecambe,Wycombe Wanderers,3,2,3,3,5,1,2022,1,1,0,0,Home Win
2022-01-22,2021,Oxford United,Sheffield Wednesday,3,2,3,3,5,1,2022,1,1,0,0,Home Win
2022-01-22,2021,Plymouth Argyle,Lincoln City,1,2,3,3,3,-1,2022,1,0,1,0,Away Win
2022-01-22,2021,Rotherham United,Cheltenham,1,0,3,3,1,1,2022,1,1,0,0,Home Win
2022-01-22,2021,Shrewsbury Town,Bolton Wanderers,0,1,3,3,1,-1,2022,1,0,1,0,Away Win
2022-01-22,2021,Sunderland,Portsmouth,1,0,3,3,1,1,2022,1,1,0,0,Home Win
2022-01-22,2021,Wigan Athletic,Gillingham,3,2,3,3,5,1,2022,1,1,0,0,Home Win
2022-01-22,2021,Swindon Town,Bristol Rovers,1,1,4,4,2,0,2022,1,0,0,1,Draw
2022-01-22,2021,Barrow,Mansfield Town,1,3,4,4,4,-2,2022,1,0,1,0,Away Win
2022-01-22,2021,Crawley Town,Tranmere Rovers,0,1,4,4,1,-1,2022,1,0,1,0,Away Win
2022-01-22,2021,Forest Green Rovers,Carlisle United,3,0,4,4,3,3,2022,1,1,0,0,Home Win
2022-01-22,2021,Harrogate Town A.F.C.,Oldham Athletic,3,0,4,4,3,3,2022,1,1,0,0,Home Win
2022-01-22,2021,Hartlepool United,Stevenage Borough,1,1,4,4,2,0,2022,1,0,0,1,Draw
2022-01-22,2021,Leyton Orient,Port Vale,0,0,4,4,0,0,2022,1,0,0,1,Draw
2022-01-22,2021,Rochdale,Bradford City,0,0,4,4,0,0,2022,1,0,0,1,Draw
2022-01-22,2021,Salford City,Colchester United,0,3,4,4,3,-3,2022,1,0,1,0,Away Win
2022-01-22,2021,Scunthorpe United,Newport County,0,1,4,4,1,-1,2022,1,0,1,0,Away Win
2022-01-22,2021,Sutton United,Northampton Town,0,0,4,4,0,0,2022,1,0,0,1,Draw
2022-01-22,2021,Walsall,Exeter City,0,2,4,4,2,-2,2022,1,0,1,0,Away Win
2022-01-23,2021,Arsenal,Burnley,0,0,1,1,0,0,2022,1,0,0,1,Draw
2022-01-23,2021,Crystal Palace,Liverpool,1,3,1,1,4,-2,2022,1,0,1,0,Away Win
2022-01-23,2021,Leicester City,Brighton & Hove Albion,1,1,1,1,2,0,2022,1,0,0,1,Draw
2022-01-23,2021,Chelsea,Tottenham Hotspur,2,0,1,1,2,2,2022,1,1,0,0,Home Win
2022-01-24,2021,Blackburn Rovers,Middlesbrough,1,0,2,2,1,1,2022,1,1,0,0,Home Win
2022-01-25,2021,Birmingham City,Peterborough United,2,2,2,2,4,0,2022,1,0,0,1,Draw
2022-01-25,2021,Coventry City,Stoke City,1,0,2,2,1,1,2022,1,1,0,0,Home Win
2022-01-25,2021,Luton Town,Bristol City,2,1,2,2,3,1,2022,1,1,0,0,Home Win
2022-01-25,2021,Nottingham Forest,Barnsley,3,0,2,2,3,3,2022,1,1,0,0,Home Win
2022-01-25,2021,Queens Park Rangers,Swansea City,0,0,2,2,0,0,2022,1,0,0,1,Draw
2022-01-25,2021,AFC Wimbledon,Ipswich Town,0,2,3,3,2,-2,2022,1,0,1,0,Away Win
2022-01-25,2021,Burton Albion,Milton Keynes Dons,0,1,3,3,1,-1,2022,1,0,1,0,Away Win
2022-01-25,2021,Fleetwood Town,Plymouth Argyle,3,3,3,3,6,0,2022,1,0,0,1,Draw
2022-01-25,2021,Gillingham,Shrewsbury Town,0,0,3,3,0,0,2022,1,0,0,1,Draw
2022-01-25,2021,Barrow,Salford City,0,2,4,4,2,-2,2022,1,0,1,0,Away Win
2022-01-25,2021,Leyton Orient,Newport County,0,1,4,4,1,-1,2022,1,0,1,0,Away Win
2022-01-25,2021,Scunthorpe United,Bristol Rovers,2,3,4,4,5,-1,2022,1,0,1,0,Away Win
2022-01-25,2021,Walsall,Bradford City,1,2,4,4,3,-1,2022,1,0,1,0,Away Win
2022-01-26,2021,West Bromwich Albion,Preston North End,0,2,2,2,2,-2,2022,1,0,1,0,Away Win
2022-01-28,2021,Huddersfield Town,Stoke City,1,1,2,2,2,0,2022,1,0,0,1,Draw
2022-01-29,2021,Barnsley,AFC Bournemouth,0,1,2,2,1,-1,2022,1,0,1,0,Away Win
2022-01-29,2021,Fulham,Blackpool,1,1,2,2,2,0,2022,1,0,0,1,Draw
2022-01-29,2021,Hull City,Swansea City,2,0,2,2,2,2,2022,1,1,0,0,Home Win
2022-01-29,2021,Luton Town,Blackburn Rovers,0,0,2,2,0,0,2022,1,0,0,1,Draw
2022-01-29,2021,Middlesbrough,Coventry City,1,0,2,2,1,1,2022,1,1,0,0,Home Win
2022-01-29,2021,Millwall,West Bromwich Albion,2,0,2,2,2,2,2022,1,1,0,0,Home Win
2022-01-29,2021,Preston North End,Bristol City,2,2,2,2,4,0,2022,1,0,0,1,Draw
2022-01-29,2021,Queens Park Rangers,Reading,4,0,2,2,4,4,2022,1,1,0,0,Home Win
2022-01-29,2021,Peterborough United,Sheffield United,0,2,2,2,2,-2,2022,1,0,1,0,Away Win
2022-01-29,2021,Accrington,Morecambe,2,2,3,3,4,0,2022,1,0,0,1,Draw
2022-01-29,2021,AFC Wimbledon,Shrewsbury Town,1,1,3,3,2,0,2022,1,0,0,1,Draw
2022-01-29,2021,Bolton Wanderers,Sunderland,6,0,3,3,6,6,2022,1,1,0,0,Home Win
2022-01-29,2021,Cheltenham,Wigan Athletic,0,0,3,3,0,0,2022,1,0,0,1,Draw
2022-01-29,2021,Crewe Alexandra,Rotherham United,0,2,3,3,2,-2,2022,1,0,1,0,Away Win
2022-01-29,2021,Doncaster Rovers,Plymouth Argyle,1,3,3,3,4,-2,2022,1,0,1,0,Away Win
2022-01-29,2021,Fleetwood Town,Cambridge United,1,1,3,3,2,0,2022,1,0,0,1,Draw
2022-01-29,2021,Gillingham,Oxford United,2,7,3,3,9,-5,2022,1,0,1,0,Away Win
2022-01-29,2021,Lincoln City,Burton Albion,1,2,3,3,3,-1,2022,1,0,1,0,Away Win
2022-01-29,2021,Sheffield Wednesday,Ipswich Town,1,0,3,3,1,1,2022,1,1,0,0,Home Win
2022-01-29,2021,Wycombe Wanderers,Milton Keynes Dons,0,1,3,3,1,-1,2022,1,0,1,0,Away Win
2022-01-29,2021,Bradford City,Crawley Town,1,2,4,4,3,-1,2022,1,0,1,0,Away Win
2022-01-29,2021,Bristol Rovers,Walsall,1,0,4,4,1,1,2022,1,1,0,0,Home Win
2022-01-29,2021,Carlisle United,Sutton United,0,2,4,4,2,-2,2022,1,0,1,0,Away Win
2022-01-29,2021,Colchester United,Swindon Town,1,1,4,4,2,0,2022,1,0,0,1,Draw
2022-01-29,2021,Exeter City,Hartlepool United,0,0,4,4,0,0,2022,1,0,0,1,Draw
2022-01-29,2021,Mansfield Town,Leyton Orient,2,0,4,4,2,2,2022,1,1,0,0,Home Win
2022-01-29,2021,Newport County,Barrow,2,1,4,4,3,1,2022,1,1,0,0,Home Win
2022-01-29,2021,Northampton Town,Salford City,1,0,4,4,1,1,2022,1,1,0,0,Home Win
2022-01-29,2021,Oldham Athletic,Rochdale,0,0,4,4,0,0,2022,1,0,0,1,Draw
2022-01-29,2021,Port Vale,Scunthorpe United,1,0,4,4,1,1,2022,1,1,0,0,Home Win
2022-01-29,2021,Stevenage Borough,Harrogate Town A.F.C.,3,0,4,4,3,3,2022,1,1,0,0,Home Win
2022-01-29,2021,Tranmere Rovers,Forest Green Rovers,0,4,4,4,4,-4,2022,1,0,1,0,Away Win
2022-01-30,2021,Derby County,Birmingham City,2,2,2,2,4,0,2022,1,0,0,1,Draw
2022-01-30,2021,Cardiff City,Nottingham Forest,2,1,2,2,3,1,2022,1,1,0,0,Home Win
2022-01-31,2021,Portsmouth,Charlton Athletic,1,2,3,3,3,-1,2022,1,0,1,0,Away Win
2022-02-01,2021,Millwall,Preston North End,0,0,2,2,0,0,2022,2,0,0,1,Draw
2022-02-01,2021,Swansea City,Luton Town,0,1,2,2,1,-1,2022,2,0,1,0,Away Win
2022-02-01,2021,AFC Wimbledon,Cheltenham,2,2,3,3,4,0,2022,2,0,0,1,Draw
2022-02-01,2021,Doncaster Rovers,Rotherham United,0,5,3,3,5,-5,2022,2,0,1,0,Away Win
2022-02-01,2021,Gillingham,Crewe Alexandra,1,0,3,3,1,1,2022,2,1,0,0,Home Win
2022-02-01,2021,Sheffield Wednesday,Morecambe,2,0,3,3,2,2,2022,2,1,0,0,Home Win
2022-02-01,2021,Wigan Athletic,Oxford United,1,1,3,3,2,0,2022,2,0,0,1,Draw
2022-02-01,2021,Bolton Wanderers,Cambridge United,2,0,3,3,2,2,2022,2,1,0,0,Home Win
2022-02-01,2021,Bradford City,Leyton Orient,1,1,4,4,2,0,2022,2,0,0,1,Draw
2022-02-01,2021,Colchester United,Rochdale,1,1,4,4,2,0,2022,2,0,0,1,Draw
2022-02-01,2021,Harrogate Town A.F.C.,Mansfield Town,0,0,4,4,0,0,2022,2,0,0,1,Draw
2022-02-01,2021,Northampton Town,Barrow,0,1,4,4,1,-1,2022,2,0,1,0,Away Win
2022-02-01,2021,Port Vale,Forest Green Rovers,1,1,4,4,2,0,2022,2,0,0,1,Draw
2022-02-01,2021,Salford City,Carlisle United,2,1,4,4,3,1,2022,2,1,0,0,Home Win
2022-02-01,2021,Swindon Town,Crawley Town,1,1,4,4,2,0,2022,2,0,0,1,Draw
2022-02-01,2021,Tranmere Rovers,Stevenage Borough,1,0,4,4,1,1,2022,2,1,0,0,Home Win
2022-02-02,2021,Barnsley,Cardiff City,0,1,2,2,1,-1,2022,2,0,1,0,Away Win
2022-02-02,2021,Huddersfield Town,Derby County,2,0,2,2,2,2,2022,2,1,0,0,Home Win
2022-02-04,2021,Birmingham City,Sheffield United,1,2,2,2,3,-1,2022,2,0,1,0,Away Win
2022-02-05,2021,Burnley,Watford,0,0,1,1,0,0,2022,2,0,0,1,Draw
2022-02-05,2021,Blackpool,Bristol City,3,1,2,2,4,2,2022,2,1,0,0,Home Win
2022-02-05,2021,Hull City,Preston North End,0,1,2,2,1,-1,2022,2,0,1,0,Away Win
2022-02-05,2021,Swansea City,Blackburn Rovers,1,0,2,2,1,1,2022,2,1,0,0,Home Win
2022-02-05,2021,Burton Albion,Sheffield Wednesday,0,2,3,3,2,-2,2022,2,0,1,0,Away Win
2022-02-05,2021,Charlton Athletic,AFC Wimbledon,3,2,3,3,5,1,2022,2,1,0,0,Home Win
2022-02-05,2021,Ipswich Town,Gillingham,1,0,3,3,1,1,2022,2,1,0,0,Home Win
2022-02-05,2021,Milton Keynes Dons,Lincoln City,2,1,3,3,3,1,2022,2,1,0,0,Home Win
2022-02-05,2021,Morecambe,Bolton Wanderers,1,1,3,3,2,0,2022,2,0,0,1,Draw
2022-02-05,2021,Oxford United,Portsmouth,3,2,3,3,5,1,2022,2,1,0,0,Home Win
2022-02-05,2021,Rotherham United,Accrington,1,0,3,3,1,1,2022,2,1,0,0,Home Win
2022-02-05,2021,Shrewsbury Town,Fleetwood Town,1,1,3,3,2,0,2022,2,0,0,1,Draw
2022-02-05,2021,Sunderland,Doncaster Rovers,1,2,3,3,3,-1,2022,2,0,1,0,Away Win
2022-02-05,2021,Harrogate Town A.F.C.,Bradford City,2,0,4,4,2,2,2022,2,1,0,0,Home Win
2022-02-05,2021,Barrow,Tranmere Rovers,1,1,4,4,2,0,2022,2,0,0,1,Draw
2022-02-05,2021,Crawley Town,Stevenage Borough,2,2,4,4,4,0,2022,2,0,0,1,Draw
2022-02-05,2021,Forest Green Rovers,Newport County,2,0,4,4,2,2,2022,2,1,0,0,Home Win
2022-02-05,2021,Leyton Orient,Colchester United,0,1,4,4,1,-1,2022,2,0,1,0,Away Win
2022-02-05,2021,Scunthorpe United,Oldham Athletic,0,1,4,4,1,-1,2022,2,0,1,0,Away Win
2022-02-05,2021,Sutton United,Bristol Rovers,1,1,4,4,2,0,2022,2,0,0,1,Draw
2022-02-05,2021,Swindon Town,Exeter City,1,2,4,4,3,-1,2022,2,0,1,0,Away Win
2022-02-05,2021,Walsall,Northampton Town,0,1,4,4,1,-1,2022,2,0,1,0,Away Win
2022-02-08,2021,Newcastle United,Everton,3,1,1,1,4,2,2022,2,1,0,0,Home Win
2022-02-08,2021,West Ham United,Watford,1,0,1,1,1,1,2022,2,1,0,0,Home Win
2022-02-08,2021,Burnley,Manchester United,1,1,1,1,2,0,2022,2,0,0,1,Draw
2022-02-08,2021,Coventry City,Blackpool,1,1,2,2,2,0,2022,2,0,0,1,Draw
2022-02-08,2021,Derby County,Hull City,3,1,2,2,4,2,2022,2,1,0,0,Home Win
2022-02-08,2021,Fulham,Millwall,3,0,2,2,3,3,2022,2,1,0,0,Home Win
2022-02-08,2021,Luton Town,Barnsley,2,1,2,2,3,1,2022,2,1,0,0,Home Win
2022-02-08,2021,Stoke City,Swansea City,3,0,2,2,3,3,2022,2,1,0,0,Home Win
2022-02-08,2021,Accrington,Oxford United,2,0,3,3,2,2,2022,2,1,0,0,Home Win
2022-02-08,2021,AFC Wimbledon,Rotherham United,0,1,3,3,1,-1,2022,2,0,1,0,Away Win
2022-02-08,2021,Cheltenham,Sunderland,2,1,3,3,3,1,2022,2,1,0,0,Home Win
2022-02-08,2021,Crewe Alexandra,Plymouth Argyle,1,4,3,3,5,-3,2022,2,0,1,0,Away Win
2022-02-08,2021,Doncaster Rovers,Ipswich Town,0,1,3,3,1,-1,2022,2,0,1,0,Away Win
2022-02-08,2021,Fleetwood Town,Milton Keynes Dons,1,1,3,3,2,0,2022,2,0,0,1,Draw
2022-02-08,2021,Gillingham,Cambridge United,1,0,3,3,1,1,2022,2,1,0,0,Home Win
2022-02-08,2021,Lincoln City,Morecambe,2,1,3,3,3,1,2022,2,1,0,0,Home Win
2022-02-08,2021,Portsmouth,Burton Albion,2,1,3,3,3,1,2022,2,1,0,0,Home Win
2022-02-08,2021,Sheffield Wednesday,Wigan Athletic,1,0,3,3,1,1,2022,2,1,0,0,Home Win
2022-02-08,2021,Wycombe Wanderers,Shrewsbury Town,0,0,3,3,0,0,2022,2,0,0,1,Draw
2022-02-08,2021,Bolton Wanderers,Charlton Athletic,2,1,3,3,3,1,2022,2,1,0,0,Home Win
2022-02-08,2021,Carlisle United,Port Vale,1,3,4,4,4,-2,2022,2,0,1,0,Away Win
2022-02-08,2021,Exeter City,Leyton Orient,1,0,4,4,1,1,2022,2,1,0,0,Home Win
2022-02-08,2021,Forest Green Rovers,Rochdale,2,1,4,4,3,1,2022,2,1,0,0,Home Win
2022-02-08,2021,Harrogate Town A.F.C.,Crawley Town,1,3,4,4,4,-2,2022,2,0,1,0,Away Win
2022-02-08,2021,Hartlepool United,Barrow,3,1,4,4,4,2,2022,2,1,0,0,Home Win
2022-02-08,2021,Mansfield Town,Colchester United,2,1,4,4,3,1,2022,2,1,0,0,Home Win
2022-02-08,2021,Northampton Town,Newport County,1,0,4,4,1,1,2022,2,1,0,0,Home Win
2022-02-08,2021,Oldham Athletic,Bristol Rovers,2,1,4,4,3,1,2022,2,1,0,0,Home Win
2022-02-08,2021,Scunthorpe United,Walsall,1,0,4,4,1,1,2022,2,1,0,0,Home Win
2022-02-08,2021,Stevenage Borough,Bradford City,0,1,4,4,1,-1,2022,2,0,1,0,Away Win
2022-02-08,2021,Sutton United,Salford City,0,0,4,4,0,0,2022,2,0,0,1,Draw
2022-02-08,2021,Tranmere Rovers,Swindon Town,3,0,4,4,3,3,2022,2,1,0,0,Home Win
2022-02-09,2021,Manchester City,Brentford,2,0,1,1,2,2,2022,2,1,0,0,Home Win
2022-02-09,2021,Norwich City,Crystal Palace,1,1,1,1,2,0,2022,2,0,0,1,Draw
2022-02-09,2021,Tottenham Hotspur,Southampton,2,3,1,1,5,-1,2022,2,0,1,0,Away Win
2022-02-09,2021,Aston Villa,Leeds United,3,3,1,1,6,0,2022,2,0,0,1,Draw
2022-02-09,2021,Blackburn Rovers,Nottingham Forest,0,2,2,2,2,-2,2022,2,0,1,0,Away Win
2022-02-09,2021,AFC Bournemouth,Birmingham City,3,1,2,2,4,2,2022,2,1,0,0,Home Win
2022-02-09,2021,Bristol City,Reading,2,1,2,2,3,1,2022,2,1,0,0,Home Win
2022-02-09,2021,Cardiff City,Peterborough United,4,0,2,2,4,4,2022,2,1,0,0,Home Win
2022-02-09,2021,Preston North End,Huddersfield Town,0,0,2,2,0,0,2022,2,0,0,1,Draw
2022-02-09,2021,Queens Park Rangers,Middlesbrough,2,2,2,2,4,0,2022,2,0,0,1,Draw
2022-02-09,2021,Sheffield United,West Bromwich Albion,2,0,2,2,2,2,2022,2,1,0,0,Home Win
2022-02-10,2021,Liverpool,Leicester City,2,0,1,1,2,2,2022,2,1,0,0,Home Win
2022-02-10,2021,Wolverhampton Wanderers,Arsenal,0,1,1,1,1,-1,2022,2,0,1,0,Away Win
2022-02-12,2021,Manchester United,Southampton,1,1,1,1,2,0,2022,2,0,0,1,Draw
2022-02-12,2021,Brentford,Crystal Palace,0,0,1,1,0,0,2022,2,0,0,1,Draw
2022-02-12,2021,Everton,Leeds United,3,0,1,1,3,3,2022,2,1,0,0,Home Win
2022-02-12,2021,Watford,Brighton & Hove Albion,0,2,1,1,2,-2,2022,2,0,1,0,Away Win
2022-02-12,2021,Norwich City,Manchester City,0,4,1,1,4,-4,2022,2,0,1,0,Away Win
2022-02-12,2021,Huddersfield Town,Sheffield United,0,0,2,2,0,0,2022,2,0,0,1,Draw
2022-02-12,2021,Barnsley,Queens Park Rangers,1,0,2,2,1,1,2022,2,1,0,0,Home Win
2022-02-12,2021,Birmingham City,Luton Town,3,0,2,2,3,3,2022,2,1,0,0,Home Win
2022-02-12,2021,Blackpool,AFC Bournemouth,1,2,2,2,3,-1,2022,2,0,1,0,Away Win
2022-02-12,2021,Hull City,Fulham,0,1,2,2,1,-1,2022,2,0,1,0,Away Win
2022-02-12,2021,Middlesbrough,Derby County,4,1,2,2,5,3,2022,2,1,0,0,Home Win
2022-02-12,2021,Millwall,Cardiff City,2,1,2,2,3,1,2022,2,1,0,0,Home Win
2022-02-12,2021,Nottingham Forest,Stoke City,2,2,2,2,4,0,2022,2,0,0,1,Draw
2022-02-12,2021,Peterborough United,Preston North End,0,1,2,2,1,-1,2022,2,0,1,0,Away Win
2022-02-12,2021,Reading,Coventry City,2,3,2,2,5,-1,2022,2,0,1,0,Away Win
2022-02-12,2021,Accrington,Crewe Alexandra,4,1,3,3,5,3,2022,2,1,0,0,Home Win
2022-02-12,2021,AFC Wimbledon,Sunderland,1,1,3,3,2,0,2022,2,0,0,1,Draw
2022-02-12,2021,Burton Albion,Cambridge United,2,2,3,3,4,0,2022,2,0,0,1,Draw
2022-02-12,2021,Cheltenham,Fleetwood Town,2,0,3,3,2,2,2022,2,1,0,0,Home Win
2022-02-12,2021,Lincoln City,Wycombe Wanderers,1,1,3,3,2,0,2022,2,0,0,1,Draw
2022-02-12,2021,Milton Keynes Dons,Ipswich Town,0,0,3,3,0,0,2022,2,0,0,1,Draw
2022-02-12,2021,Morecambe,Gillingham,1,1,3,3,2,0,2022,2,0,0,1,Draw
2022-02-12,2021,Oxford United,Bolton Wanderers,2,3,3,3,5,-1,2022,2,0,1,0,Away Win
2022-02-12,2021,Plymouth Argyle,Shrewsbury Town,1,0,3,3,1,1,2022,2,1,0,0,Home Win
2022-02-12,2021,Portsmouth,Doncaster Rovers,4,0,3,3,4,4,2022,2,1,0,0,Home Win
2022-02-12,2021,Wigan Athletic,Charlton Athletic,2,1,3,3,3,1,2022,2,1,0,0,Home Win
2022-02-12,2021,Barrow,Stevenage Borough,0,0,4,4,0,0,2022,2,0,0,1,Draw
2022-02-12,2021,Bradford City,Exeter City,0,1,4,4,1,-1,2022,2,0,1,0,Away Win
2022-02-12,2021,Bristol Rovers,Mansfield Town,0,0,4,4,0,0,2022,2,0,0,1,Draw
2022-02-12,2021,Colchester United,Carlisle United,2,2,4,4,4,0,2022,2,0,0,1,Draw
2022-02-12,2021,Crawley Town,Hartlepool United,0,1,4,4,1,-1,2022,2,0,1,0,Away Win
2022-02-12,2021,Leyton Orient,Salford City,0,2,4,4,2,-2,2022,2,0,1,0,Away Win
2022-02-12,2021,Newport County,Oldham Athletic,3,3,4,4,6,0,2022,2,0,0,1,Draw
2022-02-12,2021,Port Vale,Northampton Town,0,0,4,4,0,0,2022,2,0,0,1,Draw
2022-02-12,2021,Rochdale,Harrogate Town A.F.C.,3,3,4,4,6,0,2022,2,0,0,1,Draw
2022-02-12,2021,Sutton United,Forest Green Rovers,1,1,4,4,2,0,2022,2,0,0,1,Draw
2022-02-12,2021,Swindon Town,Scunthorpe United,3,0,4,4,3,3,2022,2,1,0,0,Home Win
2022-02-12,2021,Walsall,Tranmere Rovers,1,0,4,4,1,1,2022,2,1,0,0,Home Win
2022-02-13,2021,Burnley,Liverpool,0,1,1,1,1,-1,2022,2,0,1,0,Away Win
2022-02-13,2021,Newcastle United,Aston Villa,1,0,1,1,1,1,2022,2,1,0,0,Home Win
2022-02-13,2021,Tottenham Hotspur,Wolverhampton Wanderers,0,2,1,1,2,-2,2022,2,0,1,0,Away Win
2022-02-13,2021,Leicester City,West Ham United,2,2,1,1,4,0,2022,2,0,0,1,Draw
2022-02-13,2021,Swansea City,Bristol City,3,1,2,2,4,2,2022,2,1,0,0,Home Win
2022-02-13,2021,Sheffield Wednesday,Rotherham United,0,2,3,3,2,-2,2022,2,0,1,0,Away Win
2022-02-14,2021,West Bromwich Albion,Blackburn Rovers,0,0,2,2,0,0,2022,2,0,0,1,Draw
2022-02-15,2021,Manchester United,Brighton & Hove Albion,2,0,1,1,2,2,2022,2,1,0,0,Home Win
2022-02-15,2021,Cardiff City,Coventry City,2,0,2,2,2,2,2022,2,1,0,0,Home Win
2022-02-15,2021,Millwall,Queens Park Rangers,2,0,2,2,2,2,2022,2,1,0,0,Home Win
2022-02-15,2021,Sheffield United,Hull City,0,0,2,2,0,0,2022,2,0,0,1,Draw
2022-02-15,2021,Burton Albion,Bolton Wanderers,3,1,3,3,4,2,2022,2,1,0,0,Home Win
2022-02-15,2021,Lincoln City,Doncaster Rovers,0,1,3,3,1,-1,2022,2,0,1,0,Away Win
2022-02-15,2021,Wigan Athletic,Crewe Alexandra,2,0,3,3,2,2,2022,2,1,0,0,Home Win
2022-02-15,2021,Bristol Rovers,Sutton United,2,0,4,4,2,2,2022,2,1,0,0,Home Win
2022-02-15,2021,Exeter City,Harrogate Town A.F.C.,4,3,4,4,7,1,2022,2,1,0,0,Home Win
2022-02-15,2021,Hartlepool United,Tranmere Rovers,1,0,4,4,1,1,2022,2,1,0,0,Home Win
2022-02-16,2021,Peterborough United,Reading,0,0,2,2,0,0,2022,2,0,0,1,Draw
2022-02-18,2021,Rotherham United,Wigan Athletic,1,1,3,3,2,0,2022,2,0,0,1,Draw
2022-02-19,2021,West Ham United,Newcastle United,1,1,1,1,2,0,2022,2,0,0,1,Draw
2022-02-19,2021,Arsenal,Brentford,2,1,1,1,3,1,2022,2,1,0,0,Home Win
2022-02-19,2021,Aston Villa,Watford,0,1,1,1,1,-1,2022,2,0,1,0,Away Win
2022-02-19,2021,Brighton & Hove Albion,Burnley,0,3,1,1,3,-3,2022,2,0,1,0,Away Win
2022-02-19,2021,Crystal Palace,Chelsea,0,1,1,1,1,-1,2022,2,0,1,0,Away Win
2022-02-19,2021,Liverpool,Norwich City,3,1,1,1,4,2,2022,2,1,0,0,Home Win
2022-02-19,2021,Southampton,Everton,2,0,1,1,2,2,2022,2,1,0,0,Home Win
2022-02-19,2021,Manchester City,Tottenham Hotspur,2,3,1,1,5,-1,2022,2,0,1,0,Away Win
2022-02-19,2021,Fulham,Huddersfield Town,1,2,2,2,3,-1,2022,2,0,1,0,Away Win
2022-02-19,2021,Bristol City,Middlesbrough,2,1,2,2,3,1,2022,2,1,0,0,Home Win
2022-02-19,2021,Cardiff City,Blackpool,1,1,2,2,2,0,2022,2,0,0,1,Draw
2022-02-19,2021,Coventry City,Barnsley,1,0,2,2,1,1,2022,2,1,0,0,Home Win
2022-02-19,2021,Derby County,Peterborough United,1,0,2,2,1,1,2022,2,1,0,0,Home Win
2022-02-19,2021,Luton Town,West Bromwich Albion,2,0,2,2,2,2,2022,2,1,0,0,Home Win
2022-02-19,2021,Preston North End,Reading,2,3,2,2,5,-1,2022,2,0,1,0,Away Win
2022-02-19,2021,Queens Park Rangers,Hull City,1,1,2,2,2,0,2022,2,0,0,1,Draw
2022-02-19,2021,Sheffield United,Swansea City,4,0,2,2,4,4,2022,2,1,0,0,Home Win
2022-02-19,2021,Stoke City,Birmingham City,2,2,2,2,4,0,2022,2,0,0,1,Draw
2022-02-19,2021,Bolton Wanderers,AFC Wimbledon,4,0,3,3,4,4,2022,2,1,0,0,Home Win
2022-02-19,2021,Cambridge United,Accrington,2,0,3,3,2,2,2022,2,1,0,0,Home Win
2022-02-19,2021,Charlton Athletic,Oxford United,0,4,3,3,4,-4,2022,2,0,1,0,Away Win
2022-02-19,2021,Doncaster Rovers,Sheffield Wednesday,1,3,3,3,4,-2,2022,2,0,1,0,Away Win
2022-02-19,2021,Gillingham,Plymouth Argyle,0,2,3,3,2,-2,2022,2,0,1,0,Away Win
2022-02-19,2021,Ipswich Town,Burton Albion,3,0,3,3,3,3,2022,2,1,0,0,Home Win
2022-02-19,2021,Sunderland,Milton Keynes Dons,1,2,3,3,3,-1,2022,2,0,1,0,Away Win
2022-02-19,2021,Wycombe Wanderers,Cheltenham,5,5,3,3,10,0,2022,2,0,0,1,Draw
2022-02-19,2021,Northampton Town,Colchester United,3,0,4,4,3,3,2022,2,1,0,0,Home Win
2022-02-19,2021,Carlisle United,Swindon Town,0,3,4,4,3,-3,2022,2,0,1,0,Away Win
2022-02-19,2021,Forest Green Rovers,Walsall,0,1,4,4,1,-1,2022,2,0,1,0,Away Win
2022-02-19,2021,Hartlepool United,Sutton United,1,1,4,4,2,0,2022,2,0,0,1,Draw
2022-02-19,2021,Newport County,Mansfield Town,1,1,4,4,2,0,2022,2,0,0,1,Draw
2022-02-19,2021,Oldham Athletic,Bradford City,2,0,4,4,2,2,2022,2,1,0,0,Home Win
2022-02-19,2021,Scunthorpe United,Rochdale,1,2,4,4,3,-1,2022,2,0,1,0,Away Win
2022-02-19,2021,Stevenage Borough,Bristol Rovers,0,4,4,4,4,-4,2022,2,0,1,0,Away Win
2022-02-19,2021,Tranmere Rovers,Port Vale,1,1,4,4,2,0,2022,2,0,0,1,Draw
2022-02-20,2021,Leeds United,Manchester United,2,4,1,1,6,-2,2022,2,0,1,0,Away Win
2022-02-20,2021,Wolverhampton Wanderers,Leicester City,2,1,1,1,3,1,2022,2,1,0,0,Home Win
2022-02-22,2021,Bristol City,Coventry City,1,2,2,2,3,-1,2022,2,0,1,0,Away Win
2022-02-22,2021,Hull City,Barnsley,0,2,2,2,2,-2,2022,2,0,1,0,Away Win
2022-02-22,2021,Middlesbrough,West Bromwich Albion,2,1,2,2,3,1,2022,2,1,0,0,Home Win
2022-02-22,2021,Preston North End,Nottingham Forest,0,0,2,2,0,0,2022,2,0,0,1,Draw
2022-02-22,2021,Reading,Birmingham City,2,1,2,2,3,1,2022,2,1,0,0,Home Win
2022-02-22,2021,Cambridge United,Plymouth Argyle,2,0,3,3,2,2,2022,2,1,0,0,Home Win
2022-02-22,2021,Charlton Athletic,Milton Keynes Dons,0,2,3,3,2,-2,2022,2,0,1,0,Away Win
2022-02-22,2021,Crewe Alexandra,Oxford United,0,1,3,3,1,-1,2022,2,0,1,0,Away Win
2022-02-22,2021,Doncaster Rovers,Accrington,2,0,3,3,2,2,2022,2,1,0,0,Home Win
2022-02-22,2021,Gillingham,AFC Wimbledon,0,0,3,3,0,0,2022,2,0,0,1,Draw
2022-02-22,2021,Ipswich Town,Cheltenham,0,0,3,3,0,0,2022,2,0,0,1,Draw
2022-02-22,2021,Rotherham United,Morecambe,2,0,3,3,2,2,2022,2,1,0,0,Home Win
2022-02-22,2021,Shrewsbury Town,Portsmouth,1,2,3,3,3,-1,2022,2,0,1,0,Away Win
2022-02-22,2021,Sunderland,Burton Albion,1,1,3,3,2,0,2022,2,0,0,1,Draw
2022-02-22,2021,Wycombe Wanderers,Wigan Athletic,1,3,3,3,4,-2,2022,2,0,1,0,Away Win
2022-02-22,2021,Bolton Wanderers,Lincoln City,3,1,3,3,4,2,2022,2,1,0,0,Home Win
2022-02-22,2021,Bradford City,Harrogate Town A.F.C.,1,3,4,4,4,-2,2022,2,0,1,0,Away Win
2022-02-22,2021,Colchester United,Hartlepool United,1,2,4,4,3,-1,2022,2,0,1,0,Away Win
2022-02-22,2021,Leyton Orient,Bristol Rovers,0,2,4,4,2,-2,2022,2,0,1,0,Away Win
2022-02-22,2021,Rochdale,Port Vale,1,1,4,4,2,0,2022,2,0,0,1,Draw
2022-02-22,2021,Scunthorpe United,Northampton Town,0,0,4,4,0,0,2022,2,0,0,1,Draw
2022-02-22,2021,Swindon Town,Walsall,5,0,4,4,5,5,2022,2,1,0,0,Home Win
2022-02-23,2021,Burnley,Tottenham Hotspur,1,0,1,1,1,1,2022,2,1,0,0,Home Win
2022-02-23,2021,Watford,Crystal Palace,1,4,1,1,5,-3,2022,2,0,1,0,Away Win
2022-02-23,2021,Liverpool,Leeds United,6,0,1,1,6,6,2022,2,1,0,0,Home Win
2022-02-23,2021,Derby County,Millwall,1,2,2,2,3,-1,2022,2,0,1,0,Away Win
2022-02-23,2021,Fulham,Peterborough United,2,1,2,2,3,1,2022,2,1,0,0,Home Win
2022-02-23,2021,Huddersfield Town,Cardiff City,2,1,2,2,3,1,2022,2,1,0,0,Home Win
2022-02-23,2021,Queens Park Rangers,Blackpool,2,1,2,2,3,1,2022,2,1,0,0,Home Win
2022-02-23,2021,Sheffield United,Blackburn Rovers,1,0,2,2,1,1,2022,2,1,0,0,Home Win
2022-02-23,2021,Stoke City,Luton Town,1,2,2,2,3,-1,2022,2,0,1,0,Away Win
2022-02-24,2021,Arsenal,Wolverhampton Wanderers,2,1,1,1,3,1,2022,2,1,0,0,Home Win
2022-02-25,2021,Southampton,Norwich City,2,0,1,1,2,2,2022,2,1,0,0,Home Win
2022-02-26,2021,Leeds United,Tottenham Hotspur,0,4,1,1,4,-4,2022,2,0,1,0,Away Win
2022-02-26,2021,Brentford,Newcastle United,0,2,1,1,2,-2,2022,2,0,1,0,Away Win
2022-02-26,2021,Crystal Palace,Burnley,1,1,1,1,2,0,2022,2,0,0,1,Draw
2022-02-26,2021,Manchester United,Watford,0,0,1,1,0,0,2022,2,0,0,1,Draw
2022-02-26,2021,Brighton & Hove Albion,Aston Villa,0,2,1,1,2,-2,2022,2,0,1,0,Away Win
2022-02-26,2021,Everton,Manchester City,0,1,1,1,1,-1,2022,2,0,1,0,Away Win
2022-02-26,2021,Blackburn Rovers,Queens Park Rangers,1,0,2,2,1,1,2022,2,1,0,0,Home Win
2022-02-26,2021,Barnsley,Middlesbrough,3,2,2,2,5,1,2022,2,1,0,0,Home Win
2022-02-26,2021,Birmingham City,Huddersfield Town,0,2,2,2,2,-2,2022,2,0,1,0,Away Win
2022-02-26,2021,Blackpool,Reading,4,1,2,2,5,3,2022,2,1,0,0,Home Win
2022-02-26,2021,AFC Bournemouth,Stoke City,2,1,2,2,3,1,2022,2,1,0,0,Home Win
2022-02-26,2021,Cardiff City,Fulham,0,1,2,2,1,-1,2022,2,0,1,0,Away Win
2022-02-26,2021,Coventry City,Preston North End,1,1,2,2,2,0,2022,2,0,0,1,Draw
2022-02-26,2021,Luton Town,Derby County,1,0,2,2,1,1,2022,2,1,0,0,Home Win
2022-02-26,2021,Millwall,Sheffield United,1,0,2,2,1,1,2022,2,1,0,0,Home Win
2022-02-26,2021,Nottingham Forest,Bristol City,2,0,2,2,2,2,2022,2,1,0,0,Home Win
2022-02-26,2021,Peterborough United,Hull City,0,3,2,2,3,-3,2022,2,0,1,0,Away Win
2022-02-26,2021,Accrington,Wycombe Wanderers,3,2,3,3,5,1,2022,2,1,0,0,Home Win
2022-02-26,2021,AFC Wimbledon,Doncaster Rovers,2,2,3,3,4,0,2022,2,0,0,1,Draw
2022-02-26,2021,Burton Albion,Shrewsbury Town,0,2,3,3,2,-2,2022,2,0,1,0,Away Win
2022-02-26,2021,Cheltenham,Crewe Alexandra,1,2,3,3,3,-1,2022,2,0,1,0,Away Win
2022-02-26,2021,Lincoln City,Gillingham,0,2,3,3,2,-2,2022,2,0,1,0,Away Win
2022-02-26,2021,Milton Keynes Dons,Bolton Wanderers,2,0,3,3,2,2,2022,2,1,0,0,Home Win
2022-02-26,2021,Morecambe,Ipswich Town,1,1,3,3,2,0,2022,2,0,0,1,Draw
2022-02-26,2021,Oxford United,Cambridge United,4,2,3,3,6,2,2022,2,1,0,0,Home Win
2022-02-26,2021,Plymouth Argyle,Rotherham United,0,1,3,3,1,-1,2022,2,0,1,0,Away Win
2022-02-26,2021,Portsmouth,Fleetwood Town,3,3,3,3,6,0,2022,2,0,0,1,Draw
2022-02-26,2021,Sheffield Wednesday,Charlton Athletic,2,0,3,3,2,2,2022,2,1,0,0,Home Win
2022-02-26,2021,Wigan Athletic,Sunderland,0,3,3,3,3,-3,2022,2,0,1,0,Away Win
2022-02-26,2021,Barrow,Harrogate Town A.F.C.,0,0,4,4,0,0,2022,2,0,0,1,Draw
2022-02-26,2021,Bradford City,Mansfield Town,0,2,4,4,2,-2,2022,2,0,1,0,Away Win
2022-02-26,2021,Bristol Rovers,Exeter City,1,1,4,4,2,0,2022,2,0,0,1,Draw
2022-02-26,2021,Colchester United,Oldham Athletic,1,1,4,4,2,0,2022,2,0,0,1,Draw
2022-02-26,2021,Crawley Town,Forest Green Rovers,2,1,4,4,3,1,2022,2,1,0,0,Home Win
2022-02-26,2021,Leyton Orient,Carlisle United,0,1,4,4,1,-1,2022,2,0,1,0,Away Win
2022-02-26,2021,Newport County,Tranmere Rovers,4,2,4,4,6,2,2022,2,1,0,0,Home Win
2022-02-26,2021,Port Vale,Stevenage Borough,2,0,4,4,2,2,2022,2,1,0,0,Home Win
2022-02-26,2021,Rochdale,Northampton Town,1,0,4,4,1,1,2022,2,1,0,0,Home Win
2022-02-26,2021,Sutton United,Scunthorpe United,4,1,4,4,5,3,2022,2,1,0,0,Home Win
2022-02-26,2021,Swindon Town,Salford City,1,2,4,4,3,-1,2022,2,0,1,0,Away Win
2022-02-26,2021,Walsall,Hartlepool United,3,1,4,4,4,2,2022,2,1,0,0,Home Win
2022-02-27,2021,West Ham United,Wolverhampton Wanderers,1,0,1,1,1,1,2022,2,1,0,0,Home Win
2022-02-28,2021,West Bromwich Albion,Swansea City,0,2,2,2,2,-2,2022,2,0,1,0,Away Win
2022-03-01,2021,Burnley,Leicester City,0,2,1,1,2,-2,2022,3,0,1,0,Away Win
2022-03-01,2021,Cardiff City,Derby County,1,0,2,2,1,1,2022,3,1,0,0,Home Win
2022-03-01,2021,Portsmouth,Oxford United,3,2,3,3,5,1,2022,3,1,0,0,Home Win
2022-03-01,2021,Sheffield Wednesday,Burton Albion,5,2,3,3,7,3,2022,3,1,0,0,Home Win
2022-03-01,2021,Shrewsbury Town,Rotherham United,0,0,3,3,0,0,2022,3,0,0,1,Draw
2022-03-01,2021,Wigan Athletic,Fleetwood Town,2,0,3,3,2,2,2022,3,1,0,0,Home Win
2022-03-01,2021,Wycombe Wanderers,Cambridge United,3,0,3,3,3,3,2022,3,1,0,0,Home Win
2022-03-01,2021,Bristol Rovers,Barrow,1,0,4,4,1,1,2022,3,1,0,0,Home Win
2022-03-01,2021,Carlisle United,Rochdale,2,0,4,4,2,2,2022,3,1,0,0,Home Win
2022-03-01,2021,Colchester United,Leyton Orient,2,2,4,4,4,0,2022,3,0,0,1,Draw
2022-03-01,2021,Crawley Town,Oldham Athletic,2,2,4,4,4,0,2022,3,0,0,1,Draw
2022-03-01,2021,Harrogate Town A.F.C.,Port Vale,1,1,4,4,2,0,2022,3,0,0,1,Draw
2022-03-01,2021,Newport County,Forest Green Rovers,1,1,4,4,2,0,2022,3,0,0,1,Draw
2022-03-01,2021,Northampton Town,Walsall,1,1,4,4,2,0,2022,3,0,0,1,Draw
2022-03-04,2021,Huddersfield Town,Peterborough United,3,0,2,2,3,3,2022,3,1,0,0,Home Win
2022-03-04,2021,Sheffield United,Nottingham Forest,1,1,2,2,2,0,2022,3,0,0,1,Draw
2022-03-04,2021,Mansfield Town,Exeter City,2,1,4,4,3,1,2022,3,1,0,0,Home Win
2022-03-05,2021,Leicester City,Leeds United,1,0,1,1,1,1,2022,3,1,0,0,Home Win
2022-03-05,2021,Aston Villa,Southampton,4,0,1,1,4,4,2022,3,1,0,0,Home Win
2022-03-05,2021,Burnley,Chelsea,0,4,1,1,4,-4,2022,3,0,1,0,Away Win
2022-03-05,2021,Newcastle United,Brighton & Hove Albion,2,1,1,1,3,1,2022,3,1,0,0,Home Win
2022-03-05,2021,Norwich City,Brentford,1,3,1,1,4,-2,2022,3,0,1,0,Away Win
2022-03-05,2021,Wolverhampton Wanderers,Crystal Palace,0,2,1,1,2,-2,2022,3,0,1,0,Away Win
2022-03-05,2021,Liverpool,West Ham United,1,0,1,1,1,1,2022,3,1,0,0,Home Win
2022-03-05,2021,Fulham,Blackburn Rovers,2,0,2,2,2,2,2022,3,1,0,0,Home Win
2022-03-05,2021,Bristol City,Birmingham City,1,2,2,2,3,-1,2022,3,0,1,0,Away Win
2022-03-05,2021,Derby County,Barnsley,2,0,2,2,2,2,2022,3,1,0,0,Home Win
2022-03-05,2021,Hull City,West Bromwich Albion,0,2,2,2,2,-2,2022,3,0,1,0,Away Win
2022-03-05,2021,Middlesbrough,Luton Town,2,1,2,2,3,1,2022,3,1,0,0,Home Win
2022-03-05,2021,Preston North End,AFC Bournemouth,2,1,2,2,3,1,2022,3,1,0,0,Home Win
2022-03-05,2021,Queens Park Rangers,Cardiff City,1,2,2,2,3,-1,2022,3,0,1,0,Away Win
2022-03-05,2021,Reading,Millwall,0,1,2,2,1,-1,2022,3,0,1,0,Away Win
2022-03-05,2021,Stoke City,Blackpool,0,1,2,2,1,-1,2022,3,0,1,0,Away Win
2022-03-05,2021,Swansea City,Coventry City,3,1,2,2,4,2,2022,3,1,0,0,Home Win
2022-03-05,2021,Cambridge United,Shrewsbury Town,0,0,3,3,0,0,2022,3,0,0,1,Draw
2022-03-05,2021,Charlton Athletic,Sunderland,0,0,3,3,0,0,2022,3,0,0,1,Draw
2022-03-05,2021,Cheltenham,Doncaster Rovers,4,0,3,3,4,4,2022,3,1,0,0,Home Win
2022-03-05,2021,Crewe Alexandra,Wycombe Wanderers,1,3,3,3,4,-2,2022,3,0,1,0,Away Win
2022-03-05,2021,Fleetwood Town,Ipswich Town,0,2,3,3,2,-2,2022,3,0,1,0,Away Win
2022-03-05,2021,Gillingham,Bolton Wanderers,0,3,3,3,3,-3,2022,3,0,1,0,Away Win
2022-03-05,2021,Lincoln City,Sheffield Wednesday,3,1,3,3,4,2,2022,3,1,0,0,Home Win
2022-03-05,2021,Oxford United,Burton Albion,4,1,3,3,5,3,2022,3,1,0,0,Home Win
2022-03-05,2021,Plymouth Argyle,Morecambe,2,0,3,3,2,2,2022,3,1,0,0,Home Win
2022-03-05,2021,Portsmouth,Accrington,4,0,3,3,4,4,2022,3,1,0,0,Home Win
2022-03-05,2021,Rotherham United,Milton Keynes Dons,1,2,3,3,3,-1,2022,3,0,1,0,Away Win
2022-03-05,2021,Wigan Athletic,AFC Wimbledon,1,0,3,3,1,1,2022,3,1,0,0,Home Win
2022-03-05,2021,Harrogate Town A.F.C.,Hartlepool United,1,2,4,4,3,-1,2022,3,0,1,0,Away Win
2022-03-05,2021,Barrow,Walsall,1,1,4,4,2,0,2022,3,0,0,1,Draw
2022-03-05,2021,Bradford City,Swindon Town,1,2,4,4,3,-1,2022,3,0,1,0,Away Win
2022-03-05,2021,Colchester United,Port Vale,1,0,4,4,1,1,2022,3,1,0,0,Home Win
2022-03-05,2021,Crawley Town,Scunthorpe United,0,0,4,4,0,0,2022,3,0,0,1,Draw
2022-03-05,2021,Leyton Orient,Stevenage Borough,2,2,4,4,4,0,2022,3,0,0,1,Draw
2022-03-05,2021,Newport County,Bristol Rovers,1,0,4,4,1,1,2022,3,1,0,0,Home Win
2022-03-05,2021,Northampton Town,Tranmere Rovers,3,2,4,4,5,1,2022,3,1,0,0,Home Win
2022-03-05,2021,Oldham Athletic,Carlisle United,1,2,4,4,3,-1,2022,3,0,1,0,Away Win
2022-03-05,2021,Salford City,Forest Green Rovers,1,1,4,4,2,0,2022,3,0,0,1,Draw
2022-03-05,2021,Sutton United,Rochdale,3,0,4,4,3,3,2022,3,1,0,0,Home Win
2022-03-06,2021,Watford,Arsenal,2,3,1,1,5,-1,2022,3,0,1,0,Away Win
2022-03-06,2021,Manchester City,Manchester United,4,1,1,1,5,3,2022,3,1,0,0,Home Win
2022-03-07,2021,Tottenham Hotspur,Everton,5,0,1,1,5,5,2022,3,1,0,0,Home Win
2022-03-08,2021,Barnsley,Stoke City,1,1,2,2,2,0,2022,3,0,0,1,Draw
2022-03-08,2021,Blackburn Rovers,Millwall,0,0,2,2,0,0,2022,3,0,0,1,Draw
2022-03-08,2021,AFC Bournemouth,Peterborough United,1,1,2,2,2,0,2022,3,0,0,1,Draw
2022-03-08,2021,Coventry City,Luton Town,0,1,2,2,1,-1,2022,3,0,1,0,Away Win
2022-03-08,2021,Sheffield United,Middlesbrough,4,1,2,2,5,3,2022,3,1,0,0,Home Win
2022-03-08,2021,Swansea City,Fulham,1,5,2,2,6,-4,2022,3,0,1,0,Away Win
2022-03-08,2021,Crewe Alexandra,Portsmouth,1,3,3,3,4,-2,2022,3,0,1,0,Away Win
2022-03-08,2021,Ipswich Town,Lincoln City,2,0,3,3,2,2,2022,3,1,0,0,Home Win
2022-03-08,2021,Milton Keynes Dons,Cheltenham,3,1,3,3,4,2,2022,3,1,0,0,Home Win
2022-03-08,2021,Plymouth Argyle,AFC Wimbledon,2,0,3,3,2,2,2022,3,1,0,0,Home Win
2022-03-08,2021,Sunderland,Fleetwood Town,3,1,3,3,4,2,2022,3,1,0,0,Home Win
2022-03-08,2021,Bolton Wanderers,Morecambe,1,1,3,3,2,0,2022,3,0,0,1,Draw
2022-03-08,2021,Crawley Town,Bristol Rovers,1,2,4,4,3,-1,2022,3,0,1,0,Away Win
2022-03-08,2021,Exeter City,Swindon Town,3,1,4,4,4,2,2022,3,1,0,0,Home Win
2022-03-10,2021,Norwich City,Chelsea,1,3,1,1,4,-2,2022,3,0,1,0,Away Win
2022-03-10,2021,Southampton,Newcastle United,1,2,1,1,3,-1,2022,3,0,1,0,Away Win
2022-03-10,2021,Wolverhampton Wanderers,Watford,4,0,1,1,4,4,2022,3,1,0,0,Home Win
2022-03-10,2021,Leeds United,Aston Villa,0,3,1,1,3,-3,2022,3,0,1,0,Away Win
2022-03-11,2021,West Bromwich Albion,Huddersfield Town,2,2,2,2,4,0,2022,3,0,0,1,Draw
2022-03-11,2021,Tranmere Rovers,Mansfield Town,3,2,4,4,5,1,2022,3,1,0,0,Home Win
2022-03-12,2021,Brighton & Hove Albion,Liverpool,0,2,1,1,2,-2,2022,3,0,1,0,Away Win
2022-03-12,2021,Brentford,Burnley,2,0,1,1,2,2,2022,3,1,0,0,Home Win
2022-03-12,2021,Manchester United,Tottenham Hotspur,3,2,1,1,5,1,2022,3,1,0,0,Home Win
2022-03-12,2021,Barnsley,Fulham,1,1,2,2,2,0,2022,3,0,0,1,Draw
2022-03-12,2021,Birmingham City,Hull City,0,0,2,2,0,0,2022,3,0,0,1,Draw
2022-03-12,2021,Blackburn Rovers,Bristol City,0,1,2,2,1,-1,2022,3,0,1,0,Away Win
2022-03-12,2021,Blackpool,Swansea City,1,0,2,2,1,1,2022,3,1,0,0,Home Win
2022-03-12,2021,AFC Bournemouth,Derby County,2,0,2,2,2,2,2022,3,1,0,0,Home Win
2022-03-12,2021,Cardiff City,Preston North End,0,0,2,2,0,0,2022,3,0,0,1,Draw
2022-03-12,2021,Coventry City,Sheffield United,4,1,2,2,5,3,2022,3,1,0,0,Home Win
2022-03-12,2021,Millwall,Middlesbrough,0,0,2,2,0,0,2022,3,0,0,1,Draw
2022-03-12,2021,Nottingham Forest,Reading,4,0,2,2,4,4,2022,3,1,0,0,Home Win
2022-03-12,2021,Peterborough United,Stoke City,2,2,2,2,4,0,2022,3,0,0,1,Draw
2022-03-12,2021,Accrington,Charlton Athletic,2,1,3,3,3,1,2022,3,1,0,0,Home Win
2022-03-12,2021,AFC Wimbledon,Lincoln City,0,2,3,3,2,-2,2022,3,0,1,0,Away Win
2022-03-12,2021,Bolton Wanderers,Plymouth Argyle,0,1,3,3,1,-1,2022,3,0,1,0,Away Win
2022-03-12,2021,Burton Albion,Fleetwood Town,3,2,3,3,5,1,2022,3,1,0,0,Home Win
2022-03-12,2021,Doncaster Rovers,Gillingham,0,1,3,3,1,-1,2022,3,0,1,0,Away Win
2022-03-12,2021,Ipswich Town,Portsmouth,0,0,3,3,0,0,2022,3,0,0,1,Draw
2022-03-12,2021,Milton Keynes Dons,Wigan Athletic,1,1,3,3,2,0,2022,3,0,0,1,Draw
2022-03-12,2021,Morecambe,Cheltenham,1,3,3,3,4,-2,2022,3,0,1,0,Away Win
2022-03-12,2021,Sheffield Wednesday,Cambridge United,6,0,3,3,6,6,2022,3,1,0,0,Home Win
2022-03-12,2021,Shrewsbury Town,Oxford United,1,2,3,3,3,-1,2022,3,0,1,0,Away Win
2022-03-12,2021,Sunderland,Crewe Alexandra,2,0,3,3,2,2,2022,3,1,0,0,Home Win
2022-03-12,2021,Wycombe Wanderers,Rotherham United,0,0,3,3,0,0,2022,3,0,0,1,Draw
2022-03-12,2021,Bristol Rovers,Harrogate Town A.F.C.,3,0,4,4,3,3,2022,3,1,0,0,Home Win
2022-03-12,2021,Carlisle United,Northampton Town,2,1,4,4,3,1,2022,3,1,0,0,Home Win
2022-03-12,2021,Exeter City,Salford City,0,0,4,4,0,0,2022,3,0,0,1,Draw
2022-03-12,2021,Forest Green Rovers,Bradford City,0,2,4,4,2,-2,2022,3,0,1,0,Away Win
2022-03-12,2021,Hartlepool United,Leyton Orient,0,0,4,4,0,0,2022,3,0,0,1,Draw
2022-03-12,2021,Port Vale,Crawley Town,4,1,4,4,5,3,2022,3,1,0,0,Home Win
2022-03-12,2021,Rochdale,Barrow,0,0,4,4,0,0,2022,3,0,0,1,Draw
2022-03-12,2021,Scunthorpe United,Colchester United,1,3,4,4,4,-2,2022,3,0,1,0,Away Win
2022-03-12,2021,Stevenage Borough,Newport County,0,2,4,4,2,-2,2022,3,0,1,0,Away Win
2022-03-12,2021,Swindon Town,Oldham Athletic,1,0,4,4,1,1,2022,3,1,0,0,Home Win
2022-03-12,2021,Walsall,Sutton United,1,0,4,4,1,1,2022,3,1,0,0,Home Win
2022-03-13,2021,Chelsea,Newcastle United,1,0,1,1,1,1,2022,3,1,0,0,Home Win
2022-03-13,2021,Everton,Wolverhampton Wanderers,0,1,1,1,1,-1,2022,3,0,1,0,Away Win
2022-03-13,2021,Leeds United,Norwich City,2,1,1,1,3,1,2022,3,1,0,0,Home Win
2022-03-13,2021,Southampton,Watford,1,2,1,1,3,-1,2022,3,0,1,0,Away Win
2022-03-13,2021,West Ham United,Aston Villa,2,1,1,1,3,1,2022,3,1,0,0,Home Win
2022-03-13,2021,Arsenal,Leicester City,2,0,1,1,2,2,2022,3,1,0,0,Home Win
2022-03-13,2021,Luton Town,Queens Park Rangers,1,2,2,2,3,-1,2022,3,0,1,0,Away Win
2022-03-14,2021,Crystal Palace,Manchester City,0,0,1,1,0,0,2022,3,0,0,1,Draw
2022-03-15,2021,Barnsley,Bristol City,2,0,2,2,2,2,2022,3,1,0,0,Home Win
2022-03-15,2021,Birmingham City,Middlesbrough,0,2,2,2,2,-2,2022,3,0,1,0,Away Win
2022-03-15,2021,Blackburn Rovers,Derby County,3,1,2,2,4,2,2022,3,1,0,0,Home Win
2022-03-15,2021,AFC Bournemouth,Reading,1,1,2,2,2,0,2022,3,0,0,1,Draw
2022-03-15,2021,West Bromwich Albion,Fulham,1,0,2,2,1,1,2022,3,1,0,0,Home Win
2022-03-15,2021,Charlton Athletic,Gillingham,1,0,3,3,1,1,2022,3,1,0,0,Home Win
2022-03-15,2021,Crewe Alexandra,Wigan Athletic,0,2,3,3,2,-2,2022,3,0,1,0,Away Win
2022-03-15,2021,Plymouth Argyle,Portsmouth,1,0,3,3,1,1,2022,3,1,0,0,Home Win
2022-03-15,2021,Rotherham United,Lincoln City,2,1,3,3,3,1,2022,3,1,0,0,Home Win
2022-03-15,2021,Sheffield Wednesday,Accrington,1,1,3,3,2,0,2022,3,0,0,1,Draw
2022-03-15,2021,Shrewsbury Town,Morecambe,5,0,3,3,5,5,2022,3,1,0,0,Home Win
2022-03-15,2021,Wycombe Wanderers,Fleetwood Town,1,0,3,3,1,1,2022,3,1,0,0,Home Win
2022-03-15,2021,Bristol Rovers,Colchester United,1,0,4,4,1,1,2022,3,1,0,0,Home Win
2022-03-15,2021,Carlisle United,Newport County,1,2,4,4,3,-1,2022,3,0,1,0,Away Win
2022-03-15,2021,Exeter City,Crawley Town,2,1,4,4,3,1,2022,3,1,0,0,Home Win
2022-03-15,2021,Forest Green Rovers,Leyton Orient,1,1,4,4,2,0,2022,3,0,0,1,Draw
2022-03-15,2021,Hartlepool United,Bradford City,0,2,4,4,2,-2,2022,3,0,1,0,Away Win
2022-03-15,2021,Port Vale,Mansfield Town,3,1,4,4,4,2,2022,3,1,0,0,Home Win
2022-03-15,2021,Rochdale,Salford City,1,1,4,4,2,0,2022,3,0,0,1,Draw
2022-03-15,2021,Scunthorpe United,Barrow,0,1,4,4,1,-1,2022,3,0,1,0,Away Win
2022-03-15,2021,Stevenage Borough,Northampton Town,1,2,4,4,3,-1,2022,3,0,1,0,Away Win
2022-03-15,2021,Swindon Town,Sutton United,2,1,4,4,3,1,2022,3,1,0,0,Home Win
2022-03-15,2021,Tranmere Rovers,Harrogate Town A.F.C.,2,0,4,4,2,2,2022,3,1,0,0,Home Win
2022-03-15,2021,Walsall,Oldham Athletic,2,1,4,4,3,1,2022,3,1,0,0,Home Win
2022-03-16,2021,Brighton & Hove Albion,Tottenham Hotspur,0,2,1,1,2,-2,2022,3,0,1,0,Away Win
2022-03-16,2021,Arsenal,Liverpool,0,2,1,1,2,-2,2022,3,0,1,0,Away Win
2022-03-16,2021,Blackpool,Sheffield United,0,0,2,2,0,0,2022,3,0,0,1,Draw
2022-03-16,2021,Cardiff City,Stoke City,2,1,2,2,3,1,2022,3,1,0,0,Home Win
2022-03-16,2021,Coventry City,Hull City,0,2,2,2,2,-2,2022,3,0,1,0,Away Win
2022-03-16,2021,Luton Town,Preston North End,4,0,2,2,4,4,2022,3,1,0,0,Home Win
2022-03-16,2021,Millwall,Huddersfield Town,2,0,2,2,2,2,2022,3,1,0,0,Home Win
2022-03-16,2021,Nottingham Forest,Queens Park Rangers,3,1,2,2,4,2,2022,3,1,0,0,Home Win
2022-03-16,2021,Peterborough United,Swansea City,2,3,2,2,5,-1,2022,3,0,1,0,Away Win
2022-03-17,2021,Everton,Newcastle United,1,0,1,1,1,1,2022,3,1,0,0,Home Win
2022-03-18,2021,Wolverhampton Wanderers,Leeds United,2,3,1,1,5,-1,2022,3,0,1,0,Away Win
2022-03-18,2021,Newport County,Hartlepool United,2,3,4,4,5,-1,2022,3,0,1,0,Away Win
2022-03-19,2021,Aston Villa,Arsenal,0,1,1,1,1,-1,2022,3,0,1,0,Away Win
2022-03-19,2021,Derby County,Coventry City,1,1,2,2,2,0,2022,3,0,0,1,Draw
2022-03-19,2021,Sheffield United,Barnsley,2,0,2,2,2,2,2022,3,1,0,0,Home Win
2022-03-19,2021,Bristol City,West Bromwich Albion,2,2,2,2,4,0,2022,3,0,0,1,Draw
2022-03-19,2021,Huddersfield Town,AFC Bournemouth,0,3,2,2,3,-3,2022,3,0,1,0,Away Win
2022-03-19,2021,Hull City,Luton Town,1,3,2,2,4,-2,2022,3,0,1,0,Away Win
2022-03-19,2021,Reading,Blackburn Rovers,1,0,2,2,1,1,2022,3,1,0,0,Home Win
2022-03-19,2021,Stoke City,Millwall,2,0,2,2,2,2,2022,3,1,0,0,Home Win
2022-03-19,2021,Swansea City,Birmingham City,0,0,2,2,0,0,2022,3,0,0,1,Draw
2022-03-19,2021,Cambridge United,Milton Keynes Dons,0,1,3,3,1,-1,2022,3,0,1,0,Away Win
2022-03-19,2021,Charlton Athletic,Burton Albion,2,0,3,3,2,2,2022,3,1,0,0,Home Win
2022-03-19,2021,Cheltenham,AFC Wimbledon,3,1,3,3,4,2,2022,3,1,0,0,Home Win
2022-03-19,2021,Crewe Alexandra,Bolton Wanderers,0,1,3,3,1,-1,2022,3,0,1,0,Away Win
2022-03-19,2021,Fleetwood Town,Doncaster Rovers,0,0,3,3,0,0,2022,3,0,0,1,Draw
2022-03-19,2021,Gillingham,Sheffield Wednesday,0,0,3,3,0,0,2022,3,0,0,1,Draw
2022-03-19,2021,Lincoln City,Sunderland,0,0,3,3,0,0,2022,3,0,0,1,Draw
2022-03-19,2021,Oxford United,Ipswich Town,1,1,3,3,2,0,2022,3,0,0,1,Draw
2022-03-19,2021,Plymouth Argyle,Accrington,4,0,3,3,4,4,2022,3,1,0,0,Home Win
2022-03-19,2021,Portsmouth,Wycombe Wanderers,0,0,3,3,0,0,2022,3,0,0,1,Draw
2022-03-19,2021,Rotherham United,Shrewsbury Town,0,3,3,3,3,-3,2022,3,0,1,0,Away Win
2022-03-19,2021,Wigan Athletic,Morecambe,4,1,3,3,5,3,2022,3,1,0,0,Home Win
2022-03-19,2021,Barrow,Carlisle United,1,2,4,4,3,-1,2022,3,0,1,0,Away Win
2022-03-19,2021,Bradford City,Port Vale,1,2,4,4,3,-1,2022,3,0,1,0,Away Win
2022-03-19,2021,Crawley Town,Swindon Town,3,1,4,4,4,2,2022,3,1,0,0,Home Win
2022-03-19,2021,Harrogate Town A.F.C.,Walsall,1,1,4,4,2,0,2022,3,0,0,1,Draw
2022-03-19,2021,Leyton Orient,Rochdale,3,1,4,4,4,2,2022,3,1,0,0,Home Win
2022-03-19,2021,Northampton Town,Bristol Rovers,0,1,4,4,1,-1,2022,3,0,1,0,Away Win
2022-03-19,2021,Oldham Athletic,Exeter City,0,2,4,4,2,-2,2022,3,0,1,0,Away Win
2022-03-19,2021,Salford City,Scunthorpe United,5,1,4,4,6,4,2022,3,1,0,0,Home Win
2022-03-19,2021,Sutton United,Tranmere Rovers,1,1,4,4,2,0,2022,3,0,0,1,Draw
2022-03-20,2021,Leicester City,Brentford,2,1,1,1,3,1,2022,3,1,0,0,Home Win
2022-03-20,2021,Tottenham Hotspur,West Ham United,3,1,1,1,4,2,2022,3,1,0,0,Home Win
2022-03-20,2021,Queens Park Rangers,Peterborough United,1,3,2,2,4,-2,2022,3,0,1,0,Away Win
2022-03-21,2021,Colchester United,Forest Green Rovers,0,1,4,4,1,-1,2022,3,0,1,0,Away Win
2022-03-22,2021,Plymouth Argyle,Cheltenham,2,0,3,3,2,2,2022,3,1,0,0,Home Win
2022-03-22,2021,Harrogate Town A.F.C.,Leyton Orient,0,3,4,4,3,-3,2022,3,0,1,0,Away Win
2022-03-22,2021,Oldham Athletic,Sutton United,1,3,4,4,4,-2,2022,3,0,1,0,Away Win
2022-03-22,2021,Port Vale,Exeter City,0,0,4,4,0,0,2022,3,0,0,1,Draw
2022-03-22,2021,Rochdale,Mansfield Town,0,1,4,4,1,-1,2022,3,0,1,0,Away Win
2022-03-26,2021,Accrington,Gillingham,1,2,3,3,3,-1,2022,3,0,1,0,Away Win
2022-03-26,2021,AFC Wimbledon,Cambridge United,0,1,3,3,1,-1,2022,3,0,1,0,Away Win
2022-03-26,2021,Doncaster Rovers,Charlton Athletic,0,1,3,3,1,-1,2022,3,0,1,0,Away Win
2022-03-26,2021,Ipswich Town,Plymouth Argyle,1,0,3,3,1,1,2022,3,1,0,0,Home Win
2022-03-26,2021,Sheffield Wednesday,Cheltenham,4,1,3,3,5,3,2022,3,1,0,0,Home Win
2022-03-26,2021,Shrewsbury Town,Lincoln City,1,0,3,3,1,1,2022,3,1,0,0,Home Win
2022-03-26,2021,Bradford City,Newport County,0,0,4,4,0,0,2022,3,0,0,1,Draw
2022-03-26,2021,Carlisle United,Bristol Rovers,1,0,4,4,1,1,2022,3,1,0,0,Home Win
2022-03-26,2021,Colchester United,Tranmere Rovers,1,0,4,4,1,1,2022,3,1,0,0,Home Win
2022-03-26,2021,Crawley Town,Rochdale,1,0,4,4,1,1,2022,3,1,0,0,Home Win
2022-03-26,2021,Exeter City,Stevenage Borough,2,1,4,4,3,1,2022,3,1,0,0,Home Win
2022-03-26,2021,Leyton Orient,Barrow,2,0,4,4,2,2,2022,3,1,0,0,Home Win
2022-03-26,2021,Northampton Town,Hartlepool United,2,0,4,4,2,2,2022,3,1,0,0,Home Win
2022-03-26,2021,Oldham Athletic,Mansfield Town,1,2,4,4,3,-1,2022,3,0,1,0,Away Win
2022-03-26,2021,Port Vale,Sutton United,2,0,4,4,2,2,2022,3,1,0,0,Home Win
2022-03-26,2021,Salford City,Walsall,2,1,4,4,3,1,2022,3,1,0,0,Home Win
2022-03-26,2021,Scunthorpe United,Harrogate Town A.F.C.,0,3,4,4,3,-3,2022,3,0,1,0,Away Win
2022-03-29,2021,Hartlepool United,Mansfield Town,2,2,4,4,4,0,2022,3,0,0,1,Draw
2022-03-29,2021,Oldham Athletic,Leyton Orient,2,0,4,4,2,2,2022,3,1,0,0,Home Win
2022-03-29,2021,Rochdale,Carlisle United,2,0,4,4,2,2,2022,3,1,0,0,Home Win
2022-03-29,2021,Salford City,Crawley Town,2,1,4,4,3,1,2022,3,1,0,0,Home Win
2022-04-01,2021,Hull City,Huddersfield Town,0,1,2,2,1,-1,2022,4,0,1,0,Away Win
2022-04-02,2021,Liverpool,Watford,2,0,1,1,2,2,2022,4,1,0,0,Home Win
2022-04-02,2021,Brighton & Hove Albion,Norwich City,0,0,1,1,0,0,2022,4,0,0,1,Draw
2022-04-02,2021,Burnley,Manchester City,0,2,1,1,2,-2,2022,4,0,1,0,Away Win
2022-04-02,2021,Chelsea,Brentford,1,4,1,1,5,-3,2022,4,0,1,0,Away Win
2022-04-02,2021,Leeds United,Southampton,1,1,1,1,2,0,2022,4,0,0,1,Draw
2022-04-02,2021,Wolverhampton Wanderers,Aston Villa,2,1,1,1,3,1,2022,4,1,0,0,Home Win
2022-04-02,2021,Manchester United,Leicester City,1,1,1,1,2,0,2022,4,0,0,1,Draw
2022-04-02,2021,Blackpool,Nottingham Forest,1,4,2,2,5,-3,2022,4,0,1,0,Away Win
2022-04-02,2021,Barnsley,Reading,1,1,2,2,2,0,2022,4,0,0,1,Draw
2022-04-02,2021,AFC Bournemouth,Bristol City,3,2,2,2,5,1,2022,4,1,0,0,Home Win
2022-04-02,2021,Cardiff City,Swansea City,0,4,2,2,4,-4,2022,4,0,1,0,Away Win
2022-04-02,2021,Coventry City,Blackburn Rovers,2,2,2,2,4,0,2022,4,0,0,1,Draw
2022-04-02,2021,Derby County,Preston North End,1,0,2,2,1,1,2022,4,1,0,0,Home Win
2022-04-02,2021,Luton Town,Millwall,2,2,2,2,4,0,2022,4,0,0,1,Draw
2022-04-02,2021,Peterborough United,Middlesbrough,0,4,2,2,4,-4,2022,4,0,1,0,Away Win
2022-04-02,2021,Queens Park Rangers,Fulham,0,2,2,2,2,-2,2022,4,0,1,0,Away Win
2022-04-02,2021,Stoke City,Sheffield United,1,0,2,2,1,1,2022,4,1,0,0,Home Win
2022-04-02,2021,Wigan Athletic,Bolton Wanderers,1,1,3,3,2,0,2022,4,0,0,1,Draw
2022-04-02,2021,Accrington,Cheltenham,4,4,3,3,8,0,2022,4,0,0,1,Draw
2022-04-02,2021,Charlton Athletic,Lincoln City,1,2,3,3,3,-1,2022,4,0,1,0,Away Win
2022-04-02,2021,Crewe Alexandra,Fleetwood Town,1,3,3,3,4,-2,2022,4,0,1,0,Away Win
2022-04-02,2021,Ipswich Town,Cambridge United,0,1,3,3,1,-1,2022,4,0,1,0,Away Win
2022-04-02,2021,Milton Keynes Dons,Shrewsbury Town,2,0,3,3,2,2,2022,4,1,0,0,Home Win
2022-04-02,2021,Morecambe,Burton Albion,3,0,3,3,3,3,2022,4,1,0,0,Home Win
2022-04-02,2021,Plymouth Argyle,Oxford United,1,0,3,3,1,1,2022,4,1,0,0,Home Win
2022-04-02,2021,Sheffield Wednesday,AFC Wimbledon,2,1,3,3,3,1,2022,4,1,0,0,Home Win
2022-04-02,2021,Sunderland,Gillingham,1,0,3,3,1,1,2022,4,1,0,0,Home Win
2022-04-02,2021,Wycombe Wanderers,Doncaster Rovers,2,0,3,3,2,2,2022,4,1,0,0,Home Win
2022-04-02,2021,Barrow,Port Vale,1,2,4,4,3,-1,2022,4,0,1,0,Away Win
2022-04-02,2021,Bristol Rovers,Bradford City,2,1,4,4,3,1,2022,4,1,0,0,Home Win
2022-04-02,2021,Forest Green Rovers,Scunthorpe United,1,0,4,4,1,1,2022,4,1,0,0,Home Win
2022-04-02,2021,Harrogate Town A.F.C.,Colchester United,1,2,4,4,3,-1,2022,4,0,1,0,Away Win
2022-04-02,2021,Hartlepool United,Salford City,0,2,4,4,2,-2,2022,4,0,1,0,Away Win
2022-04-02,2021,Mansfield Town,Northampton Town,1,0,4,4,1,1,2022,4,1,0,0,Home Win
2022-04-02,2021,Newport County,Exeter City,0,1,4,4,1,-1,2022,4,0,1,0,Away Win
2022-04-02,2021,Rochdale,Swindon Town,0,0,4,4,0,0,2022,4,0,0,1,Draw
2022-04-02,2021,Stevenage Borough,Oldham Athletic,0,1,4,4,1,-1,2022,4,0,1,0,Away Win
2022-04-02,2021,Tranmere Rovers,Carlisle United,2,2,4,4,4,0,2022,4,0,0,1,Draw
2022-04-02,2021,Walsall,Leyton Orient,0,2,4,4,2,-2,2022,4,0,1,0,Away Win
2022-04-03,2021,West Ham United,Everton,2,1,1,1,3,1,2022,4,1,0,0,Home Win
2022-04-03,2021,Tottenham Hotspur,Newcastle United,5,1,1,1,6,4,2022,4,1,0,0,Home Win
2022-04-03,2021,Birmingham City,West Bromwich Albion,1,0,2,2,1,1,2022,4,1,0,0,Home Win
2022-04-04,2021,Crystal Palace,Arsenal,3,0,1,1,3,3,2022,4,1,0,0,Home Win
2022-04-05,2021,Millwall,Swansea City,0,1,2,2,1,-1,2022,4,0,1,0,Away Win
2022-04-05,2021,Peterborough United,Luton Town,1,1,2,2,2,0,2022,4,0,0,1,Draw
2022-04-05,2021,Preston North End,Blackpool,1,0,2,2,1,1,2022,4,1,0,0,Home Win
2022-04-05,2021,Sheffield United,Queens Park Rangers,1,0,2,2,1,1,2022,4,1,0,0,Home Win
2022-04-05,2021,Reading,Stoke City,2,1,2,2,3,1,2022,4,1,0,0,Home Win
2022-04-05,2021,AFC Wimbledon,Charlton Athletic,1,1,3,3,2,0,2022,4,0,0,1,Draw
2022-04-05,2021,Cambridge United,Wycombe Wanderers,1,4,3,3,5,-3,2022,4,0,1,0,Away Win
2022-04-05,2021,Fleetwood Town,Lincoln City,1,1,3,3,2,0,2022,4,0,0,1,Draw
2022-04-05,2021,Milton Keynes Dons,Crewe Alexandra,2,1,3,3,3,1,2022,4,1,0,0,Home Win
2022-04-05,2021,Morecambe,Oxford United,2,1,3,3,3,1,2022,4,1,0,0,Home Win
2022-04-05,2021,Wigan Athletic,Accrington,3,0,3,3,3,3,2022,4,1,0,0,Home Win
2022-04-05,2021,Bolton Wanderers,Portsmouth,1,1,3,3,2,0,2022,4,0,0,1,Draw
2022-04-05,2021,Forest Green Rovers,Mansfield Town,1,0,4,4,1,1,2022,4,1,0,0,Home Win
2022-04-05,2021,Salford City,Port Vale,0,1,4,4,1,-1,2022,4,0,1,0,Away Win
2022-04-06,2021,Burnley,Everton,3,2,1,1,5,1,2022,4,1,0,0,Home Win
2022-04-06,2021,Middlesbrough,Fulham,0,1,2,2,1,-1,2022,4,0,1,0,Away Win
2022-04-06,2021,Nottingham Forest,Coventry City,2,0,2,2,2,2,2022,4,1,0,0,Home Win
2022-04-06,2021,West Bromwich Albion,AFC Bournemouth,2,0,2,2,2,2,2022,4,1,0,0,Home Win
2022-04-08,2021,Newcastle United,Wolverhampton Wanderers,1,0,1,1,1,1,2022,4,1,0,0,Home Win
2022-04-09,2021,Everton,Manchester United,1,0,1,1,1,1,2022,4,1,0,0,Home Win
2022-04-09,2021,Arsenal,Brighton & Hove Albion,1,2,1,1,3,-1,2022,4,0,1,0,Away Win
2022-04-09,2021,Southampton,Chelsea,0,6,1,1,6,-6,2022,4,0,1,0,Away Win
2022-04-09,2021,Watford,Leeds United,0,3,1,1,3,-3,2022,4,0,1,0,Away Win
2022-04-09,2021,Aston Villa,Tottenham Hotspur,0,4,1,1,4,-4,2022,4,0,1,0,Away Win
2022-04-09,2021,Sheffield United,AFC Bournemouth,0,0,2,2,0,0,2022,4,0,0,1,Draw
2022-04-09,2021,Blackburn Rovers,Blackpool,1,1,2,2,2,0,2022,4,0,0,1,Draw
2022-04-09,2021,Bristol City,Peterborough United,1,1,2,2,2,0,2022,4,0,0,1,Draw
2022-04-09,2021,Middlesbrough,Hull City,0,1,2,2,1,-1,2022,4,0,1,0,Away Win
2022-04-09,2021,Millwall,Barnsley,4,1,2,2,5,3,2022,4,1,0,0,Home Win
2022-04-09,2021,Nottingham Forest,Birmingham City,2,0,2,2,2,2,2022,4,1,0,0,Home Win
2022-04-09,2021,Preston North End,Queens Park Rangers,2,1,2,2,3,1,2022,4,1,0,0,Home Win
2022-04-09,2021,Reading,Cardiff City,1,2,2,2,3,-1,2022,4,0,1,0,Away Win
2022-04-09,2021,Swansea City,Derby County,2,1,2,2,3,1,2022,4,1,0,0,Home Win
2022-04-09,2021,West Bromwich Albion,Stoke City,1,3,2,2,4,-2,2022,4,0,1,0,Away Win
2022-04-09,2021,AFC Wimbledon,Milton Keynes Dons,1,1,3,3,2,0,2022,4,0,0,1,Draw
2022-04-09,2021,Bolton Wanderers,Sheffield Wednesday,1,1,3,3,2,0,2022,4,0,0,1,Draw
2022-04-09,2021,Burton Albion,Plymouth Argyle,0,0,3,3,0,0,2022,4,0,0,1,Draw
2022-04-09,2021,Cambridge United,Morecambe,2,1,3,3,3,1,2022,4,1,0,0,Home Win
2022-04-09,2021,Cheltenham,Portsmouth,1,0,3,3,1,1,2022,4,1,0,0,Home Win
2022-04-09,2021,Doncaster Rovers,Crewe Alexandra,2,0,3,3,2,2,2022,4,1,0,0,Home Win
2022-04-09,2021,Fleetwood Town,Accrington,1,2,3,3,3,-1,2022,4,0,1,0,Away Win
2022-04-09,2021,Gillingham,Wycombe Wanderers,1,1,3,3,2,0,2022,4,0,0,1,Draw
2022-04-09,2021,Lincoln City,Wigan Athletic,1,3,3,3,4,-2,2022,4,0,1,0,Away Win
2022-04-09,2021,Oxford United,Sunderland,1,2,3,3,3,-1,2022,4,0,1,0,Away Win
2022-04-09,2021,Rotherham United,Charlton Athletic,0,1,3,3,1,-1,2022,4,0,1,0,Away Win
2022-04-09,2021,Shrewsbury Town,Ipswich Town,1,1,3,3,2,0,2022,4,0,0,1,Draw
2022-04-09,2021,Carlisle United,Exeter City,0,1,4,4,1,-1,2022,4,0,1,0,Away Win
2022-04-09,2021,Colchester United,Stevenage Borough,0,2,4,4,2,-2,2022,4,0,1,0,Away Win
2022-04-09,2021,Crawley Town,Barrow,1,0,4,4,1,1,2022,4,1,0,0,Home Win
2022-04-09,2021,Forest Green Rovers,Hartlepool United,1,1,4,4,2,0,2022,4,0,0,1,Draw
2022-04-09,2021,Northampton Town,Bradford City,0,0,4,4,0,0,2022,4,0,0,1,Draw
2022-04-09,2021,Port Vale,Oldham Athletic,3,2,4,4,5,1,2022,4,1,0,0,Home Win
2022-04-09,2021,Rochdale,Walsall,1,0,4,4,1,1,2022,4,1,0,0,Home Win
2022-04-09,2021,Salford City,Harrogate Town A.F.C.,2,0,4,4,2,2,2022,4,1,0,0,Home Win
2022-04-09,2021,Scunthorpe United,Mansfield Town,0,4,4,4,4,-4,2022,4,0,1,0,Away Win
2022-04-09,2021,Sutton United,Leyton Orient,1,0,4,4,1,1,2022,4,1,0,0,Home Win
2022-04-09,2021,Swindon Town,Newport County,0,1,4,4,1,-1,2022,4,0,1,0,Away Win
2022-04-09,2021,Tranmere Rovers,Bristol Rovers,1,1,4,4,2,0,2022,4,0,0,1,Draw
2022-04-10,2021,Brentford,West Ham United,2,0,1,1,2,2,2022,4,1,0,0,Home Win
2022-04-10,2021,Leicester City,Crystal Palace,2,1,1,1,3,1,2022,4,1,0,0,Home Win
2022-04-10,2021,Norwich City,Burnley,2,0,1,1,2,2,2022,4,1,0,0,Home Win
2022-04-10,2021,Manchester City,Liverpool,2,2,1,1,4,0,2022,4,0,0,1,Draw
2022-04-10,2021,Fulham,Coventry City,1,3,2,2,4,-2,2022,4,0,1,0,Away Win
2022-04-11,2021,Huddersfield Town,Luton Town,2,0,2,2,2,2,2022,4,1,0,0,Home Win
2022-04-12,2021,Burton Albion,Wigan Athletic,0,0,3,3,0,0,2022,4,0,0,1,Draw
2022-04-12,2021,Portsmouth,Rotherham United,3,0,3,3,3,3,2022,4,1,0,0,Home Win
2022-04-15,2021,Luton Town,Nottingham Forest,1,0,2,2,1,1,2022,4,1,0,0,Home Win
2022-04-15,2021,Birmingham City,Coventry City,2,4,2,2,6,-2,2022,4,0,1,0,Away Win
2022-04-15,2021,AFC Bournemouth,Middlesbrough,0,0,2,2,0,0,2022,4,0,0,1,Draw
2022-04-15,2021,Hull City,Cardiff City,2,1,2,2,3,1,2022,4,1,0,0,Home Win
2022-04-15,2021,Peterborough United,Blackburn Rovers,2,1,2,2,3,1,2022,4,1,0,0,Home Win
2022-04-15,2021,Preston North End,Millwall,1,1,2,2,2,0,2022,4,0,0,1,Draw
2022-04-15,2021,Sheffield United,Reading,1,2,2,2,3,-1,2022,4,0,1,0,Away Win
2022-04-15,2021,Stoke City,Bristol City,0,1,2,2,1,-1,2022,4,0,1,0,Away Win
2022-04-15,2021,Swansea City,Barnsley,1,1,2,2,2,0,2022,4,0,0,1,Draw
2022-04-15,2021,West Bromwich Albion,Blackpool,2,1,2,2,3,1,2022,4,1,0,0,Home Win
2022-04-15,2021,Huddersfield Town,Queens Park Rangers,2,2,2,2,4,0,2022,4,0,0,1,Draw
2022-04-15,2021,Derby County,Fulham,2,1,2,2,3,1,2022,4,1,0,0,Home Win
2022-04-15,2021,Accrington,Burton Albion,0,0,3,3,0,0,2022,4,0,0,1,Draw
2022-04-15,2021,Charlton Athletic,Morecambe,2,3,3,3,5,-1,2022,4,0,1,0,Away Win
2022-04-15,2021,Cheltenham,Gillingham,2,2,3,3,4,0,2022,4,0,0,1,Draw
2022-04-15,2021,Crewe Alexandra,AFC Wimbledon,3,1,3,3,4,2,2022,4,1,0,0,Home Win
2022-04-15,2021,Doncaster Rovers,Bolton Wanderers,1,2,3,3,3,-1,2022,4,0,1,0,Away Win
2022-04-15,2021,Fleetwood Town,Oxford United,2,3,3,3,5,-1,2022,4,0,1,0,Away Win
2022-04-15,2021,Portsmouth,Lincoln City,3,2,3,3,5,1,2022,4,1,0,0,Home Win
2022-04-15,2021,Sunderland,Shrewsbury Town,3,2,3,3,5,1,2022,4,1,0,0,Home Win
2022-04-15,2021,Wycombe Wanderers,Plymouth Argyle,2,0,3,3,2,2,2022,4,1,0,0,Home Win
2022-04-15,2021,Exeter City,Colchester United,2,0,4,4,2,2,2022,4,1,0,0,Home Win
2022-04-15,2021,Barrow,Forest Green Rovers,4,0,4,4,4,4,2022,4,1,0,0,Home Win
2022-04-15,2021,Bradford City,Tranmere Rovers,1,1,4,4,2,0,2022,4,0,0,1,Draw
2022-04-15,2021,Bristol Rovers,Salford City,1,0,4,4,1,1,2022,4,1,0,0,Home Win
2022-04-15,2021,Harrogate Town A.F.C.,Swindon Town,1,4,4,4,5,-3,2022,4,0,1,0,Away Win
2022-04-15,2021,Hartlepool United,Port Vale,0,1,4,4,1,-1,2022,4,0,1,0,Away Win
2022-04-15,2021,Leyton Orient,Scunthorpe United,3,0,4,4,3,3,2022,4,1,0,0,Home Win
2022-04-15,2021,Mansfield Town,Sutton United,2,3,4,4,5,-1,2022,4,0,1,0,Away Win
2022-04-15,2021,Newport County,Crawley Town,1,2,4,4,3,-1,2022,4,0,1,0,Away Win
2022-04-15,2021,Oldham Athletic,Northampton Town,0,2,4,4,2,-2,2022,4,0,1,0,Away Win
2022-04-15,2021,Stevenage Borough,Rochdale,1,0,4,4,1,1,2022,4,1,0,0,Home Win
2022-04-15,2021,Walsall,Carlisle United,1,0,4,4,1,1,2022,4,1,0,0,Home Win
2022-04-16,2021,Tottenham Hotspur,Brighton & Hove Albion,0,1,1,1,1,-1,2022,4,0,1,0,Away Win
2022-04-16,2021,Manchester United,Norwich City,3,2,1,1,5,1,2022,4,1,0,0,Home Win
2022-04-16,2021,Southampton,Arsenal,1,0,1,1,1,1,2022,4,1,0,0,Home Win
2022-04-16,2021,Watford,Brentford,1,2,1,1,3,-1,2022,4,0,1,0,Away Win
2022-04-16,2021,Rotherham United,Ipswich Town,1,0,3,3,1,1,2022,4,1,0,0,Home Win
2022-04-16,2021,Wigan Athletic,Cambridge United,1,2,3,3,3,-1,2022,4,0,1,0,Away Win
2022-04-16,2021,Milton Keynes Dons,Sheffield Wednesday,2,3,3,3,5,-1,2022,4,0,1,0,Away Win
2022-04-17,2021,Newcastle United,Leicester City,2,1,1,1,3,1,2022,4,1,0,0,Home Win
2022-04-17,2021,West Ham United,Burnley,1,1,1,1,2,0,2022,4,0,0,1,Draw
2022-04-18,2021,Middlesbrough,Huddersfield Town,0,2,2,2,2,-2,2022,4,0,1,0,Away Win
2022-04-18,2021,Barnsley,Peterborough United,0,2,2,2,2,-2,2022,4,0,1,0,Away Win
2022-04-18,2021,Blackburn Rovers,Stoke City,0,1,2,2,1,-1,2022,4,0,1,0,Away Win
2022-04-18,2021,Blackpool,Birmingham City,6,1,2,2,7,5,2022,4,1,0,0,Home Win
2022-04-18,2021,Cardiff City,Luton Town,0,1,2,2,1,-1,2022,4,0,1,0,Away Win
2022-04-18,2021,Coventry City,AFC Bournemouth,0,3,2,2,3,-3,2022,4,0,1,0,Away Win
2022-04-18,2021,Millwall,Hull City,2,1,2,2,3,1,2022,4,1,0,0,Home Win
2022-04-18,2021,Queens Park Rangers,Derby County,1,0,2,2,1,1,2022,4,1,0,0,Home Win
2022-04-18,2021,Reading,Swansea City,4,4,2,2,8,0,2022,4,0,0,1,Draw
2022-04-18,2021,Bristol City,Sheffield United,1,1,2,2,2,0,2022,4,0,0,1,Draw
2022-04-18,2021,Nottingham Forest,West Bromwich Albion,4,0,2,2,4,4,2022,4,1,0,0,Home Win
2022-04-18,2021,AFC Wimbledon,Wycombe Wanderers,1,1,3,3,2,0,2022,4,0,0,1,Draw
2022-04-18,2021,Bolton Wanderers,Accrington,3,1,3,3,4,2,2022,4,1,0,0,Home Win
2022-04-18,2021,Gillingham,Fleetwood Town,0,0,3,3,0,0,2022,4,0,0,1,Draw
2022-04-18,2021,Lincoln City,Cheltenham,3,0,3,3,3,3,2022,4,1,0,0,Home Win
2022-04-18,2021,Morecambe,Portsmouth,1,1,3,3,2,0,2022,4,0,0,1,Draw
2022-04-18,2021,Plymouth Argyle,Sunderland,0,0,3,3,0,0,2022,4,0,0,1,Draw
2022-04-18,2021,Shrewsbury Town,Doncaster Rovers,3,3,3,3,6,0,2022,4,0,0,1,Draw
2022-04-18,2021,Carlisle United,Mansfield Town,1,0,4,4,1,1,2022,4,1,0,0,Home Win
2022-04-18,2021,Colchester United,Bradford City,3,0,4,4,3,3,2022,4,1,0,0,Home Win
2022-04-18,2021,Crawley Town,Walsall,1,0,4,4,1,1,2022,4,1,0,0,Home Win
2022-04-18,2021,Forest Green Rovers,Oldham Athletic,2,0,4,4,2,2,2022,4,1,0,0,Home Win
2022-04-18,2021,Northampton Town,Harrogate Town A.F.C.,3,0,4,4,3,3,2022,4,1,0,0,Home Win
2022-04-18,2021,Port Vale,Bristol Rovers,1,3,4,4,4,-2,2022,4,0,1,0,Away Win
2022-04-18,2021,Rochdale,Hartlepool United,2,1,4,4,3,1,2022,4,1,0,0,Home Win
2022-04-18,2021,Salford City,Barrow,2,2,4,4,4,0,2022,4,0,0,1,Draw
2022-04-18,2021,Scunthorpe United,Stevenage Borough,1,1,4,4,2,0,2022,4,0,0,1,Draw
2022-04-18,2021,Sutton United,Newport County,1,0,4,4,1,1,2022,4,1,0,0,Home Win
2022-04-18,2021,Swindon Town,Leyton Orient,1,2,4,4,3,-1,2022,4,0,1,0,Away Win
2022-04-18,2021,Tranmere Rovers,Exeter City,2,0,4,4,2,2,2022,4,1,0,0,Home Win
2022-04-19,2021,Liverpool,Manchester United,4,0,1,1,4,4,2022,4,1,0,0,Home Win
2022-04-19,2021,Fulham,Preston North End,3,0,2,2,3,3,2022,4,1,0,0,Home Win
2022-04-19,2021,Burton Albion,Rotherham United,2,0,3,3,2,2,2022,4,1,0,0,Home Win
2022-04-19,2021,Cambridge United,Charlton Athletic,0,2,3,3,2,-2,2022,4,0,1,0,Away Win
2022-04-19,2021,Ipswich Town,Wigan Athletic,2,2,3,3,4,0,2022,4,0,0,1,Draw
2022-04-19,2021,Oxford United,Milton Keynes Dons,1,0,3,3,1,1,2022,4,1,0,0,Home Win
2022-04-19,2021,Sheffield Wednesday,Crewe Alexandra,1,0,3,3,1,1,2022,4,1,0,0,Home Win
2022-04-20,2021,Chelsea,Arsenal,2,4,1,1,6,-2,2022,4,0,1,0,Away Win
2022-04-20,2021,Everton,Leicester City,1,1,1,1,2,0,2022,4,0,0,1,Draw
2022-04-20,2021,Newcastle United,Crystal Palace,1,0,1,1,1,1,2022,4,1,0,0,Home Win
2022-04-20,2021,Manchester City,Brighton & Hove Albion,3,0,1,1,3,3,2022,4,1,0,0,Home Win
2022-04-21,2021,Burnley,Southampton,2,0,1,1,2,2,2022,4,1,0,0,Home Win
2022-04-22,2021,Huddersfield Town,Barnsley,2,1,2,2,3,1,2022,4,1,0,0,Home Win
2022-04-22,2021,Newport County,Colchester United,1,2,4,4,3,-1,2022,4,0,1,0,Away Win
2022-04-23,2021,Arsenal,Manchester United,3,1,1,1,4,2,2022,4,1,0,0,Home Win
2022-04-23,2021,Leicester City,Aston Villa,0,0,1,1,0,0,2022,4,0,0,1,Draw
2022-04-23,2021,Manchester City,Watford,5,1,1,1,6,4,2022,4,1,0,0,Home Win
2022-04-23,2021,Norwich City,Newcastle United,0,3,1,1,3,-3,2022,4,0,1,0,Away Win
2022-04-23,2021,Brentford,Tottenham Hotspur,0,0,1,1,0,0,2022,4,0,0,1,Draw
2022-04-23,2021,Luton Town,Blackpool,1,1,2,2,2,0,2022,4,0,0,1,Draw
2022-04-23,2021,Birmingham City,Millwall,2,2,2,2,4,0,2022,4,0,0,1,Draw
2022-04-23,2021,AFC Bournemouth,Fulham,1,1,2,2,2,0,2022,4,0,0,1,Draw
2022-04-23,2021,Derby County,Bristol City,1,3,2,2,4,-2,2022,4,0,1,0,Away Win
2022-04-23,2021,Hull City,Reading,3,0,2,2,3,3,2022,4,1,0,0,Home Win
2022-04-23,2021,Peterborough United,Nottingham Forest,0,1,2,2,1,-1,2022,4,0,1,0,Away Win
2022-04-23,2021,Sheffield United,Cardiff City,1,0,2,2,1,1,2022,4,1,0,0,Home Win
2022-04-23,2021,Stoke City,Queens Park Rangers,1,0,2,2,1,1,2022,4,1,0,0,Home Win
2022-04-23,2021,Swansea City,Middlesbrough,1,1,2,2,2,0,2022,4,0,0,1,Draw
2022-04-23,2021,West Bromwich Albion,Coventry City,0,0,2,2,0,0,2022,4,0,0,1,Draw
2022-04-23,2021,Accrington,Lincoln City,2,1,3,3,3,1,2022,4,1,0,0,Home Win
2022-04-23,2021,Charlton Athletic,Shrewsbury Town,2,0,3,3,2,2,2022,4,1,0,0,Home Win
2022-04-23,2021,Cheltenham,Bolton Wanderers,1,2,3,3,3,-1,2022,4,0,1,0,Away Win
2022-04-23,2021,Crewe Alexandra,Ipswich Town,1,1,3,3,2,0,2022,4,0,0,1,Draw
2022-04-23,2021,Doncaster Rovers,Burton Albion,2,0,3,3,2,2,2022,4,1,0,0,Home Win
2022-04-23,2021,Fleetwood Town,AFC Wimbledon,1,1,3,3,2,0,2022,4,0,0,1,Draw
2022-04-23,2021,Milton Keynes Dons,Morecambe,2,0,3,3,2,2,2022,4,1,0,0,Home Win
2022-04-23,2021,Portsmouth,Gillingham,3,1,3,3,4,2,2022,4,1,0,0,Home Win
2022-04-23,2021,Rotherham United,Oxford United,2,1,3,3,3,1,2022,4,1,0,0,Home Win
2022-04-23,2021,Sunderland,Cambridge United,5,1,3,3,6,4,2022,4,1,0,0,Home Win
2022-04-23,2021,Wigan Athletic,Plymouth Argyle,1,1,3,3,2,0,2022,4,0,0,1,Draw
2022-04-23,2021,Wycombe Wanderers,Sheffield Wednesday,1,0,3,3,1,1,2022,4,1,0,0,Home Win
2022-04-23,2021,Barrow,Sutton United,1,0,4,4,1,1,2022,4,1,0,0,Home Win
2022-04-23,2021,Bradford City,Scunthorpe United,2,1,4,4,3,1,2022,4,1,0,0,Home Win
2022-04-23,2021,Bristol Rovers,Forest Green Rovers,0,0,4,4,0,0,2022,4,0,0,1,Draw
2022-04-23,2021,Exeter City,Rochdale,2,0,4,4,2,2,2022,4,1,0,0,Home Win
2022-04-23,2021,Harrogate Town A.F.C.,Carlisle United,3,0,4,4,3,3,2022,4,1,0,0,Home Win
2022-04-23,2021,Hartlepool United,Swindon Town,0,3,4,4,3,-3,2022,4,0,1,0,Away Win
2022-04-23,2021,Leyton Orient,Northampton Town,2,4,4,4,6,-2,2022,4,0,1,0,Away Win
2022-04-23,2021,Mansfield Town,Crawley Town,2,0,4,4,2,2,2022,4,1,0,0,Home Win
2022-04-23,2021,Oldham Athletic,Salford City,1,2,4,4,3,-1,2022,4,0,1,0,Away Win
2022-04-23,2021,Stevenage Borough,Tranmere Rovers,2,0,4,4,2,2,2022,4,1,0,0,Home Win
2022-04-23,2021,Walsall,Port Vale,2,0,4,4,2,2,2022,4,1,0,0,Home Win
2022-04-24,2021,Brighton & Hove Albion,Southampton,2,2,1,1,4,0,2022,4,0,0,1,Draw
2022-04-24,2021,Burnley,Wolverhampton Wanderers,1,0,1,1,1,1,2022,4,1,0,0,Home Win
2022-04-24,2021,Chelsea,West Ham United,1,0,1,1,1,1,2022,4,1,0,0,Home Win
2022-04-24,2021,Liverpool,Everton,2,0,1,1,2,2,2022,4,1,0,0,Home Win
2022-04-25,2021,Crystal Palace,Leeds United,0,0,1,1,0,0,2022,4,0,0,1,Draw
2022-04-25,2021,Preston North End,Blackburn Rovers,1,4,2,2,5,-3,2022,4,0,1,0,Away Win
2022-04-26,2021,Barnsley,Blackpool,0,2,2,2,2,-2,2022,4,0,1,0,Away Win
2022-04-26,2021,Fulham,Nottingham Forest,0,1,2,2,1,-1,2022,4,0,1,0,Away Win
2022-04-26,2021,Swansea City,AFC Bournemouth,3,3,2,2,6,0,2022,4,0,0,1,Draw
2022-04-26,2021,Fleetwood Town,Sheffield Wednesday,2,3,3,3,5,-1,2022,4,0,1,0,Away Win
2022-04-26,2021,Portsmouth,Wigan Athletic,3,2,3,3,5,1,2022,4,1,0,0,Home Win
2022-04-26,2021,Sunderland,Rotherham United,1,1,3,3,2,0,2022,4,0,0,1,Draw
2022-04-26,2021,Exeter City,Barrow,2,1,4,4,3,1,2022,4,1,0,0,Home Win
2022-04-26,2021,Mansfield Town,Stevenage Borough,2,0,4,4,2,2,2022,4,1,0,0,Home Win
2022-04-26,2021,Sutton United,Crawley Town,3,0,4,4,3,3,2022,4,1,0,0,Home Win
2022-04-26,2021,Swindon Town,Forest Green Rovers,2,1,4,4,3,1,2022,4,1,0,0,Home Win
2022-04-27,2021,Middlesbrough,Cardiff City,2,0,2,2,2,2,2022,4,1,0,0,Home Win
2022-04-28,2021,Manchester United,Chelsea,1,1,1,1,2,0,2022,4,0,0,1,Draw
2022-04-29,2021,Queens Park Rangers,Sheffield United,1,3,2,2,4,-2,2022,4,0,1,0,Away Win
2022-04-30,2021,Newcastle United,Liverpool,0,1,1,1,1,-1,2022,4,0,1,0,Away Win
2022-04-30,2021,Aston Villa,Norwich City,2,0,1,1,2,2,2022,4,1,0,0,Home Win
2022-04-30,2021,Southampton,Crystal Palace,1,2,1,1,3,-1,2022,4,0,1,0,Away Win
2022-04-30,2021,Watford,Burnley,1,2,1,1,3,-1,2022,4,0,1,0,Away Win
2022-04-30,2021,Wolverhampton Wanderers,Brighton & Hove Albion,0,3,1,1,3,-3,2022,4,0,1,0,Away Win
2022-04-30,2021,Leeds United,Manchester City,0,4,1,1,4,-4,2022,4,0,1,0,Away Win
2022-04-30,2021,Barnsley,Preston North End,1,3,2,2,4,-2,2022,4,0,1,0,Away Win
2022-04-30,2021,Blackburn Rovers,AFC Bournemouth,0,3,2,2,3,-3,2022,4,0,1,0,Away Win
2022-04-30,2021,Blackpool,Derby County,0,2,2,2,2,-2,2022,4,0,1,0,Away Win
2022-04-30,2021,Bristol City,Hull City,5,0,2,2,5,5,2022,4,1,0,0,Home Win
2022-04-30,2021,Cardiff City,Birmingham City,1,1,2,2,2,0,2022,4,0,0,1,Draw
2022-04-30,2021,Coventry City,Huddersfield Town,1,2,2,2,3,-1,2022,4,0,1,0,Away Win
2022-04-30,2021,Middlesbrough,Stoke City,3,1,2,2,4,2,2022,4,1,0,0,Home Win
2022-04-30,2021,Millwall,Peterborough United,3,0,2,2,3,3,2022,4,1,0,0,Home Win
2022-04-30,2021,Nottingham Forest,Swansea City,5,1,2,2,6,4,2022,4,1,0,0,Home Win
2022-04-30,2021,Reading,West Bromwich Albion,0,1,2,2,1,-1,2022,4,0,1,0,Away Win
2022-04-30,2021,AFC Wimbledon,Accrington,3,4,3,3,7,-1,2022,4,0,1,0,Away Win
2022-04-30,2021,Bolton Wanderers,Fleetwood Town,4,2,3,3,6,2,2022,4,1,0,0,Home Win
2022-04-30,2021,Burton Albion,Wycombe Wanderers,1,2,3,3,3,-1,2022,4,0,1,0,Away Win
2022-04-30,2021,Cambridge United,Cheltenham,2,2,3,3,4,0,2022,4,0,0,1,Draw
2022-04-30,2021,Gillingham,Rotherham United,0,2,3,3,2,-2,2022,4,0,1,0,Away Win
2022-04-30,2021,Ipswich Town,Charlton Athletic,4,0,3,3,4,4,2022,4,1,0,0,Home Win
2022-04-30,2021,Lincoln City,Crewe Alexandra,2,1,3,3,3,1,2022,4,1,0,0,Home Win
2022-04-30,2021,Morecambe,Sunderland,0,1,3,3,1,-1,2022,4,0,1,0,Away Win
2022-04-30,2021,Oxford United,Doncaster Rovers,1,1,3,3,2,0,2022,4,0,0,1,Draw
2022-04-30,2021,Plymouth Argyle,Milton Keynes Dons,0,5,3,3,5,-5,2022,4,0,1,0,Away Win
2022-04-30,2021,Sheffield Wednesday,Portsmouth,4,1,3,3,5,3,2022,4,1,0,0,Home Win
2022-04-30,2021,Shrewsbury Town,Wigan Athletic,0,3,3,3,3,-3,2022,4,0,1,0,Away Win
2022-04-30,2021,Carlisle United,Stevenage Borough,2,1,4,4,3,1,2022,4,1,0,0,Home Win
2022-04-30,2021,Colchester United,Walsall,2,2,4,4,4,0,2022,4,0,0,1,Draw
2022-04-30,2021,Crawley Town,Leyton Orient,0,2,4,4,2,-2,2022,4,0,1,0,Away Win
2022-04-30,2021,Forest Green Rovers,Harrogate Town A.F.C.,1,3,4,4,4,-2,2022,4,0,1,0,Away Win
2022-04-30,2021,Northampton Town,Exeter City,1,1,4,4,2,0,2022,4,0,0,1,Draw
2022-04-30,2021,Rochdale,Bristol Rovers,3,4,4,4,7,-1,2022,4,0,1,0,Away Win
2022-04-30,2021,Scunthorpe United,Hartlepool United,1,1,4,4,2,0,2022,4,0,0,1,Draw
2022-04-30,2021,Sutton United,Bradford City,1,4,4,4,5,-3,2022,4,0,1,0,Away Win
2022-04-30,2021,Swindon Town,Barrow,2,1,4,4,3,1,2022,4,1,0,0,Home Win
2022-04-30,2021,Tranmere Rovers,Oldham Athletic,2,0,4,4,2,2,2022,4,1,0,0,Home Win
2022-05-01,2021,Everton,Chelsea,1,0,1,1,1,1,2022,5,1,0,0,Home Win
2022-05-01,2021,Tottenham Hotspur,Leicester City,3,1,1,1,4,2,2022,5,1,0,0,Home Win
2022-05-01,2021,West Ham United,Arsenal,1,2,1,1,3,-1,2022,5,0,1,0,Away Win
2022-05-02,2021,Manchester United,Brentford,3,0,1,1,3,3,2022,5,1,0,0,Home Win
2022-05-02,2021,Fulham,Luton Town,7,0,2,2,7,7,2022,5,1,0,0,Home Win
2022-05-02,2021,Salford City,Mansfield Town,2,2,4,4,4,0,2022,5,0,0,1,Draw
2022-05-02,2021,Port Vale,Newport County,1,2,4,4,3,-1,2022,5,0,1,0,Away Win
2022-05-03,2021,AFC Bournemouth,Nottingham Forest,1,0,2,2,1,1,2022,5,1,0,0,Home Win
2022-05-07,2021,Brentford,Southampton,3,0,1,1,3,3,2022,5,1,0,0,Home Win
2022-05-07,2021,Burnley,Aston Villa,1,3,1,1,4,-2,2022,5,0,1,0,Away Win
2022-05-07,2021,Chelsea,Wolverhampton Wanderers,2,2,1,1,4,0,2022,5,0,0,1,Draw
2022-05-07,2021,Crystal Palace,Watford,1,0,1,1,1,1,2022,5,1,0,0,Home Win
2022-05-07,2021,Brighton & Hove Albion,Manchester United,4,0,1,1,4,4,2022,5,1,0,0,Home Win
2022-05-07,2021,Liverpool,Tottenham Hotspur,1,1,1,1,2,0,2022,5,0,0,1,Draw
2022-05-07,2021,Birmingham City,Blackburn Rovers,1,2,2,2,3,-1,2022,5,0,1,0,Away Win
2022-05-07,2021,AFC Bournemouth,Millwall,1,0,2,2,1,1,2022,5,1,0,0,Home Win
2022-05-07,2021,Derby County,Cardiff City,0,1,2,2,1,-1,2022,5,0,1,0,Away Win
2022-05-07,2021,Huddersfield Town,Bristol City,2,0,2,2,2,2,2022,5,1,0,0,Home Win
2022-05-07,2021,Hull City,Nottingham Forest,1,1,2,2,2,0,2022,5,0,0,1,Draw
2022-05-07,2021,Luton Town,Reading,1,0,2,2,1,1,2022,5,1,0,0,Home Win
2022-05-07,2021,Peterborough United,Blackpool,5,0,2,2,5,5,2022,5,1,0,0,Home Win
2022-05-07,2021,Preston North End,Middlesbrough,4,1,2,2,5,3,2022,5,1,0,0,Home Win
2022-05-07,2021,Sheffield United,Fulham,4,0,2,2,4,4,2022,5,1,0,0,Home Win
2022-05-07,2021,Stoke City,Coventry City,1,1,2,2,2,0,2022,5,0,0,1,Draw
2022-05-07,2021,Swansea City,Queens Park Rangers,0,1,2,2,1,-1,2022,5,0,1,0,Away Win
2022-05-07,2021,West Bromwich Albion,Barnsley,4,0,2,2,4,4,2022,5,1,0,0,Home Win
2022-05-07,2021,Barrow,Northampton Town,1,3,4,4,4,-2,2022,5,0,1,0,Away Win
2022-05-07,2021,Bradford City,Carlisle United,2,0,4,4,2,2,2022,5,1,0,0,Home Win
2022-05-07,2021,Bristol Rovers,Scunthorpe United,7,0,4,4,7,7,2022,5,1,0,0,Home Win
2022-05-07,2021,Exeter City,Port Vale,0,1,4,4,1,-1,2022,5,0,1,0,Away Win
2022-05-07,2021,Harrogate Town A.F.C.,Sutton United,0,2,4,4,2,-2,2022,5,0,1,0,Away Win
2022-05-07,2021,Hartlepool United,Colchester United,0,2,4,4,2,-2,2022,5,0,1,0,Away Win
2022-05-07,2021,Leyton Orient,Tranmere Rovers,0,1,4,4,1,-1,2022,5,0,1,0,Away Win
2022-05-07,2021,Mansfield Town,Forest Green Rovers,2,2,4,4,4,0,2022,5,0,0,1,Draw
2022-05-07,2021,Newport County,Rochdale,0,2,4,4,2,-2,2022,5,0,1,0,Away Win
2022-05-07,2021,Oldham Athletic,Crawley Town,3,3,4,4,6,0,2022,5,0,0,1,Draw
2022-05-07,2021,Stevenage Borough,Salford City,4,2,4,4,6,2,2022,5,1,0,0,Home Win
2022-05-07,2021,Walsall,Swindon Town,0,3,4,4,3,-3,2022,5,0,1,0,Away Win
2022-05-08,2021,Arsenal,Leeds United,2,1,1,1,3,1,2022,5,1,0,0,Home Win
2022-05-08,2021,Leicester City,Everton,1,2,1,1,3,-1,2022,5,0,1,0,Away Win
2022-05-08,2021,Norwich City,West Ham United,0,4,1,1,4,-4,2022,5,0,1,0,Away Win
2022-05-08,2021,Manchester City,Newcastle United,5,0,1,1,5,5,2022,5,1,0,0,Home Win
2022-05-10,2021,Aston Villa,Liverpool,1,2,1,1,3,-1,2022,5,0,1,0,Away Win
2022-05-11,2021,Leeds United,Chelsea,0,3,1,1,3,-3,2022,5,0,1,0,Away Win
2022-05-11,2021,Leicester City,Norwich City,3,0,1,1,3,3,2022,5,1,0,0,Home Win
2022-05-11,2021,Watford,Everton,0,0,1,1,0,0,2022,5,0,0,1,Draw
2022-05-11,2021,Wolverhampton Wanderers,Manchester City,1,5,1,1,6,-4,2022,5,0,1,0,Away Win
2022-05-12,2021,Tottenham Hotspur,Arsenal,3,0,1,1,3,3,2022,5,1,0,0,Home Win
2022-05-15,2021,Tottenham Hotspur,Burnley,1,0,1,1,1,1,2022,5,1,0,0,Home Win
2022-05-15,2021,Aston Villa,Crystal Palace,1,1,1,1,2,0,2022,5,0,0,1,Draw
2022-05-15,2021,Leeds United,Brighton & Hove Albion,1,1,1,1,2,0,2022,5,0,0,1,Draw
2022-05-15,2021,Watford,Leicester City,1,5,1,1,6,-4,2022,5,0,1,0,Away Win
2022-05-15,2021,West Ham United,Manchester City,2,2,1,1,4,0,2022,5,0,0,1,Draw
2022-05-15,2021,Wolverhampton Wanderers,Norwich City,1,1,1,1,2,0,2022,5,0,0,1,Draw
2022-05-15,2021,Everton,Brentford,2,3,1,1,5,-1,2022,5,0,1,0,Away Win
2022-05-16,2021,Newcastle United,Arsenal,2,0,1,1,2,2,2022,5,1,0,0,Home Win
2022-05-17,2021,Southampton,Liverpool,1,2,1,1,3,-1,2022,5,0,1,0,Away Win
2022-05-19,2021,Everton,Crystal Palace,3,2,1,1,5,1,2022,5,1,0,0,Home Win
2022-05-19,2021,Aston Villa,Burnley,1,1,1,1,2,0,2022,5,0,0,1,Draw
2022-05-19,2021,Chelsea,Leicester City,1,1,1,1,2,0,2022,5,0,0,1,Draw
2022-05-22,2021,Arsenal,Everton,5,1,1,1,6,4,2022,5,1,0,0,Home Win
2022-05-22,2021,Brentford,Leeds United,1,2,1,1,3,-1,2022,5,0,1,0,Away Win
2022-05-22,2021,Brighton & Hove Albion,West Ham United,3,1,1,1,4,2,2022,5,1,0,0,Home Win
2022-05-22,2021,Burnley,Newcastle United,1,2,1,1,3,-1,2022,5,0,1,0,Away Win
2022-05-22,2021,Chelsea,Watford,2,1,1,1,3,1,2022,5,1,0,0,Home Win
2022-05-22,2021,Crystal Palace,Manchester United,1,0,1,1,1,1,2022,5,1,0,0,Home Win
2022-05-22,2021,Leicester City,Southampton,4,1,1,1,5,3,2022,5,1,0,0,Home Win
2022-05-22,2021,Liverpool,Wolverhampton Wanderers,3,1,1,1,4,2,2022,5,1,0,0,Home Win
2022-05-22,2021,Manchester City,Aston Villa,3,2,1,1,5,1,2022,5,1,0,0,Home Win
2022-05-22,2021,Norwich City,Tottenham Hotspur,0,5,1,1,5,-5,2022,5,0,1,0,Away Win
2023-08-04,2023,Sheffield Wednesday,Southampton,1,2,2,2,3,-1,2023,8,0,1,0,Away Win
2023-08-05,2023,Blackburn Rovers,West Bromwich Albion,2,1,2,2,3,1,2023,8,1,0,0,Home Win
2023-08-05,2023,Bristol City,Preston North End,1,1,2,2,2,0,2023,8,0,0,1,Draw
2023-08-05,2023,Middlesbrough,Millwall,0,1,2,2,1,-1,2023,8,0,1,0,Away Win
2023-08-05,2023,Norwich City,Hull City,2,1,2,2,3,1,2023,8,1,0,0,Home Win
2023-08-05,2023,Plymouth Argyle,Huddersfield Town,3,1,2,2,4,2,2023,8,1,0,0,Home Win
2023-08-05,2023,Stoke City,Rotherham United,4,1,2,2,5,3,2023,8,1,0,0,Home Win
2023-08-05,2023,Swansea City,Birmingham City,1,1,2,2,2,0,2023,8,0,0,1,Draw
2023-08-05,2023,Watford,Queens Park Rangers,4,0,2,2,4,4,2023,8,1,0,0,Home Win
2023-08-05,2023,Barnsley,Port Vale,7,0,3,3,7,7,2023,8,1,0,0,Home Win
2023-08-05,2023,Blackpool,Burton Albion,2,0,3,3,2,2,2023,8,1,0,0,Home Win
2023-08-05,2023,Bolton Wanderers,Lincoln City,3,0,3,3,3,3,2023,8,1,0,0,Home Win
2023-08-05,2023,Cambridge United,Oxford United,2,0,3,3,2,2,2023,8,1,0,0,Home Win
2023-08-05,2023,Carlisle United,Fleetwood Town,1,1,3,3,2,0,2023,8,0,0,1,Draw
2023-08-05,2023,Charlton Athletic,Leyton Orient,1,0,3,3,1,1,2023,8,1,0,0,Home Win
2023-08-05,2023,Derby County,Wigan Athletic,1,2,3,3,3,-1,2023,8,0,1,0,Away Win
2023-08-05,2023,Northampton Town,Stevenage Borough,0,1,3,3,1,-1,2023,8,0,1,0,Away Win
2023-08-05,2023,Portsmouth,Bristol Rovers,1,1,3,3,2,0,2023,8,0,0,1,Draw
2023-08-05,2023,Reading,Peterborough United,0,1,3,3,1,-1,2023,8,0,1,0,Away Win
2023-08-05,2023,Shrewsbury Town,Cheltenham,1,0,3,3,1,1,2023,8,1,0,0,Home Win
2023-08-05,2023,Wycombe Wanderers,Exeter City,0,3,3,3,3,-3,2023,8,0,1,0,Away Win
2023-08-05,2023,Accrington,Newport County,3,0,4,4,3,3,2023,8,1,0,0,Home Win
2023-08-05,2023,Crawley Town,Bradford City,1,0,4,4,1,1,2023,8,1,0,0,Home Win
2023-08-05,2023,Crewe Alexandra,Mansfield Town,2,2,4,4,4,0,2023,8,0,0,1,Draw
2023-08-05,2023,Doncaster Rovers,Harrogate Town A.F.C.,0,1,4,4,1,-1,2023,8,0,1,0,Away Win
2023-08-05,2023,Forest Green Rovers,Salford City,0,2,4,4,2,-2,2023,8,0,1,0,Away Win
2023-08-05,2023,Grimsby Town,AFC Wimbledon,0,0,4,4,0,0,2023,8,0,0,1,Draw
2023-08-05,2023,Morecambe,Walsall,2,1,4,4,3,1,2023,8,1,0,0,Home Win
2023-08-05,2023,Stockport County,Gillingham,0,1,4,4,1,-1,2023,8,0,1,0,Away Win
2023-08-05,2023,Sutton United,Notts County,5,1,4,4,6,4,2023,8,1,0,0,Home Win
2023-08-05,2023,Tranmere Rovers,Barrow,1,2,4,4,3,-1,2023,8,0,1,0,Away Win
2023-08-05,2023,Wrexham,Milton Keynes Dons,3,5,4,4,8,-2,2023,8,0,1,0,Away Win
2023-08-06,2023,Leicester City,Coventry City,2,1,2,2,3,1,2023,8,1,0,0,Home Win
2023-08-06,2023,Leeds United,Cardiff City,2,2,2,2,4,0,2023,8,0,0,1,Draw
2023-08-06,2023,Sunderland,Ipswich Town,1,2,2,2,3,-1,2023,8,0,1,0,Away Win
2023-08-11,2023,Burnley,Manchester City,0,3,1,1,3,-3,2023,8,0,1,0,Away Win
2023-08-12,2023,Arsenal,Nottingham Forest,2,1,1,1,3,1,2023,8,1,0,0,Home Win
2023-08-12,2023,AFC Bournemouth,West Ham United,1,1,1,1,2,0,2023,8,0,0,1,Draw
2023-08-12,2023,Brighton & Hove Albion,Luton Town,4,1,1,1,5,3,2023,8,1,0,0,Home Win
2023-08-12,2023,Everton,Fulham,0,1,1,1,1,-1,2023,8,0,1,0,Away Win
2023-08-12,2023,Sheffield United,Crystal Palace,0,1,1,1,1,-1,2023,8,0,1,0,Away Win
2023-08-12,2023,Newcastle United,Aston Villa,5,1,1,1,6,4,2023,8,1,0,0,Home Win
2023-08-12,2023,Coventry City,Middlesbrough,3,0,2,2,3,3,2023,8,1,0,0,Home Win
2023-08-12,2023,Birmingham City,Leeds United,1,0,2,2,1,1,2023,8,1,0,0,Home Win
2023-08-12,2023,Cardiff City,Queens Park Rangers,1,2,2,2,3,-1,2023,8,0,1,0,Away Win
2023-08-12,2023,Huddersfield Town,Leicester City,0,1,2,2,1,-1,2023,8,0,1,0,Away Win
2023-08-12,2023,Hull City,Sheffield Wednesday,4,2,2,2,6,2,2023,8,1,0,0,Home Win
2023-08-12,2023,Ipswich Town,Stoke City,2,0,2,2,2,2,2023,8,1,0,0,Home Win
2023-08-12,2023,Millwall,Bristol City,0,1,2,2,1,-1,2023,8,0,1,0,Away Win
2023-08-12,2023,Preston North End,Sunderland,2,1,2,2,3,1,2023,8,1,0,0,Home Win
2023-08-12,2023,Rotherham United,Blackburn Rovers,2,2,2,2,4,0,2023,8,0,0,1,Draw
2023-08-12,2023,Southampton,Norwich City,4,4,2,2,8,0,2023,8,0,0,1,Draw
2023-08-12,2023,Watford,Plymouth Argyle,0,0,2,2,0,0,2023,8,0,0,1,Draw
2023-08-12,2023,West Bromwich Albion,Swansea City,3,2,2,2,5,1,2023,8,1,0,0,Home Win
2023-08-12,2023,Bristol Rovers,Barnsley,1,1,3,3,2,0,2023,8,0,0,1,Draw
2023-08-12,2023,Burton Albion,Derby County,0,3,3,3,3,-3,2023,8,0,1,0,Away Win
2023-08-12,2023,Cheltenham,Bolton Wanderers,0,3,3,3,3,-3,2023,8,0,1,0,Away Win
2023-08-12,2023,Exeter City,Blackpool,0,0,3,3,0,0,2023,8,0,0,1,Draw
2023-08-12,2023,Fleetwood Town,Cambridge United,0,2,3,3,2,-2,2023,8,0,1,0,Away Win
2023-08-12,2023,Leyton Orient,Portsmouth,0,4,3,3,4,-4,2023,8,0,1,0,Away Win
2023-08-12,2023,Lincoln City,Wycombe Wanderers,3,0,3,3,3,3,2023,8,1,0,0,Home Win
2023-08-12,2023,Oxford United,Carlisle United,1,0,3,3,1,1,2023,8,1,0,0,Home Win
2023-08-12,2023,Peterborough United,Charlton Athletic,1,0,3,3,1,1,2023,8,1,0,0,Home Win
2023-08-12,2023,Port Vale,Reading,1,0,3,3,1,1,2023,8,1,0,0,Home Win
2023-08-12,2023,Stevenage Borough,Shrewsbury Town,2,0,3,3,2,2,2023,8,1,0,0,Home Win
2023-08-12,2023,Wigan Athletic,Northampton Town,2,1,3,3,3,1,2023,8,1,0,0,Home Win
2023-08-12,2023,AFC Wimbledon,Wrexham,1,1,4,4,2,0,2023,8,0,0,1,Draw
2023-08-12,2023,Barrow,Sutton United,2,1,4,4,3,1,2023,8,1,0,0,Home Win
2023-08-12,2023,Bradford City,Colchester United,2,1,4,4,3,1,2023,8,1,0,0,Home Win
2023-08-12,2023,Gillingham,Accrington,1,0,4,4,1,1,2023,8,1,0,0,Home Win
2023-08-12,2023,Harrogate Town A.F.C.,Forest Green Rovers,0,1,4,4,1,-1,2023,8,0,1,0,Away Win
2023-08-12,2023,Mansfield Town,Morecambe,3,0,4,4,3,3,2023,8,1,0,0,Home Win
2023-08-12,2023,Milton Keynes Dons,Tranmere Rovers,1,0,4,4,1,1,2023,8,1,0,0,Home Win
2023-08-12,2023,Newport County,Doncaster Rovers,4,0,4,4,4,4,2023,8,1,0,0,Home Win
2023-08-12,2023,Notts County,Grimsby Town,3,2,4,4,5,1,2023,8,1,0,0,Home Win
2023-08-12,2023,Salford City,Crawley Town,1,1,4,4,2,0,2023,8,0,0,1,Draw
2023-08-12,2023,Swindon Town,Crewe Alexandra,2,2,4,4,4,0,2023,8,0,0,1,Draw
2023-08-12,2023,Walsall,Stockport County,2,1,4,4,3,1,2023,8,1,0,0,Home Win
2023-08-13,2023,Brentford,Tottenham Hotspur,2,2,1,1,4,0,2023,8,0,0,1,Draw
2023-08-13,2023,Chelsea,Liverpool,1,1,1,1,2,0,2023,8,0,0,1,Draw
2023-08-14,2023,Manchester United,Wolverhampton Wanderers,1,0,1,1,1,1,2023,8,1,0,0,Home Win
2023-08-15,2023,Barnsley,Peterborough United,1,3,3,3,4,-2,2023,8,0,1,0,Away Win
2023-08-15,2023,Blackpool,Port Vale,0,0,3,3,0,0,2023,8,0,0,1,Draw
2023-08-15,2023,Bolton Wanderers,Fleetwood Town,3,1,3,3,4,2,2023,8,1,0,0,Home Win
2023-08-15,2023,Cambridge United,Stevenage Borough,1,2,3,3,3,-1,2023,8,0,1,0,Away Win
2023-08-15,2023,Carlisle United,Wigan Athletic,1,1,3,3,2,0,2023,8,0,0,1,Draw
2023-08-15,2023,Charlton Athletic,Bristol Rovers,1,2,3,3,3,-1,2023,8,0,1,0,Away Win
2023-08-15,2023,Derby County,Oxford United,1,2,3,3,3,-1,2023,8,0,1,0,Away Win
2023-08-15,2023,Northampton Town,Lincoln City,2,2,3,3,4,0,2023,8,0,0,1,Draw
2023-08-15,2023,Shrewsbury Town,Burton Albion,2,1,3,3,3,1,2023,8,1,0,0,Home Win
2023-08-15,2023,Wycombe Wanderers,Leyton Orient,3,2,3,3,5,1,2023,8,1,0,0,Home Win
2023-08-15,2023,Portsmouth,Exeter City,1,0,3,3,1,1,2023,8,1,0,0,Home Win
2023-08-15,2023,Reading,Cheltenham,1,0,3,3,1,1,2023,8,1,0,0,Home Win
2023-08-15,2023,Accrington,Barrow,1,1,4,4,2,0,2023,8,0,0,1,Draw
2023-08-15,2023,Colchester United,AFC Wimbledon,0,2,4,4,2,-2,2023,8,0,1,0,Away Win
2023-08-15,2023,Crawley Town,Milton Keynes Dons,2,1,4,4,3,1,2023,8,1,0,0,Home Win
2023-08-15,2023,Crewe Alexandra,Newport County,4,2,4,4,6,2,2023,8,1,0,0,Home Win
2023-08-15,2023,Doncaster Rovers,Mansfield Town,2,2,4,4,4,0,2023,8,0,0,1,Draw
2023-08-15,2023,Forest Green Rovers,Swindon Town,1,2,4,4,3,-1,2023,8,0,1,0,Away Win
2023-08-15,2023,Grimsby Town,Salford City,2,0,4,4,2,2,2023,8,1,0,0,Home Win
2023-08-15,2023,Morecambe,Notts County,0,0,4,4,0,0,2023,8,0,0,1,Draw
2023-08-15,2023,Stockport County,Bradford City,1,1,4,4,2,0,2023,8,0,0,1,Draw
2023-08-15,2023,Sutton United,Gillingham,0,1,4,4,1,-1,2023,8,0,1,0,Away Win
2023-08-15,2023,Tranmere Rovers,Harrogate Town A.F.C.,3,0,4,4,3,3,2023,8,1,0,0,Home Win
2023-08-15,2023,Wrexham,Walsall,4,2,4,4,6,2,2023,8,1,0,0,Home Win
2023-08-18,2023,Nottingham Forest,Sheffield United,2,1,1,1,3,1,2023,8,1,0,0,Home Win
2023-08-18,2023,Leeds United,West Bromwich Albion,1,1,2,2,2,0,2023,8,0,0,1,Draw
2023-08-19,2023,Fulham,Brentford,0,3,1,1,3,-3,2023,8,0,1,0,Away Win
2023-08-19,2023,Liverpool,AFC Bournemouth,3,1,1,1,4,2,2023,8,1,0,0,Home Win
2023-08-19,2023,Wolverhampton Wanderers,Brighton & Hove Albion,1,4,1,1,5,-3,2023,8,0,1,0,Away Win
2023-08-19,2023,Tottenham Hotspur,Manchester United,2,0,1,1,2,2,2023,8,1,0,0,Home Win
2023-08-19,2023,Manchester City,Newcastle United,1,0,1,1,1,1,2023,8,1,0,0,Home Win
2023-08-19,2023,Plymouth Argyle,Southampton,1,2,2,2,3,-1,2023,8,0,1,0,Away Win
2023-08-19,2023,Blackburn Rovers,Hull City,1,2,2,2,3,-1,2023,8,0,1,0,Away Win
2023-08-19,2023,Bristol City,Birmingham City,0,2,2,2,2,-2,2023,8,0,1,0,Away Win
2023-08-19,2023,Leicester City,Cardiff City,2,1,2,2,3,1,2023,8,1,0,0,Home Win
2023-08-19,2023,Middlesbrough,Huddersfield Town,1,1,2,2,2,0,2023,8,0,0,1,Draw
2023-08-19,2023,Queens Park Rangers,Ipswich Town,0,1,2,2,1,-1,2023,8,0,1,0,Away Win
2023-08-19,2023,Sheffield Wednesday,Preston North End,0,1,2,2,1,-1,2023,8,0,1,0,Away Win
2023-08-19,2023,Stoke City,Watford,1,0,2,2,1,1,2023,8,1,0,0,Home Win
2023-08-19,2023,Sunderland,Rotherham United,2,1,2,2,3,1,2023,8,1,0,0,Home Win
2023-08-19,2023,Swansea City,Coventry City,1,1,2,2,2,0,2023,8,0,0,1,Draw
2023-08-19,2023,Bolton Wanderers,Wigan Athletic,0,4,3,3,4,-4,2023,8,0,1,0,Away Win
2023-08-19,2023,Barnsley,Oxford United,1,3,3,3,4,-2,2023,8,0,1,0,Away Win
2023-08-19,2023,Blackpool,Leyton Orient,0,0,3,3,0,0,2023,8,0,0,1,Draw
2023-08-19,2023,Cambridge United,Bristol Rovers,2,0,3,3,2,2,2023,8,1,0,0,Home Win
2023-08-19,2023,Carlisle United,Exeter City,0,2,3,3,2,-2,2023,8,0,1,0,Away Win
2023-08-19,2023,Charlton Athletic,Port Vale,2,3,3,3,5,-1,2023,8,0,1,0,Away Win
2023-08-19,2023,Derby County,Fleetwood Town,1,0,3,3,1,1,2023,8,1,0,0,Home Win
2023-08-19,2023,Northampton Town,Peterborough United,1,0,3,3,1,1,2023,8,1,0,0,Home Win
2023-08-19,2023,Portsmouth,Cheltenham,0,0,3,3,0,0,2023,8,0,0,1,Draw
2023-08-19,2023,Reading,Stevenage Borough,2,0,3,3,2,2,2023,8,1,0,0,Home Win
2023-08-19,2023,Shrewsbury Town,Lincoln City,0,1,3,3,1,-1,2023,8,0,1,0,Away Win
2023-08-19,2023,Wycombe Wanderers,Burton Albion,0,0,3,3,0,0,2023,8,0,0,1,Draw
2023-08-19,2023,Accrington,Harrogate Town A.F.C.,2,1,4,4,3,1,2023,8,1,0,0,Home Win
2023-08-19,2023,Colchester United,Milton Keynes Dons,2,3,4,4,5,-1,2023,8,0,1,0,Away Win
2023-08-19,2023,Crawley Town,Gillingham,0,1,4,4,1,-1,2023,8,0,1,0,Away Win
2023-08-19,2023,Crewe Alexandra,Walsall,2,2,4,4,4,0,2023,8,0,0,1,Draw
2023-08-19,2023,Doncaster Rovers,Notts County,1,3,4,4,4,-2,2023,8,0,1,0,Away Win
2023-08-19,2023,Forest Green Rovers,Newport County,0,3,4,4,3,-3,2023,8,0,1,0,Away Win
2023-08-19,2023,Grimsby Town,Mansfield Town,1,1,4,4,2,0,2023,8,0,0,1,Draw
2023-08-19,2023,Morecambe,Bradford City,3,0,4,4,3,3,2023,8,1,0,0,Home Win
2023-08-19,2023,Stockport County,Barrow,1,0,4,4,1,1,2023,8,1,0,0,Home Win
2023-08-19,2023,Sutton United,AFC Wimbledon,0,3,4,4,3,-3,2023,8,0,1,0,Away Win
2023-08-19,2023,Tranmere Rovers,Salford City,3,4,4,4,7,-1,2023,8,0,1,0,Away Win
2023-08-19,2023,Wrexham,Swindon Town,5,5,4,4,10,0,2023,8,0,0,1,Draw
2023-08-20,2023,Aston Villa,Everton,4,0,1,1,4,4,2023,8,1,0,0,Home Win
2023-08-20,2023,West Ham United,Chelsea,3,1,1,1,4,2,2023,8,1,0,0,Home Win
2023-08-20,2023,Norwich City,Millwall,3,1,2,2,4,2,2023,8,1,0,0,Home Win
2023-08-21,2023,Crystal Palace,Arsenal,0,1,1,1,1,-1,2023,8,0,1,0,Away Win
2023-08-25,2023,Chelsea,Luton Town,3,0,1,1,3,3,2023,8,1,0,0,Home Win
2023-08-25,2023,Hull City,Bristol City,1,1,2,2,2,0,2023,8,0,0,1,Draw
2023-08-26,2023,AFC Bournemouth,Tottenham Hotspur,0,2,1,1,2,-2,2023,8,0,1,0,Away Win
2023-08-26,2023,Arsenal,Fulham,2,2,1,1,4,0,2023,8,0,0,1,Draw
2023-08-26,2023,Brentford,Crystal Palace,1,1,1,1,2,0,2023,8,0,0,1,Draw
2023-08-26,2023,Everton,Wolverhampton Wanderers,0,1,1,1,1,-1,2023,8,0,1,0,Away Win
2023-08-26,2023,Manchester United,Nottingham Forest,3,2,1,1,5,1,2023,8,1,0,0,Home Win
2023-08-26,2023,Brighton & Hove Albion,West Ham United,1,3,1,1,4,-2,2023,8,0,1,0,Away Win
2023-08-26,2023,Birmingham City,Plymouth Argyle,2,1,2,2,3,1,2023,8,1,0,0,Home Win
2023-08-26,2023,Cardiff City,Sheffield Wednesday,2,1,2,2,3,1,2023,8,1,0,0,Home Win
2023-08-26,2023,Coventry City,Sunderland,0,0,2,2,0,0,2023,8,0,0,1,Draw
2023-08-26,2023,Huddersfield Town,Norwich City,0,4,2,2,4,-4,2023,8,0,1,0,Away Win
2023-08-26,2023,Ipswich Town,Leeds United,3,4,2,2,7,-1,2023,8,0,1,0,Away Win
2023-08-26,2023,Millwall,Stoke City,1,0,2,2,1,1,2023,8,1,0,0,Home Win
2023-08-26,2023,Preston North End,Swansea City,2,1,2,2,3,1,2023,8,1,0,0,Home Win
2023-08-26,2023,Rotherham United,Leicester City,1,2,2,2,3,-1,2023,8,0,1,0,Away Win
2023-08-26,2023,Southampton,Queens Park Rangers,2,1,2,2,3,1,2023,8,1,0,0,Home Win
2023-08-26,2023,West Bromwich Albion,Middlesbrough,4,2,2,2,6,2,2023,8,1,0,0,Home Win
2023-08-26,2023,Bristol Rovers,Wycombe Wanderers,1,2,3,3,3,-1,2023,8,0,1,0,Away Win
2023-08-26,2023,Burton Albion,Bolton Wanderers,1,1,3,3,2,0,2023,8,0,0,1,Draw
2023-08-26,2023,Cheltenham,Northampton Town,0,1,3,3,1,-1,2023,8,0,1,0,Away Win
2023-08-26,2023,Exeter City,Reading,2,1,3,3,3,1,2023,8,1,0,0,Home Win
2023-08-26,2023,Fleetwood Town,Shrewsbury Town,0,1,3,3,1,-1,2023,8,0,1,0,Away Win
2023-08-26,2023,Leyton Orient,Cambridge United,2,0,3,3,2,2,2023,8,1,0,0,Home Win
2023-08-26,2023,Lincoln City,Blackpool,3,0,3,3,3,3,2023,8,1,0,0,Home Win
2023-08-26,2023,Oxford United,Charlton Athletic,2,1,3,3,3,1,2023,8,1,0,0,Home Win
2023-08-26,2023,Peterborough United,Derby County,2,4,3,3,6,-2,2023,8,0,1,0,Away Win
2023-08-26,2023,Port Vale,Carlisle United,1,0,3,3,1,1,2023,8,1,0,0,Home Win
2023-08-26,2023,Stevenage Borough,Portsmouth,0,0,3,3,0,0,2023,8,0,0,1,Draw
2023-08-26,2023,Wigan Athletic,Barnsley,0,2,3,3,2,-2,2023,8,0,1,0,Away Win
2023-08-26,2023,AFC Wimbledon,Forest Green Rovers,1,1,4,4,2,0,2023,8,0,0,1,Draw
2023-08-26,2023,Barrow,Wrexham,1,1,4,4,2,0,2023,8,0,0,1,Draw
2023-08-26,2023,Bradford City,Crewe Alexandra,1,0,4,4,1,1,2023,8,1,0,0,Home Win
2023-08-26,2023,Gillingham,Colchester United,0,3,4,4,3,-3,2023,8,0,1,0,Away Win
2023-08-26,2023,Harrogate Town A.F.C.,Morecambe,2,0,4,4,2,2,2023,8,1,0,0,Home Win
2023-08-26,2023,Mansfield Town,Stockport County,3,2,4,4,5,1,2023,8,1,0,0,Home Win
2023-08-26,2023,Milton Keynes Dons,Doncaster Rovers,2,1,4,4,3,1,2023,8,1,0,0,Home Win
2023-08-26,2023,Newport County,Sutton United,3,1,4,4,4,2,2023,8,1,0,0,Home Win
2023-08-26,2023,Notts County,Tranmere Rovers,2,1,4,4,3,1,2023,8,1,0,0,Home Win
2023-08-26,2023,Salford City,Accrington,1,2,4,4,3,-1,2023,8,0,1,0,Away Win
2023-08-26,2023,Swindon Town,Crawley Town,6,0,4,4,6,6,2023,8,1,0,0,Home Win
2023-08-26,2023,Walsall,Grimsby Town,1,1,4,4,2,0,2023,8,0,0,1,Draw
2023-08-27,2023,Burnley,Aston Villa,1,3,1,1,4,-2,2023,8,0,1,0,Away Win
2023-08-27,2023,Sheffield United,Manchester City,1,2,1,1,3,-1,2023,8,0,1,0,Away Win
2023-08-27,2023,Newcastle United,Liverpool,1,2,1,1,3,-1,2023,8,0,1,0,Away Win
2023-08-27,2023,Watford,Blackburn Rovers,0,1,2,2,1,-1,2023,8,0,1,0,Away Win
2023-09-01,2023,Luton Town,West Ham United,1,2,1,1,3,-1,2023,9,0,1,0,Away Win
2023-09-02,2023,Sheffield United,Everton,2,2,1,1,4,0,2023,9,0,0,1,Draw
2023-09-02,2023,Brentford,AFC Bournemouth,2,2,1,1,4,0,2023,9,0,0,1,Draw
2023-09-02,2023,Burnley,Tottenham Hotspur,2,5,1,1,7,-3,2023,9,0,1,0,Away Win
2023-09-02,2023,Chelsea,Nottingham Forest,0,1,1,1,1,-1,2023,9,0,1,0,Away Win
2023-09-02,2023,Manchester City,Fulham,5,1,1,1,6,4,2023,9,1,0,0,Home Win
2023-09-02,2023,Brighton & Hove Albion,Newcastle United,3,1,1,1,4,2,2023,9,1,0,0,Home Win
2023-09-02,2023,Birmingham City,Millwall,1,1,2,2,2,0,2023,9,0,0,1,Draw
2023-09-02,2023,Sunderland,Southampton,5,0,2,2,5,5,2023,9,1,0,0,Home Win
2023-09-02,2023,Swansea City,Bristol City,1,2,2,2,3,-1,2023,9,0,1,0,Away Win
2023-09-02,2023,Coventry City,Watford,3,3,2,2,6,0,2023,9,0,0,1,Draw
2023-09-02,2023,Ipswich Town,Cardiff City,3,2,2,2,5,1,2023,9,1,0,0,Home Win
2023-09-02,2023,Leeds United,Sheffield Wednesday,0,0,2,2,0,0,2023,9,0,0,1,Draw
2023-09-02,2023,Leicester City,Hull City,0,1,2,2,1,-1,2023,9,0,1,0,Away Win
2023-09-02,2023,Middlesbrough,Queens Park Rangers,0,2,2,2,2,-2,2023,9,0,1,0,Away Win
2023-09-02,2023,Plymouth Argyle,Blackburn Rovers,3,0,2,2,3,3,2023,9,1,0,0,Home Win
2023-09-02,2023,Rotherham United,Norwich City,2,1,2,2,3,1,2023,9,1,0,0,Home Win
2023-09-02,2023,Stoke City,Preston North End,0,2,2,2,2,-2,2023,9,0,1,0,Away Win
2023-09-02,2023,West Bromwich Albion,Huddersfield Town,1,2,2,2,3,-1,2023,9,0,1,0,Away Win
2023-09-02,2023,Blackpool,Wigan Athletic,2,1,3,3,3,1,2023,9,1,0,0,Home Win
2023-09-02,2023,Bolton Wanderers,Derby County,2,1,3,3,3,1,2023,9,1,0,0,Home Win
2023-09-02,2023,Bristol Rovers,Lincoln City,1,1,3,3,2,0,2023,9,0,0,1,Draw
2023-09-02,2023,Burton Albion,Exeter City,0,1,3,3,1,-1,2023,9,0,1,0,Away Win
2023-09-02,2023,Carlisle United,Shrewsbury Town,2,0,3,3,2,2,2023,9,1,0,0,Home Win
2023-09-02,2023,Charlton Athletic,Fleetwood Town,2,1,3,3,3,1,2023,9,1,0,0,Home Win
2023-09-02,2023,Cheltenham,Barnsley,0,2,3,3,2,-2,2023,9,0,1,0,Away Win
2023-09-02,2023,Leyton Orient,Stevenage Borough,0,3,3,3,3,-3,2023,9,0,1,0,Away Win
2023-09-02,2023,Northampton Town,Wycombe Wanderers,0,1,3,3,1,-1,2023,9,0,1,0,Away Win
2023-09-02,2023,Oxford United,Port Vale,1,2,3,3,3,-1,2023,9,0,1,0,Away Win
2023-09-02,2023,Portsmouth,Peterborough United,3,1,3,3,4,2,2023,9,1,0,0,Home Win
2023-09-02,2023,Tranmere Rovers,Wrexham,0,1,4,4,1,-1,2023,9,0,1,0,Away Win
2023-09-02,2023,Crewe Alexandra,Milton Keynes Dons,3,1,4,4,4,2,2023,9,1,0,0,Home Win
2023-09-02,2023,Doncaster Rovers,Swindon Town,0,0,4,4,0,0,2023,9,0,0,1,Draw
2023-09-02,2023,Grimsby Town,Gillingham,2,0,4,4,2,2,2023,9,1,0,0,Home Win
2023-09-02,2023,Harrogate Town A.F.C.,Barrow,0,1,4,4,1,-1,2023,9,0,1,0,Away Win
2023-09-02,2023,Mansfield Town,Bradford City,0,0,4,4,0,0,2023,9,0,0,1,Draw
2023-09-02,2023,Morecambe,Salford City,1,0,4,4,1,1,2023,9,1,0,0,Home Win
2023-09-02,2023,Newport County,AFC Wimbledon,2,2,4,4,4,0,2023,9,0,0,1,Draw
2023-09-02,2023,Notts County,Accrington,3,1,4,4,4,2,2023,9,1,0,0,Home Win
2023-09-02,2023,Stockport County,Crawley Town,3,3,4,4,6,0,2023,9,0,0,1,Draw
2023-09-02,2023,Sutton United,Forest Green Rovers,0,1,4,4,1,-1,2023,9,0,1,0,Away Win
2023-09-02,2023,Walsall,Colchester United,1,0,4,4,1,1,2023,9,1,0,0,Home Win
2023-09-03,2023,Crystal Palace,Wolverhampton Wanderers,3,2,1,1,5,1,2023,9,1,0,0,Home Win
2023-09-03,2023,Liverpool,Aston Villa,3,0,1,1,3,3,2023,9,1,0,0,Home Win
2023-09-03,2023,Arsenal,Manchester United,3,1,1,1,4,2,2023,9,1,0,0,Home Win
2023-09-04,2023,Cambridge United,Reading,1,0,3,3,1,1,2023,9,1,0,0,Home Win
2023-09-09,2023,Exeter City,Leyton Orient,1,2,3,3,3,-1,2023,9,0,1,0,Away Win
2023-09-09,2023,Stevenage Borough,Carlisle United,2,2,3,3,4,0,2023,9,0,0,1,Draw
2023-09-09,2023,Bradford City,Grimsby Town,1,1,4,4,2,0,2023,9,0,0,1,Draw
2023-09-09,2023,Accrington,Mansfield Town,0,3,4,4,3,-3,2023,9,0,1,0,Away Win
2023-09-09,2023,AFC Wimbledon,Stockport County,1,2,4,4,3,-1,2023,9,0,1,0,Away Win
2023-09-09,2023,Colchester United,Tranmere Rovers,2,0,4,4,2,2,2023,9,1,0,0,Home Win
2023-09-09,2023,Crawley Town,Newport County,4,1,4,4,5,3,2023,9,1,0,0,Home Win
2023-09-09,2023,Forest Green Rovers,Crewe Alexandra,1,4,4,4,5,-3,2023,9,0,1,0,Away Win
2023-09-09,2023,Gillingham,Harrogate Town A.F.C.,1,0,4,4,1,1,2023,9,1,0,0,Home Win
2023-09-09,2023,Milton Keynes Dons,Notts County,1,1,4,4,2,0,2023,9,0,0,1,Draw
2023-09-09,2023,Salford City,Walsall,1,2,4,4,3,-1,2023,9,0,1,0,Away Win
2023-09-09,2023,Swindon Town,Sutton United,5,3,4,4,8,2,2023,9,1,0,0,Home Win
2023-09-09,2023,Wrexham,Doncaster Rovers,2,1,4,4,3,1,2023,9,1,0,0,Home Win
2023-09-15,2023,Hull City,Coventry City,1,1,2,2,2,0,2023,9,0,0,1,Draw
2023-09-15,2023,Southampton,Leicester City,1,4,2,2,5,-3,2023,9,0,1,0,Away Win
2023-09-15,2023,Salford City,Notts County,0,2,4,4,2,-2,2023,9,0,1,0,Away Win
2023-09-16,2023,Wolverhampton Wanderers,Liverpool,1,3,1,1,4,-2,2023,9,0,1,0,Away Win
2023-09-16,2023,Aston Villa,Crystal Palace,3,1,1,1,4,2,2023,9,1,0,0,Home Win
2023-09-16,2023,Fulham,Luton Town,1,0,1,1,1,1,2023,9,1,0,0,Home Win
2023-09-16,2023,Manchester United,Brighton & Hove Albion,1,3,1,1,4,-2,2023,9,0,1,0,Away Win
2023-09-16,2023,Tottenham Hotspur,Sheffield United,2,1,1,1,3,1,2023,9,1,0,0,Home Win
2023-09-16,2023,West Ham United,Manchester City,1,3,1,1,4,-2,2023,9,0,1,0,Away Win
2023-09-16,2023,Newcastle United,Brentford,1,0,1,1,1,1,2023,9,1,0,0,Home Win
2023-09-16,2023,Blackburn Rovers,Middlesbrough,2,1,2,2,3,1,2023,9,1,0,0,Home Win
2023-09-16,2023,Bristol City,West Bromwich Albion,0,0,2,2,0,0,2023,9,0,0,1,Draw
2023-09-16,2023,Huddersfield Town,Rotherham United,2,0,2,2,2,2,2023,9,1,0,0,Home Win
2023-09-16,2023,Norwich City,Stoke City,1,0,2,2,1,1,2023,9,1,0,0,Home Win
2023-09-16,2023,Preston North End,Plymouth Argyle,2,1,2,2,3,1,2023,9,1,0,0,Home Win
2023-09-16,2023,Queens Park Rangers,Sunderland,1,3,2,2,4,-2,2023,9,0,1,0,Away Win
2023-09-16,2023,Sheffield Wednesday,Ipswich Town,0,1,2,2,1,-1,2023,9,0,1,0,Away Win
2023-09-16,2023,Watford,Birmingham City,2,0,2,2,2,2,2023,9,1,0,0,Home Win
2023-09-16,2023,Cardiff City,Swansea City,2,0,2,2,2,2,2023,9,1,0,0,Home Win
2023-09-16,2023,Barnsley,Burton Albion,2,0,3,3,2,2,2023,9,1,0,0,Home Win
2023-09-16,2023,Derby County,Portsmouth,1,1,3,3,2,0,2023,9,0,0,1,Draw
2023-09-16,2023,Exeter City,Cheltenham,1,0,3,3,1,1,2023,9,1,0,0,Home Win
2023-09-16,2023,Fleetwood Town,Oxford United,0,3,3,3,3,-3,2023,9,0,1,0,Away Win
2023-09-16,2023,Lincoln City,Carlisle United,1,1,3,3,2,0,2023,9,0,0,1,Draw
2023-09-16,2023,Peterborough United,Leyton Orient,1,1,3,3,2,0,2023,9,0,0,1,Draw
2023-09-16,2023,Port Vale,Northampton Town,1,0,3,3,1,1,2023,9,1,0,0,Home Win
2023-09-16,2023,Reading,Bolton Wanderers,2,1,3,3,3,1,2023,9,1,0,0,Home Win
2023-09-16,2023,Shrewsbury Town,Bristol Rovers,0,2,3,3,2,-2,2023,9,0,1,0,Away Win
2023-09-16,2023,Stevenage Borough,Charlton Athletic,1,1,3,3,2,0,2023,9,0,0,1,Draw
2023-09-16,2023,Wigan Athletic,Cambridge United,2,1,3,3,3,1,2023,9,1,0,0,Home Win
2023-09-16,2023,Wycombe Wanderers,Blackpool,2,0,3,3,2,2,2023,9,1,0,0,Home Win
2023-09-16,2023,Accrington,Sutton United,4,1,4,4,5,3,2023,9,1,0,0,Home Win
2023-09-16,2023,AFC Wimbledon,Crewe Alexandra,2,2,4,4,4,0,2023,9,0,0,1,Draw
2023-09-16,2023,Bradford City,Harrogate Town A.F.C.,1,1,4,4,2,0,2023,9,0,0,1,Draw
2023-09-16,2023,Colchester United,Mansfield Town,1,1,4,4,2,0,2023,9,0,0,1,Draw
2023-09-16,2023,Crawley Town,Tranmere Rovers,3,2,4,4,5,1,2023,9,1,0,0,Home Win
2023-09-16,2023,Forest Green Rovers,Doncaster Rovers,1,2,4,4,3,-1,2023,9,0,1,0,Away Win
2023-09-16,2023,Gillingham,Morecambe,2,1,4,4,3,1,2023,9,1,0,0,Home Win
2023-09-16,2023,Milton Keynes Dons,Stockport County,1,2,4,4,3,-1,2023,9,0,1,0,Away Win
2023-09-16,2023,Newport County,Barrow,1,1,4,4,2,0,2023,9,0,0,1,Draw
2023-09-16,2023,Swindon Town,Walsall,2,0,4,4,2,2,2023,9,1,0,0,Home Win
2023-09-16,2023,Wrexham,Grimsby Town,3,0,4,4,3,3,2023,9,1,0,0,Home Win
2023-09-17,2023,AFC Bournemouth,Chelsea,0,0,1,1,0,0,2023,9,0,0,1,Draw
2023-09-17,2023,Everton,Arsenal,0,1,1,1,1,-1,2023,9,0,1,0,Away Win
2023-09-17,2023,Millwall,Leeds United,0,3,2,2,3,-3,2023,9,0,1,0,Away Win
2023-09-18,2023,Nottingham Forest,Burnley,1,1,1,1,2,0,2023,9,0,0,1,Draw
2023-09-19,2023,Bristol City,Plymouth Argyle,4,1,2,2,5,3,2023,9,1,0,0,Home Win
2023-09-19,2023,Cardiff City,Coventry City,3,2,2,2,5,1,2023,9,1,0,0,Home Win
2023-09-19,2023,Preston North End,Birmingham City,2,1,2,2,3,1,2023,9,1,0,0,Home Win
2023-09-19,2023,Queens Park Rangers,Swansea City,1,1,2,2,2,0,2023,9,0,0,1,Draw
2023-09-19,2023,Southampton,Ipswich Town,0,1,2,2,1,-1,2023,9,0,1,0,Away Win
2023-09-19,2023,Sheffield Wednesday,Middlesbrough,1,1,2,2,2,0,2023,9,0,0,1,Draw
2023-09-19,2023,Barnsley,Portsmouth,2,3,3,3,5,-1,2023,9,0,1,0,Away Win
2023-09-19,2023,Peterborough United,Cheltenham,3,0,3,3,3,3,2023,9,1,0,0,Home Win
2023-09-19,2023,Port Vale,Burton Albion,2,3,3,3,5,-1,2023,9,0,1,0,Away Win
2023-09-20,2023,Blackburn Rovers,Sunderland,1,3,2,2,4,-2,2023,9,0,1,0,Away Win
2023-09-20,2023,Huddersfield Town,Stoke City,2,2,2,2,4,0,2023,9,0,0,1,Draw
2023-09-20,2023,Hull City,Leeds United,0,0,2,2,0,0,2023,9,0,0,1,Draw
2023-09-20,2023,Millwall,Rotherham United,3,0,2,2,3,3,2023,9,1,0,0,Home Win
2023-09-20,2023,Watford,West Bromwich Albion,2,2,2,2,4,0,2023,9,0,0,1,Draw
2023-09-20,2023,Norwich City,Leicester City,0,2,2,2,2,-2,2023,9,0,1,0,Away Win
2023-09-22,2023,Birmingham City,Queens Park Rangers,0,0,2,2,0,0,2023,9,0,0,1,Draw
2023-09-23,2023,Crystal Palace,Fulham,0,0,1,1,0,0,2023,9,0,0,1,Draw
2023-09-23,2023,Luton Town,Wolverhampton Wanderers,1,1,1,1,2,0,2023,9,0,0,1,Draw
2023-09-23,2023,Manchester City,Nottingham Forest,2,0,1,1,2,2,2023,9,1,0,0,Home Win
2023-09-23,2023,Brentford,Everton,1,3,1,1,4,-2,2023,9,0,1,0,Away Win
2023-09-23,2023,Burnley,Manchester United,0,1,1,1,1,-1,2023,9,0,1,0,Away Win
2023-09-23,2023,Ipswich Town,Blackburn Rovers,4,3,2,2,7,1,2023,9,1,0,0,Home Win
2023-09-23,2023,Leeds United,Watford,3,0,2,2,3,3,2023,9,1,0,0,Home Win
2023-09-23,2023,Leicester City,Bristol City,1,0,2,2,1,1,2023,9,1,0,0,Home Win
2023-09-23,2023,Middlesbrough,Southampton,2,1,2,2,3,1,2023,9,1,0,0,Home Win
2023-09-23,2023,Plymouth Argyle,Norwich City,6,2,2,2,8,4,2023,9,1,0,0,Home Win
2023-09-23,2023,Rotherham United,Preston North End,1,1,2,2,2,0,2023,9,0,0,1,Draw
2023-09-23,2023,Swansea City,Sheffield Wednesday,3,0,2,2,3,3,2023,9,1,0,0,Home Win
2023-09-23,2023,West Bromwich Albion,Millwall,0,0,2,2,0,0,2023,9,0,0,1,Draw
2023-09-23,2023,Blackpool,Reading,4,1,3,3,5,3,2023,9,1,0,0,Home Win
2023-09-23,2023,Bolton Wanderers,Peterborough United,1,1,3,3,2,0,2023,9,0,0,1,Draw
2023-09-23,2023,Bristol Rovers,Wigan Athletic,4,1,3,3,5,3,2023,9,1,0,0,Home Win
2023-09-23,2023,Burton Albion,Fleetwood Town,1,1,3,3,2,0,2023,9,0,0,1,Draw
2023-09-23,2023,Cambridge United,Port Vale,1,1,3,3,2,0,2023,9,0,0,1,Draw
2023-09-23,2023,Carlisle United,Derby County,0,2,3,3,2,-2,2023,9,0,1,0,Away Win
2023-09-23,2023,Charlton Athletic,Wycombe Wanderers,3,1,3,3,4,2,2023,9,1,0,0,Home Win
2023-09-23,2023,Cheltenham,Stevenage Borough,0,3,3,3,3,-3,2023,9,0,1,0,Away Win
2023-09-23,2023,Leyton Orient,Shrewsbury Town,1,0,3,3,1,1,2023,9,1,0,0,Home Win
2023-09-23,2023,Northampton Town,Barnsley,1,2,3,3,3,-1,2023,9,0,1,0,Away Win
2023-09-23,2023,Oxford United,Exeter City,3,0,3,3,3,3,2023,9,1,0,0,Home Win
2023-09-23,2023,Portsmouth,Lincoln City,2,1,3,3,3,1,2023,9,1,0,0,Home Win
2023-09-23,2023,Crewe Alexandra,Colchester United,2,1,4,4,3,1,2023,9,1,0,0,Home Win
2023-09-23,2023,Doncaster Rovers,Gillingham,2,1,4,4,3,1,2023,9,1,0,0,Home Win
2023-09-23,2023,Grimsby Town,Crawley Town,2,3,4,4,5,-1,2023,9,0,1,0,Away Win
2023-09-23,2023,Harrogate Town A.F.C.,Salford City,3,2,4,4,5,1,2023,9,1,0,0,Home Win
2023-09-23,2023,Mansfield Town,Barrow,1,0,4,4,1,1,2023,9,1,0,0,Home Win
2023-09-23,2023,Morecambe,Swindon Town,2,2,4,4,4,0,2023,9,0,0,1,Draw
2023-09-23,2023,Newport County,Bradford City,1,4,4,4,5,-3,2023,9,0,1,0,Away Win
2023-09-23,2023,Notts County,Forest Green Rovers,4,3,4,4,7,1,2023,9,1,0,0,Home Win
2023-09-23,2023,Stockport County,Wrexham,5,0,4,4,5,5,2023,9,1,0,0,Home Win
2023-09-23,2023,Sutton United,Milton Keynes Dons,1,1,4,4,2,0,2023,9,0,0,1,Draw
2023-09-23,2023,Tranmere Rovers,Accrington,2,0,4,4,2,2,2023,9,1,0,0,Home Win
2023-09-23,2023,Walsall,AFC Wimbledon,1,3,4,4,4,-2,2023,9,0,1,0,Away Win
2023-09-24,2023,Arsenal,Tottenham Hotspur,2,2,1,1,4,0,2023,9,0,0,1,Draw
2023-09-24,2023,Brighton & Hove Albion,AFC Bournemouth,3,1,1,1,4,2,2023,9,1,0,0,Home Win
2023-09-24,2023,Chelsea,Aston Villa,0,1,1,1,1,-1,2023,9,0,1,0,Away Win
2023-09-24,2023,Liverpool,West Ham United,3,1,1,1,4,2,2023,9,1,0,0,Home Win
2023-09-24,2023,Sheffield United,Newcastle United,0,8,1,1,8,-8,2023,9,0,1,0,Away Win
2023-09-24,2023,Stoke City,Hull City,1,3,2,2,4,-2,2023,9,0,1,0,Away Win
2023-09-24,2023,Sunderland,Cardiff City,0,1,2,2,1,-1,2023,9,0,1,0,Away Win
2023-09-25,2023,Coventry City,Huddersfield Town,1,1,2,2,2,0,2023,9,0,0,1,Draw
2023-09-29,2023,Sheffield Wednesday,Sunderland,0,3,2,2,3,-3,2023,9,0,1,0,Away Win
2023-09-30,2023,Aston Villa,Brighton & Hove Albion,6,1,1,1,7,5,2023,9,1,0,0,Home Win
2023-09-30,2023,AFC Bournemouth,Arsenal,0,4,1,1,4,-4,2023,9,0,1,0,Away Win
2023-09-30,2023,Everton,Luton Town,1,2,1,1,3,-1,2023,9,0,1,0,Away Win
2023-09-30,2023,Manchester United,Crystal Palace,0,1,1,1,1,-1,2023,9,0,1,0,Away Win
2023-09-30,2023,Newcastle United,Burnley,2,0,1,1,2,2,2023,9,1,0,0,Home Win
2023-09-30,2023,West Ham United,Sheffield United,2,0,1,1,2,2,2023,9,1,0,0,Home Win
2023-09-30,2023,Wolverhampton Wanderers,Manchester City,2,1,1,1,3,1,2023,9,1,0,0,Home Win
2023-09-30,2023,Tottenham Hotspur,Liverpool,2,1,1,1,3,1,2023,9,1,0,0,Home Win
2023-09-30,2023,Southampton,Leeds United,3,1,2,2,4,2,2023,9,1,0,0,Home Win
2023-09-30,2023,Bristol City,Stoke City,2,3,2,2,5,-1,2023,9,0,1,0,Away Win
2023-09-30,2023,Cardiff City,Rotherham United,2,0,2,2,2,2,2023,9,1,0,0,Home Win
2023-09-30,2023,Huddersfield Town,Ipswich Town,1,1,2,2,2,0,2023,9,0,0,1,Draw
2023-09-30,2023,Hull City,Plymouth Argyle,1,1,2,2,2,0,2023,9,0,0,1,Draw
2023-09-30,2023,Millwall,Swansea City,0,3,2,2,3,-3,2023,9,0,1,0,Away Win
2023-09-30,2023,Norwich City,Birmingham City,2,0,2,2,2,2,2023,9,1,0,0,Home Win
2023-09-30,2023,Preston North End,West Bromwich Albion,0,4,2,2,4,-4,2023,9,0,1,0,Away Win
2023-09-30,2023,Queens Park Rangers,Coventry City,1,3,2,2,4,-2,2023,9,0,1,0,Away Win
2023-09-30,2023,Watford,Middlesbrough,2,3,2,2,5,-1,2023,9,0,1,0,Away Win
2023-09-30,2023,Barnsley,Blackpool,0,1,3,3,1,-1,2023,9,0,1,0,Away Win
2023-09-30,2023,Derby County,Cambridge United,0,0,3,3,0,0,2023,9,0,0,1,Draw
2023-09-30,2023,Exeter City,Northampton Town,0,2,3,3,2,-2,2023,9,0,1,0,Away Win
2023-09-30,2023,Fleetwood Town,Leyton Orient,1,0,3,3,1,1,2023,9,1,0,0,Home Win
2023-09-30,2023,Lincoln City,Cheltenham,2,0,3,3,2,2,2023,9,1,0,0,Home Win
2023-09-30,2023,Peterborough United,Bristol Rovers,2,0,3,3,2,2,2023,9,1,0,0,Home Win
2023-09-30,2023,Port Vale,Bolton Wanderers,0,1,3,3,1,-1,2023,9,0,1,0,Away Win
2023-09-30,2023,Reading,Burton Albion,0,0,3,3,0,0,2023,9,0,0,1,Draw
2023-09-30,2023,Shrewsbury Town,Charlton Athletic,0,0,3,3,0,0,2023,9,0,0,1,Draw
2023-09-30,2023,Stevenage Borough,Oxford United,1,3,3,3,4,-2,2023,9,0,1,0,Away Win
2023-09-30,2023,Wigan Athletic,Portsmouth,1,2,3,3,3,-1,2023,9,0,1,0,Away Win
2023-09-30,2023,Wycombe Wanderers,Carlisle United,2,0,3,3,2,2,2023,9,1,0,0,Home Win
2023-09-30,2023,Accrington,Stockport County,1,3,4,4,4,-2,2023,9,0,1,0,Away Win
2023-09-30,2023,AFC Wimbledon,Tranmere Rovers,4,1,4,4,5,3,2023,9,1,0,0,Home Win
2023-09-30,2023,Barrow,Doncaster Rovers,3,2,4,4,5,1,2023,9,1,0,0,Home Win
2023-09-30,2023,Bradford City,Walsall,1,3,4,4,4,-2,2023,9,0,1,0,Away Win
2023-09-30,2023,Colchester United,Notts County,5,4,4,4,9,1,2023,9,1,0,0,Home Win
2023-09-30,2023,Crawley Town,Sutton United,3,0,4,4,3,3,2023,9,1,0,0,Home Win
2023-09-30,2023,Forest Green Rovers,Morecambe,1,2,4,4,3,-1,2023,9,0,1,0,Away Win
2023-09-30,2023,Gillingham,Mansfield Town,1,1,4,4,2,0,2023,9,0,0,1,Draw
2023-09-30,2023,Milton Keynes Dons,Harrogate Town A.F.C.,0,1,4,4,1,-1,2023,9,0,1,0,Away Win
2023-09-30,2023,Salford City,Newport County,2,1,4,4,3,1,2023,9,1,0,0,Home Win
2023-09-30,2023,Swindon Town,Grimsby Town,2,1,4,4,3,1,2023,9,1,0,0,Home Win
2023-09-30,2023,Wrexham,Crewe Alexandra,3,3,4,4,6,0,2023,9,0,0,1,Draw
2023-10-01,2023,Nottingham Forest,Brentford,1,1,1,1,2,0,2023,10,0,0,1,Draw
2023-10-01,2023,Blackburn Rovers,Leicester City,1,4,2,2,5,-3,2023,10,0,1,0,Away Win
2023-10-02,2023,Fulham,Chelsea,0,2,1,1,2,-2,2023,10,0,1,0,Away Win
2023-10-03,2023,Luton Town,Burnley,1,2,1,1,3,-1,2023,10,0,1,0,Away Win
2023-10-03,2023,Birmingham City,Huddersfield Town,4,1,2,2,5,3,2023,10,1,0,0,Home Win
2023-10-03,2023,Ipswich Town,Hull City,3,0,2,2,3,3,2023,10,1,0,0,Home Win
2023-10-03,2023,Middlesbrough,Cardiff City,2,0,2,2,2,2,2023,10,1,0,0,Home Win
2023-10-03,2023,Plymouth Argyle,Millwall,0,2,2,2,2,-2,2023,10,0,1,0,Away Win
2023-10-03,2023,Stoke City,Southampton,0,1,2,2,1,-1,2023,10,0,1,0,Away Win
2023-10-03,2023,West Bromwich Albion,Sheffield Wednesday,1,0,2,2,1,1,2023,10,1,0,0,Home Win
2023-10-03,2023,Blackpool,Derby County,1,3,3,3,4,-2,2023,10,0,1,0,Away Win
2023-10-03,2023,Bolton Wanderers,Stevenage Borough,3,2,3,3,5,1,2023,10,1,0,0,Home Win
2023-10-03,2023,Bristol Rovers,Port Vale,3,0,3,3,3,3,2023,10,1,0,0,Home Win
2023-10-03,2023,Burton Albion,Wigan Athletic,2,1,3,3,3,1,2023,10,1,0,0,Home Win
2023-10-03,2023,Cambridge United,Barnsley,0,4,3,3,4,-4,2023,10,0,1,0,Away Win
2023-10-03,2023,Carlisle United,Peterborough United,1,1,3,3,2,0,2023,10,0,0,1,Draw
2023-10-03,2023,Charlton Athletic,Exeter City,4,1,3,3,5,3,2023,10,1,0,0,Home Win
2023-10-03,2023,Cheltenham,Fleetwood Town,0,2,3,3,2,-2,2023,10,0,1,0,Away Win
2023-10-03,2023,Northampton Town,Reading,3,1,3,3,4,2,2023,10,1,0,0,Home Win
2023-10-03,2023,Oxford United,Shrewsbury Town,3,0,3,3,3,3,2023,10,1,0,0,Home Win
2023-10-03,2023,Portsmouth,Wycombe Wanderers,2,1,3,3,3,1,2023,10,1,0,0,Home Win
2023-10-03,2023,Crewe Alexandra,Gillingham,2,0,4,4,2,2,2023,10,1,0,0,Home Win
2023-10-03,2023,Doncaster Rovers,Crawley Town,2,0,4,4,2,2,2023,10,1,0,0,Home Win
2023-10-03,2023,Grimsby Town,Barrow,2,1,4,4,3,1,2023,10,1,0,0,Home Win
2023-10-03,2023,Harrogate Town A.F.C.,AFC Wimbledon,0,1,4,4,1,-1,2023,10,0,1,0,Away Win
2023-10-03,2023,Mansfield Town,Wrexham,0,0,4,4,0,0,2023,10,0,0,1,Draw
2023-10-03,2023,Morecambe,Accrington,1,1,4,4,2,0,2023,10,0,0,1,Draw
2023-10-03,2023,Newport County,Colchester United,2,1,4,4,3,1,2023,10,1,0,0,Home Win
2023-10-03,2023,Notts County,Swindon Town,3,1,4,4,4,2,2023,10,1,0,0,Home Win
2023-10-03,2023,Stockport County,Forest Green Rovers,2,0,4,4,2,2,2023,10,1,0,0,Home Win
2023-10-03,2023,Sutton United,Salford City,0,2,4,4,2,-2,2023,10,0,1,0,Away Win
2023-10-03,2023,Tranmere Rovers,Bradford City,2,1,4,4,3,1,2023,10,1,0,0,Home Win
2023-10-03,2023,Walsall,Milton Keynes Dons,0,0,4,4,0,0,2023,10,0,0,1,Draw
2023-10-04,2023,Coventry City,Blackburn Rovers,1,0,2,2,1,1,2023,10,1,0,0,Home Win
2023-10-04,2023,Leeds United,Queens Park Rangers,1,0,2,2,1,1,2023,10,1,0,0,Home Win
2023-10-04,2023,Leicester City,Preston North End,3,0,2,2,3,3,2023,10,1,0,0,Home Win
2023-10-04,2023,Sunderland,Watford,2,0,2,2,2,2,2023,10,1,0,0,Home Win
2023-10-04,2023,Swansea City,Norwich City,2,1,2,2,3,1,2023,10,1,0,0,Home Win
2023-10-04,2023,Rotherham United,Bristol City,1,2,2,2,3,-1,2023,10,0,1,0,Away Win
2023-10-06,2023,Birmingham City,West Bromwich Albion,3,1,2,2,4,2,2023,10,1,0,0,Home Win
2023-10-07,2023,Luton Town,Tottenham Hotspur,0,1,1,1,1,-1,2023,10,0,1,0,Away Win
2023-10-07,2023,Burnley,Chelsea,1,4,1,1,5,-3,2023,10,0,1,0,Away Win
2023-10-07,2023,Everton,AFC Bournemouth,3,0,1,1,3,3,2023,10,1,0,0,Home Win
2023-10-07,2023,Fulham,Sheffield United,3,1,1,1,4,2,2023,10,1,0,0,Home Win
2023-10-07,2023,Manchester United,Brentford,2,1,1,1,3,1,2023,10,1,0,0,Home Win
2023-10-07,2023,Crystal Palace,Nottingham Forest,0,0,1,1,0,0,2023,10,0,0,1,Draw
2023-10-07,2023,Sunderland,Middlesbrough,0,4,2,2,4,-4,2023,10,0,1,0,Away Win
2023-10-07,2023,Cardiff City,Watford,1,1,2,2,2,0,2023,10,0,0,1,Draw
2023-10-07,2023,Coventry City,Norwich City,1,1,2,2,2,0,2023,10,0,0,1,Draw
2023-10-07,2023,Ipswich Town,Preston North End,4,2,2,2,6,2,2023,10,1,0,0,Home Win
2023-10-07,2023,Leeds United,Bristol City,2,1,2,2,3,1,2023,10,1,0,0,Home Win
2023-10-07,2023,Leicester City,Stoke City,2,0,2,2,2,2,2023,10,1,0,0,Home Win
2023-10-07,2023,Millwall,Hull City,2,2,2,2,4,0,2023,10,0,0,1,Draw
2023-10-07,2023,Plymouth Argyle,Swansea City,1,3,2,2,4,-2,2023,10,0,1,0,Away Win
2023-10-07,2023,Queens Park Rangers,Blackburn Rovers,0,4,2,2,4,-4,2023,10,0,1,0,Away Win
2023-10-07,2023,Sheffield Wednesday,Huddersfield Town,0,0,2,2,0,0,2023,10,0,0,1,Draw
2023-10-07,2023,Southampton,Rotherham United,1,1,2,2,2,0,2023,10,0,0,1,Draw
2023-10-07,2023,Oxford United,Bristol Rovers,2,1,3,3,3,1,2023,10,1,0,0,Home Win
2023-10-07,2023,Bolton Wanderers,Carlisle United,1,3,3,3,4,-2,2023,10,0,1,0,Away Win
2023-10-07,2023,Charlton Athletic,Blackpool,2,2,3,3,4,0,2023,10,0,0,1,Draw
2023-10-07,2023,Cheltenham,Derby County,1,1,3,3,2,0,2023,10,0,0,1,Draw
2023-10-07,2023,Exeter City,Barnsley,0,1,3,3,1,-1,2023,10,0,1,0,Away Win
2023-10-07,2023,Fleetwood Town,Wycombe Wanderers,1,4,3,3,5,-3,2023,10,0,1,0,Away Win
2023-10-07,2023,Leyton Orient,Reading,2,1,3,3,3,1,2023,10,1,0,0,Home Win
2023-10-07,2023,Peterborough United,Lincoln City,2,0,3,3,2,2,2023,10,1,0,0,Home Win
2023-10-07,2023,Portsmouth,Port Vale,2,0,3,3,2,2,2023,10,1,0,0,Home Win
2023-10-07,2023,Shrewsbury Town,Northampton Town,1,0,3,3,1,1,2023,10,1,0,0,Home Win
2023-10-07,2023,Stevenage Borough,Wigan Athletic,1,0,3,3,1,1,2023,10,1,0,0,Home Win
2023-10-07,2023,Accrington,Forest Green Rovers,2,1,4,4,3,1,2023,10,1,0,0,Home Win
2023-10-07,2023,Barrow,Notts County,1,1,4,4,2,0,2023,10,0,0,1,Draw
2023-10-07,2023,Bradford City,Swindon Town,1,0,4,4,1,1,2023,10,1,0,0,Home Win
2023-10-07,2023,Colchester United,Morecambe,1,3,4,4,4,-2,2023,10,0,1,0,Away Win
2023-10-07,2023,Crawley Town,Wrexham,0,1,4,4,1,-1,2023,10,0,1,0,Away Win
2023-10-07,2023,Gillingham,Milton Keynes Dons,2,1,4,4,3,1,2023,10,1,0,0,Home Win
2023-10-07,2023,Mansfield Town,AFC Wimbledon,0,0,4,4,0,0,2023,10,0,0,1,Draw
2023-10-07,2023,Newport County,Harrogate Town A.F.C.,1,2,4,4,3,-1,2023,10,0,1,0,Away Win
2023-10-07,2023,Salford City,Crewe Alexandra,4,2,4,4,6,2,2023,10,1,0,0,Home Win
2023-10-07,2023,Stockport County,Doncaster Rovers,1,0,4,4,1,1,2023,10,1,0,0,Home Win
2023-10-07,2023,Sutton United,Walsall,4,0,4,4,4,4,2023,10,1,0,0,Home Win
2023-10-07,2023,Tranmere Rovers,Grimsby Town,2,2,4,4,4,0,2023,10,0,0,1,Draw
2023-10-08,2023,Brighton & Hove Albion,Liverpool,2,2,1,1,4,0,2023,10,0,0,1,Draw
2023-10-08,2023,West Ham United,Newcastle United,2,2,1,1,4,0,2023,10,0,0,1,Draw
2023-10-08,2023,Wolverhampton Wanderers,Aston Villa,1,1,1,1,2,0,2023,10,0,0,1,Draw
2023-10-08,2023,Arsenal,Manchester City,1,0,1,1,1,1,2023,10,1,0,0,Home Win
2023-10-09,2023,Burton Albion,Cambridge United,2,1,3,3,3,1,2023,10,1,0,0,Home Win
2023-10-14,2023,Blackpool,Stevenage Borough,3,0,3,3,3,3,2023,10,1,0,0,Home Win
2023-10-14,2023,Cambridge United,Shrewsbury Town,1,1,3,3,2,0,2023,10,0,0,1,Draw
2023-10-14,2023,Carlisle United,Leyton Orient,0,1,3,3,1,-1,2023,10,0,1,0,Away Win
2023-10-14,2023,Lincoln City,Burton Albion,0,1,3,3,1,-1,2023,10,0,1,0,Away Win
2023-10-14,2023,Notts County,Mansfield Town,1,4,4,4,5,-3,2023,10,0,1,0,Away Win
2023-10-14,2023,AFC Wimbledon,Bradford City,0,1,4,4,1,-1,2023,10,0,1,0,Away Win
2023-10-14,2023,Crewe Alexandra,Tranmere Rovers,2,0,4,4,2,2,2023,10,1,0,0,Home Win
2023-10-14,2023,Doncaster Rovers,Sutton United,4,1,4,4,5,3,2023,10,1,0,0,Home Win
2023-10-14,2023,Forest Green Rovers,Colchester United,5,0,4,4,5,5,2023,10,1,0,0,Home Win
2023-10-14,2023,Grimsby Town,Accrington,0,2,4,4,2,-2,2023,10,0,1,0,Away Win
2023-10-14,2023,Harrogate Town A.F.C.,Stockport County,1,3,4,4,4,-2,2023,10,0,1,0,Away Win
2023-10-14,2023,Milton Keynes Dons,Barrow,2,2,4,4,4,0,2023,10,0,0,1,Draw
2023-10-14,2023,Swindon Town,Newport County,2,0,4,4,2,2,2023,10,1,0,0,Home Win
2023-10-14,2023,Walsall,Gillingham,4,1,4,4,5,3,2023,10,1,0,0,Home Win
2023-10-14,2023,Wrexham,Salford City,3,2,4,4,5,1,2023,10,1,0,0,Home Win
2023-10-20,2023,Newport County,Walsall,3,3,4,4,6,0,2023,10,0,0,1,Draw
2023-10-20,2023,Tranmere Rovers,Doncaster Rovers,1,2,4,4,3,-1,2023,10,0,1,0,Away Win
2023-10-21,2023,Liverpool,Everton,2,0,1,1,2,2,2023,10,1,0,0,Home Win
2023-10-21,2023,AFC Bournemouth,Wolverhampton Wanderers,1,2,1,1,3,-1,2023,10,0,1,0,Away Win
2023-10-21,2023,Brentford,Burnley,3,0,1,1,3,3,2023,10,1,0,0,Home Win
2023-10-21,2023,Manchester City,Brighton & Hove Albion,2,1,1,1,3,1,2023,10,1,0,0,Home Win
2023-10-21,2023,Newcastle United,Crystal Palace,4,0,1,1,4,4,2023,10,1,0,0,Home Win
2023-10-21,2023,Nottingham Forest,Luton Town,2,2,1,1,4,0,2023,10,0,0,1,Draw
2023-10-21,2023,Chelsea,Arsenal,2,2,1,1,4,0,2023,10,0,0,1,Draw
2023-10-21,2023,Sheffield United,Manchester United,1,2,1,1,3,-1,2023,10,0,1,0,Away Win
2023-10-21,2023,Preston North End,Millwall,1,1,2,2,2,0,2023,10,0,0,1,Draw
2023-10-21,2023,Blackburn Rovers,Cardiff City,1,0,2,2,1,1,2023,10,1,0,0,Home Win
2023-10-21,2023,Bristol City,Coventry City,1,0,2,2,1,1,2023,10,1,0,0,Home Win
2023-10-21,2023,Huddersfield Town,Queens Park Rangers,2,1,2,2,3,1,2023,10,1,0,0,Home Win
2023-10-21,2023,Hull City,Southampton,1,2,2,2,3,-1,2023,10,0,1,0,Away Win
2023-10-21,2023,Middlesbrough,Birmingham City,1,0,2,2,1,1,2023,10,1,0,0,Home Win
2023-10-21,2023,Norwich City,Leeds United,2,3,2,2,5,-1,2023,10,0,1,0,Away Win
2023-10-21,2023,Stoke City,Sunderland,2,1,2,2,3,1,2023,10,1,0,0,Home Win
2023-10-21,2023,Swansea City,Leicester City,1,3,2,2,4,-2,2023,10,0,1,0,Away Win
2023-10-21,2023,Watford,Sheffield Wednesday,1,0,2,2,1,1,2023,10,1,0,0,Home Win
2023-10-21,2023,West Bromwich Albion,Plymouth Argyle,0,0,2,2,0,0,2023,10,0,0,1,Draw
2023-10-21,2023,Bolton Wanderers,Northampton Town,2,1,3,3,3,1,2023,10,1,0,0,Home Win
2023-10-21,2023,Burton Albion,Bristol Rovers,4,1,3,3,5,3,2023,10,1,0,0,Home Win
2023-10-21,2023,Charlton Athletic,Reading,4,0,3,3,4,4,2023,10,1,0,0,Home Win
2023-10-21,2023,Cheltenham,Cambridge United,1,0,3,3,1,1,2023,10,1,0,0,Home Win
2023-10-21,2023,Exeter City,Wigan Athletic,0,2,3,3,2,-2,2023,10,0,1,0,Away Win
2023-10-21,2023,Fleetwood Town,Lincoln City,0,1,3,3,1,-1,2023,10,0,1,0,Away Win
2023-10-21,2023,Leyton Orient,Barnsley,1,1,3,3,2,0,2023,10,0,0,1,Draw
2023-10-21,2023,Oxford United,Blackpool,1,1,3,3,2,0,2023,10,0,0,1,Draw
2023-10-21,2023,Peterborough United,Wycombe Wanderers,2,2,3,3,4,0,2023,10,0,0,1,Draw
2023-10-21,2023,Portsmouth,Carlisle United,1,0,3,3,1,1,2023,10,1,0,0,Home Win
2023-10-21,2023,Shrewsbury Town,Derby County,1,0,3,3,1,1,2023,10,1,0,0,Home Win
2023-10-21,2023,Stevenage Borough,Port Vale,0,0,3,3,0,0,2023,10,0,0,1,Draw
2023-10-21,2023,Accrington,Milton Keynes Dons,1,0,4,4,1,1,2023,10,1,0,0,Home Win
2023-10-21,2023,Barrow,AFC Wimbledon,0,0,4,4,0,0,2023,10,0,0,1,Draw
2023-10-21,2023,Bradford City,Wrexham,1,1,4,4,2,0,2023,10,0,0,1,Draw
2023-10-21,2023,Colchester United,Harrogate Town A.F.C.,1,2,4,4,3,-1,2023,10,0,1,0,Away Win
2023-10-21,2023,Crawley Town,Crewe Alexandra,2,4,4,4,6,-2,2023,10,0,1,0,Away Win
2023-10-21,2023,Gillingham,Notts County,1,2,4,4,3,-1,2023,10,0,1,0,Away Win
2023-10-21,2023,Salford City,Swindon Town,2,2,4,4,4,0,2023,10,0,0,1,Draw
2023-10-21,2023,Stockport County,Grimsby Town,3,2,4,4,5,1,2023,10,1,0,0,Home Win
2023-10-21,2023,Sutton United,Morecambe,2,3,4,4,5,-1,2023,10,0,1,0,Away Win
2023-10-22,2023,Aston Villa,West Ham United,4,1,1,1,5,3,2023,10,1,0,0,Home Win
2023-10-23,2023,Tottenham Hotspur,Fulham,2,0,1,1,2,2,2023,10,1,0,0,Home Win
2023-10-24,2023,Huddersfield Town,Cardiff City,0,4,2,2,4,-4,2023,10,0,1,0,Away Win
2023-10-24,2023,Millwall,Blackburn Rovers,1,2,2,2,3,-1,2023,10,0,1,0,Away Win
2023-10-24,2023,Norwich City,Middlesbrough,1,2,2,2,3,-1,2023,10,0,1,0,Away Win
2023-10-24,2023,Swansea City,Watford,0,1,2,2,1,-1,2023,10,0,1,0,Away Win
2023-10-24,2023,Leicester City,Sunderland,1,0,2,2,1,1,2023,10,1,0,0,Home Win
2023-10-24,2023,West Bromwich Albion,Queens Park Rangers,2,0,2,2,2,2,2023,10,1,0,0,Home Win
2023-10-24,2023,Barnsley,Shrewsbury Town,3,0,3,3,3,3,2023,10,1,0,0,Home Win
2023-10-24,2023,Blackpool,Cheltenham,3,2,3,3,5,1,2023,10,1,0,0,Home Win
2023-10-24,2023,Bristol Rovers,Stevenage Borough,1,1,3,3,2,0,2023,10,0,0,1,Draw
2023-10-24,2023,Cambridge United,Portsmouth,0,0,3,3,0,0,2023,10,0,0,1,Draw
2023-10-24,2023,Carlisle United,Burton Albion,2,1,3,3,3,1,2023,10,1,0,0,Home Win
2023-10-24,2023,Derby County,Exeter City,2,0,3,3,2,2,2023,10,1,0,0,Home Win
2023-10-24,2023,Lincoln City,Charlton Athletic,3,1,3,3,4,2,2023,10,1,0,0,Home Win
2023-10-24,2023,Northampton Town,Leyton Orient,2,2,3,3,4,0,2023,10,0,0,1,Draw
2023-10-24,2023,Port Vale,Peterborough United,0,1,3,3,1,-1,2023,10,0,1,0,Away Win
2023-10-24,2023,Wigan Athletic,Oxford United,2,0,3,3,2,2,2023,10,1,0,0,Home Win
2023-10-24,2023,Wycombe Wanderers,Bolton Wanderers,2,4,3,3,6,-2,2023,10,0,1,0,Away Win
2023-10-24,2023,Reading,Fleetwood Town,1,2,3,3,3,-1,2023,10,0,1,0,Away Win
2023-10-24,2023,AFC Wimbledon,Accrington,2,4,4,4,6,-2,2023,10,0,1,0,Away Win
2023-10-24,2023,Crewe Alexandra,Stockport County,0,2,4,4,2,-2,2023,10,0,1,0,Away Win
2023-10-24,2023,Doncaster Rovers,Salford City,0,3,4,4,3,-3,2023,10,0,1,0,Away Win
2023-10-24,2023,Forest Green Rovers,Barrow,0,2,4,4,2,-2,2023,10,0,1,0,Away Win
2023-10-24,2023,Grimsby Town,Colchester United,2,3,4,4,5,-1,2023,10,0,1,0,Away Win
2023-10-24,2023,Harrogate Town A.F.C.,Mansfield Town,1,4,4,4,5,-3,2023,10,0,1,0,Away Win
2023-10-24,2023,Milton Keynes Dons,Bradford City,4,1,4,4,5,3,2023,10,1,0,0,Home Win
2023-10-24,2023,Morecambe,Tranmere Rovers,1,0,4,4,1,1,2023,10,1,0,0,Home Win
2023-10-24,2023,Notts County,Newport County,3,0,4,4,3,3,2023,10,1,0,0,Home Win
2023-10-24,2023,Swindon Town,Gillingham,0,1,4,4,1,-1,2023,10,0,1,0,Away Win
2023-10-24,2023,Walsall,Crawley Town,1,1,4,4,2,0,2023,10,0,0,1,Draw
2023-10-24,2023,Wrexham,Sutton United,2,1,4,4,3,1,2023,10,1,0,0,Home Win
2023-10-25,2023,Birmingham City,Hull City,0,2,2,2,2,-2,2023,10,0,1,0,Away Win
2023-10-25,2023,Bristol City,Ipswich Town,0,1,2,2,1,-1,2023,10,0,1,0,Away Win
2023-10-25,2023,Plymouth Argyle,Sheffield Wednesday,3,0,2,2,3,3,2023,10,1,0,0,Home Win
2023-10-25,2023,Preston North End,Southampton,2,2,2,2,4,0,2023,10,0,0,1,Draw
2023-10-25,2023,Rotherham United,Coventry City,2,0,2,2,2,2,2023,10,1,0,0,Home Win
2023-10-25,2023,Stoke City,Leeds United,1,0,2,2,1,1,2023,10,1,0,0,Home Win
2023-10-27,2023,Crystal Palace,Tottenham Hotspur,1,2,1,1,3,-1,2023,10,0,1,0,Away Win
2023-10-28,2023,Chelsea,Brentford,0,2,1,1,2,-2,2023,10,0,1,0,Away Win
2023-10-28,2023,Arsenal,Sheffield United,5,0,1,1,5,5,2023,10,1,0,0,Home Win
2023-10-28,2023,AFC Bournemouth,Burnley,2,1,1,1,3,1,2023,10,1,0,0,Home Win
2023-10-28,2023,Wolverhampton Wanderers,Newcastle United,2,2,1,1,4,0,2023,10,0,0,1,Draw
2023-10-28,2023,Leeds United,Huddersfield Town,4,1,2,2,5,3,2023,10,1,0,0,Home Win
2023-10-28,2023,Southampton,Birmingham City,3,1,2,2,4,2,2023,10,1,0,0,Home Win
2023-10-28,2023,Blackburn Rovers,Swansea City,0,1,2,2,1,-1,2023,10,0,1,0,Away Win
2023-10-28,2023,Cardiff City,Bristol City,2,0,2,2,2,2,2023,10,1,0,0,Home Win
2023-10-28,2023,Hull City,Preston North End,1,0,2,2,1,1,2023,10,1,0,0,Home Win
2023-10-28,2023,Ipswich Town,Plymouth Argyle,3,2,2,2,5,1,2023,10,1,0,0,Home Win
2023-10-28,2023,Middlesbrough,Stoke City,0,2,2,2,2,-2,2023,10,0,1,0,Away Win
2023-10-28,2023,Queens Park Rangers,Leicester City,1,2,2,2,3,-1,2023,10,0,1,0,Away Win
2023-10-28,2023,Sunderland,Norwich City,3,1,2,2,4,2,2023,10,1,0,0,Home Win
2023-10-28,2023,Watford,Millwall,2,2,2,2,4,0,2023,10,0,0,1,Draw
2023-10-28,2023,Barnsley,Fleetwood Town,2,2,3,3,4,0,2023,10,0,0,1,Draw
2023-10-28,2023,Blackpool,Peterborough United,2,4,3,3,6,-2,2023,10,0,1,0,Away Win
2023-10-28,2023,Bristol Rovers,Northampton Town,2,1,3,3,3,1,2023,10,1,0,0,Home Win
2023-10-28,2023,Burton Albion,Leyton Orient,0,0,3,3,0,0,2023,10,0,0,1,Draw
2023-10-28,2023,Cambridge United,Carlisle United,1,0,3,3,1,1,2023,10,1,0,0,Home Win
2023-10-28,2023,Charlton Athletic,Bolton Wanderers,0,2,3,3,2,-2,2023,10,0,1,0,Away Win
2023-10-28,2023,Exeter City,Lincoln City,1,1,3,3,2,0,2023,10,0,0,1,Draw
2023-10-28,2023,Oxford United,Wycombe Wanderers,2,2,3,3,4,0,2023,10,0,0,1,Draw
2023-10-28,2023,Port Vale,Cheltenham,1,2,3,3,3,-1,2023,10,0,1,0,Away Win
2023-10-28,2023,Reading,Portsmouth,2,3,3,3,5,-1,2023,10,0,1,0,Away Win
2023-10-28,2023,Stevenage Borough,Derby County,3,1,3,3,4,2,2023,10,1,0,0,Home Win
2023-10-28,2023,Wigan Athletic,Shrewsbury Town,2,0,3,3,2,2,2023,10,1,0,0,Home Win
2023-10-28,2023,Accrington,Colchester United,0,1,4,4,1,-1,2023,10,0,1,0,Away Win
2023-10-28,2023,Barrow,Salford City,0,0,4,4,0,0,2023,10,0,0,1,Draw
2023-10-28,2023,Doncaster Rovers,Grimsby Town,1,0,4,4,1,1,2023,10,1,0,0,Home Win
2023-10-28,2023,Forest Green Rovers,Crawley Town,2,1,4,4,3,1,2023,10,1,0,0,Home Win
2023-10-28,2023,Gillingham,Newport County,0,2,4,4,2,-2,2023,10,0,1,0,Away Win
2023-10-28,2023,Harrogate Town A.F.C.,Crewe Alexandra,0,1,4,4,1,-1,2023,10,0,1,0,Away Win
2023-10-28,2023,Mansfield Town,Walsall,2,1,4,4,3,1,2023,10,1,0,0,Home Win
2023-10-28,2023,Milton Keynes Dons,Swindon Town,3,2,4,4,5,1,2023,10,1,0,0,Home Win
2023-10-28,2023,Morecambe,AFC Wimbledon,4,1,4,4,5,3,2023,10,1,0,0,Home Win
2023-10-28,2023,Notts County,Wrexham,0,2,4,4,2,-2,2023,10,0,1,0,Away Win
2023-10-28,2023,Stockport County,Tranmere Rovers,2,0,4,4,2,2,2023,10,1,0,0,Home Win
2023-10-28,2023,Sutton United,Bradford City,2,1,4,4,3,1,2023,10,1,0,0,Home Win
2023-10-29,2023,West Ham United,Everton,0,1,1,1,1,-1,2023,10,0,1,0,Away Win
2023-10-29,2023,Aston Villa,Luton Town,3,1,1,1,4,2,2023,10,1,0,0,Home Win
2023-10-29,2023,Brighton & Hove Albion,Fulham,1,1,1,1,2,0,2023,10,0,0,1,Draw
2023-10-29,2023,Liverpool,Nottingham Forest,3,0,1,1,3,3,2023,10,1,0,0,Home Win
2023-10-29,2023,Manchester United,Manchester City,0,3,1,1,3,-3,2023,10,0,1,0,Away Win
2023-10-29,2023,Sheffield Wednesday,Rotherham United,2,0,2,2,2,2,2023,10,1,0,0,Home Win
2023-10-30,2023,Coventry City,West Bromwich Albion,0,2,2,2,2,-2,2023,10,0,1,0,Away Win
2023-10-31,2023,Derby County,Northampton Town,4,0,3,3,4,4,2023,10,1,0,0,Home Win
2023-10-31,2023,Lincoln City,Oxford United,0,2,3,3,2,-2,2023,10,0,1,0,Away Win
2023-10-31,2023,Wigan Athletic,Charlton Athletic,2,3,3,3,5,-1,2023,10,0,1,0,Away Win
2023-10-31,2023,Wycombe Wanderers,Cambridge United,0,0,3,3,0,0,2023,10,0,0,1,Draw
2023-10-31,2023,Barrow,Morecambe,1,0,4,4,1,1,2023,10,1,0,0,Home Win
2023-11-01,2023,Fleetwood Town,Blackpool,3,3,3,3,6,0,2023,11,0,0,1,Draw
2023-11-03,2023,Leicester City,Leeds United,0,1,2,2,1,-1,2023,11,0,1,0,Away Win
2023-11-04,2023,Fulham,Manchester United,0,1,1,1,1,-1,2023,11,0,1,0,Away Win
2023-11-04,2023,Brentford,West Ham United,3,2,1,1,5,1,2023,11,1,0,0,Home Win
2023-11-04,2023,Burnley,Crystal Palace,0,2,1,1,2,-2,2023,11,0,1,0,Away Win
2023-11-04,2023,Everton,Brighton & Hove Albion,1,1,1,1,2,0,2023,11,0,0,1,Draw
2023-11-04,2023,Manchester City,AFC Bournemouth,6,1,1,1,7,5,2023,11,1,0,0,Home Win
2023-11-04,2023,Sheffield United,Wolverhampton Wanderers,2,1,1,1,3,1,2023,11,1,0,0,Home Win
2023-11-04,2023,Newcastle United,Arsenal,1,0,1,1,1,1,2023,11,1,0,0,Home Win
2023-11-04,2023,Birmingham City,Ipswich Town,2,2,2,2,4,0,2023,11,0,0,1,Draw
2023-11-04,2023,Bristol City,Sheffield Wednesday,1,0,2,2,1,1,2023,11,1,0,0,Home Win
2023-11-04,2023,Huddersfield Town,Watford,0,0,2,2,0,0,2023,11,0,0,1,Draw
2023-11-04,2023,Millwall,Southampton,0,1,2,2,1,-1,2023,11,0,1,0,Away Win
2023-11-04,2023,Plymouth Argyle,Middlesbrough,3,3,2,2,6,0,2023,11,0,0,1,Draw
2023-11-04,2023,Preston North End,Coventry City,3,2,2,2,5,1,2023,11,1,0,0,Home Win
2023-11-04,2023,Rotherham United,Queens Park Rangers,1,1,2,2,2,0,2023,11,0,0,1,Draw
2023-11-04,2023,Stoke City,Cardiff City,0,0,2,2,0,0,2023,11,0,0,1,Draw
2023-11-04,2023,Swansea City,Sunderland,0,0,2,2,0,0,2023,11,0,0,1,Draw
2023-11-04,2023,West Bromwich Albion,Hull City,3,1,2,2,4,2,2023,11,1,0,0,Home Win
2023-11-05,2023,Nottingham Forest,Aston Villa,2,0,1,1,2,2,2023,11,1,0,0,Home Win
2023-11-05,2023,Luton Town,Liverpool,1,1,1,1,2,0,2023,11,0,0,1,Draw
2023-11-05,2023,Norwich City,Blackburn Rovers,1,3,2,2,4,-2,2023,11,0,1,0,Away Win
2023-11-06,2023,Tottenham Hotspur,Chelsea,1,4,1,1,5,-3,2023,11,0,1,0,Away Win
2023-11-07,2023,Rotherham United,Ipswich Town,2,2,2,2,4,0,2023,11,0,0,1,Draw
2023-11-07,2023,Shrewsbury Town,Bolton Wanderers,0,2,3,3,2,-2,2023,11,0,1,0,Away Win
2023-11-07,2023,Wigan Athletic,Peterborough United,2,1,3,3,3,1,2023,11,1,0,0,Home Win
2023-11-07,2023,Reading,Bristol Rovers,1,1,3,3,2,0,2023,11,0,0,1,Draw
2023-11-07,2023,Colchester United,Swindon Town,3,1,4,4,4,2,2023,11,1,0,0,Home Win
2023-11-10,2023,Blackburn Rovers,Preston North End,1,2,2,2,3,-1,2023,11,0,1,0,Away Win
2023-11-11,2023,Wolverhampton Wanderers,Tottenham Hotspur,2,1,1,1,3,1,2023,11,1,0,0,Home Win
2023-11-11,2023,Arsenal,Burnley,3,1,1,1,4,2,2023,11,1,0,0,Home Win
2023-11-11,2023,Crystal Palace,Everton,2,3,1,1,5,-1,2023,11,0,1,0,Away Win
2023-11-11,2023,Manchester United,Luton Town,1,0,1,1,1,1,2023,11,1,0,0,Home Win
2023-11-11,2023,AFC Bournemouth,Newcastle United,2,0,1,1,2,2,2023,11,1,0,0,Home Win
2023-11-11,2023,Sunderland,Birmingham City,3,1,2,2,4,2,2023,11,1,0,0,Home Win
2023-11-11,2023,Cardiff City,Norwich City,2,3,2,2,5,-1,2023,11,0,1,0,Away Win
2023-11-11,2023,Coventry City,Stoke City,0,0,2,2,0,0,2023,11,0,0,1,Draw
2023-11-11,2023,Hull City,Huddersfield Town,1,0,2,2,1,1,2023,11,1,0,0,Home Win
2023-11-11,2023,Ipswich Town,Swansea City,3,2,2,2,5,1,2023,11,1,0,0,Home Win
2023-11-11,2023,Leeds United,Plymouth Argyle,2,1,2,2,3,1,2023,11,1,0,0,Home Win
2023-11-11,2023,Middlesbrough,Leicester City,1,0,2,2,1,1,2023,11,1,0,0,Home Win
2023-11-11,2023,Queens Park Rangers,Bristol City,0,0,2,2,0,0,2023,11,0,0,1,Draw
2023-11-11,2023,Sheffield Wednesday,Millwall,0,4,2,2,4,-4,2023,11,0,1,0,Away Win
2023-11-11,2023,Southampton,West Bromwich Albion,2,1,2,2,3,1,2023,11,1,0,0,Home Win
2023-11-11,2023,Watford,Rotherham United,5,0,2,2,5,5,2023,11,1,0,0,Home Win
2023-11-11,2023,Peterborough United,Cambridge United,5,0,3,3,5,5,2023,11,1,0,0,Home Win
2023-11-11,2023,Bolton Wanderers,Blackpool,1,0,3,3,1,1,2023,11,1,0,0,Home Win
2023-11-11,2023,Carlisle United,Bristol Rovers,0,1,3,3,1,-1,2023,11,0,1,0,Away Win
2023-11-11,2023,Cheltenham,Wigan Athletic,1,1,3,3,2,0,2023,11,0,0,1,Draw
2023-11-11,2023,Derby County,Barnsley,3,0,3,3,3,3,2023,11,1,0,0,Home Win
2023-11-11,2023,Fleetwood Town,Exeter City,3,0,3,3,3,3,2023,11,1,0,0,Home Win
2023-11-11,2023,Leyton Orient,Oxford United,2,3,3,3,5,-1,2023,11,0,1,0,Away Win
2023-11-11,2023,Lincoln City,Port Vale,1,1,3,3,2,0,2023,11,0,0,1,Draw
2023-11-11,2023,Northampton Town,Burton Albion,2,0,3,3,2,2,2023,11,1,0,0,Home Win
2023-11-11,2023,Portsmouth,Charlton Athletic,2,2,3,3,4,0,2023,11,0,0,1,Draw
2023-11-11,2023,Shrewsbury Town,Reading,3,2,3,3,5,1,2023,11,1,0,0,Home Win
2023-11-11,2023,Wycombe Wanderers,Stevenage Borough,0,1,3,3,1,-1,2023,11,0,1,0,Away Win
2023-11-11,2023,AFC Wimbledon,Doncaster Rovers,2,0,4,4,2,2,2023,11,1,0,0,Home Win
2023-11-11,2023,Bradford City,Barrow,1,2,4,4,3,-1,2023,11,0,1,0,Away Win
2023-11-11,2023,Colchester United,Sutton United,1,1,4,4,2,0,2023,11,0,0,1,Draw
2023-11-11,2023,Crawley Town,Accrington,3,1,4,4,4,2,2023,11,1,0,0,Home Win
2023-11-11,2023,Crewe Alexandra,Notts County,1,0,4,4,1,1,2023,11,1,0,0,Home Win
2023-11-11,2023,Grimsby Town,Morecambe,3,2,4,4,5,1,2023,11,1,0,0,Home Win
2023-11-11,2023,Newport County,Milton Keynes Dons,0,0,4,4,0,0,2023,11,0,0,1,Draw
2023-11-11,2023,Salford City,Mansfield Town,1,2,4,4,3,-1,2023,11,0,1,0,Away Win
2023-11-11,2023,Swindon Town,Stockport County,2,4,4,4,6,-2,2023,11,0,1,0,Away Win
2023-11-11,2023,Tranmere Rovers,Forest Green Rovers,3,0,4,4,3,3,2023,11,1,0,0,Home Win
2023-11-11,2023,Walsall,Harrogate Town A.F.C.,0,1,4,4,1,-1,2023,11,0,1,0,Away Win
2023-11-11,2023,Wrexham,Gillingham,2,0,4,4,2,2,2023,11,1,0,0,Home Win
2023-11-12,2023,Aston Villa,Fulham,3,1,1,1,4,2,2023,11,1,0,0,Home Win
2023-11-12,2023,Brighton & Hove Albion,Sheffield United,1,1,1,1,2,0,2023,11,0,0,1,Draw
2023-11-12,2023,Liverpool,Brentford,3,0,1,1,3,3,2023,11,1,0,0,Home Win
2023-11-12,2023,West Ham United,Nottingham Forest,3,2,1,1,5,1,2023,11,1,0,0,Home Win
2023-11-12,2023,Chelsea,Manchester City,4,4,1,1,8,0,2023,11,0,0,1,Draw
2023-11-18,2023,Blackpool,Shrewsbury Town,4,0,3,3,4,4,2023,11,1,0,0,Home Win
2023-11-18,2023,Stevenage Borough,Lincoln City,1,0,3,3,1,1,2023,11,1,0,0,Home Win
2023-11-18,2023,Notts County,Bradford City,4,2,4,4,6,2,2023,11,1,0,0,Home Win
2023-11-18,2023,Accrington,Wrexham,2,0,4,4,2,2,2023,11,1,0,0,Home Win
2023-11-18,2023,Barrow,Crawley Town,1,0,4,4,1,1,2023,11,1,0,0,Home Win
2023-11-18,2023,Forest Green Rovers,Grimsby Town,2,2,4,4,4,0,2023,11,0,0,1,Draw
2023-11-18,2023,Gillingham,Salford City,3,1,4,4,4,2,2023,11,1,0,0,Home Win
2023-11-18,2023,Harrogate Town A.F.C.,Swindon Town,1,1,4,4,2,0,2023,11,0,0,1,Draw
2023-11-18,2023,Mansfield Town,Newport County,2,0,4,4,2,2,2023,11,1,0,0,Home Win
2023-11-18,2023,Stockport County,Colchester United,2,0,4,4,2,2,2023,11,1,0,0,Home Win
2023-11-18,2023,Sutton United,Tranmere Rovers,1,1,4,4,2,0,2023,11,0,0,1,Draw
2023-11-21,2023,Leyton Orient,Lincoln City,0,1,3,3,1,-1,2023,11,0,1,0,Away Win
2023-11-24,2023,Rotherham United,Leeds United,1,1,2,2,2,0,2023,11,0,0,1,Draw
2023-11-25,2023,Manchester City,Liverpool,1,1,1,1,2,0,2023,11,0,0,1,Draw
2023-11-25,2023,Burnley,West Ham United,1,2,1,1,3,-1,2023,11,0,1,0,Away Win
2023-11-25,2023,Luton Town,Crystal Palace,2,1,1,1,3,1,2023,11,1,0,0,Home Win
2023-11-25,2023,Newcastle United,Chelsea,4,1,1,1,5,3,2023,11,1,0,0,Home Win
2023-11-25,2023,Nottingham Forest,Brighton & Hove Albion,2,3,1,1,5,-1,2023,11,0,1,0,Away Win
2023-11-25,2023,Sheffield United,AFC Bournemouth,1,3,1,1,4,-2,2023,11,0,1,0,Away Win
2023-11-25,2023,Brentford,Arsenal,0,1,1,1,1,-1,2023,11,0,1,0,Away Win
2023-11-25,2023,Birmingham City,Sheffield Wednesday,2,1,2,2,3,1,2023,11,1,0,0,Home Win
2023-11-25,2023,Bristol City,Middlesbrough,3,2,2,2,5,1,2023,11,1,0,0,Home Win
2023-11-25,2023,Huddersfield Town,Southampton,1,1,2,2,2,0,2023,11,0,0,1,Draw
2023-11-25,2023,Leicester City,Watford,2,0,2,2,2,2,2023,11,1,0,0,Home Win
2023-11-25,2023,Millwall,Coventry City,0,3,2,2,3,-3,2023,11,0,1,0,Away Win
2023-11-25,2023,Norwich City,Queens Park Rangers,1,0,2,2,1,1,2023,11,1,0,0,Home Win
2023-11-25,2023,Plymouth Argyle,Sunderland,2,0,2,2,2,2,2023,11,1,0,0,Home Win
2023-11-25,2023,Preston North End,Cardiff City,1,2,2,2,3,-1,2023,11,0,1,0,Away Win
2023-11-25,2023,Stoke City,Blackburn Rovers,0,3,2,2,3,-3,2023,11,0,1,0,Away Win
2023-11-25,2023,Swansea City,Hull City,2,2,2,2,4,0,2023,11,0,0,1,Draw
2023-11-25,2023,West Bromwich Albion,Ipswich Town,2,0,2,2,2,2,2023,11,1,0,0,Home Win
2023-11-25,2023,Bolton Wanderers,Exeter City,7,0,3,3,7,7,2023,11,1,0,0,Home Win
2023-11-25,2023,Carlisle United,Charlton Athletic,1,1,3,3,2,0,2023,11,0,0,1,Draw
2023-11-25,2023,Cheltenham,Oxford United,2,0,3,3,2,2,2023,11,1,0,0,Home Win
2023-11-25,2023,Derby County,Bristol Rovers,2,1,3,3,3,1,2023,11,1,0,0,Home Win
2023-11-25,2023,Fleetwood Town,Stevenage Borough,0,3,3,3,3,-3,2023,11,0,1,0,Away Win
2023-11-25,2023,Leyton Orient,Wigan Athletic,1,1,3,3,2,0,2023,11,0,0,1,Draw
2023-11-25,2023,Lincoln City,Barnsley,2,2,3,3,4,0,2023,11,0,0,1,Draw
2023-11-25,2023,Northampton Town,Cambridge United,2,1,3,3,3,1,2023,11,1,0,0,Home Win
2023-11-25,2023,Peterborough United,Burton Albion,4,0,3,3,4,4,2023,11,1,0,0,Home Win
2023-11-25,2023,Portsmouth,Blackpool,0,4,3,3,4,-4,2023,11,0,1,0,Away Win
2023-11-25,2023,Shrewsbury Town,Port Vale,2,1,3,3,3,1,2023,11,1,0,0,Home Win
2023-11-25,2023,Wycombe Wanderers,Reading,1,2,3,3,3,-1,2023,11,0,1,0,Away Win
2023-11-25,2023,AFC Wimbledon,Notts County,4,2,4,4,6,2,2023,11,1,0,0,Home Win
2023-11-25,2023,Bradford City,Accrington,1,0,4,4,1,1,2023,11,1,0,0,Home Win
2023-11-25,2023,Colchester United,Barrow,1,4,4,4,5,-3,2023,11,0,1,0,Away Win
2023-11-25,2023,Crawley Town,Harrogate Town A.F.C.,2,1,4,4,3,1,2023,11,1,0,0,Home Win
2023-11-25,2023,Crewe Alexandra,Doncaster Rovers,3,2,4,4,5,1,2023,11,1,0,0,Home Win
2023-11-25,2023,Grimsby Town,Sutton United,1,1,4,4,2,0,2023,11,0,0,1,Draw
2023-11-25,2023,Newport County,Stockport County,2,1,4,4,3,1,2023,11,1,0,0,Home Win
2023-11-25,2023,Salford City,Milton Keynes Dons,2,4,4,4,6,-2,2023,11,0,1,0,Away Win
2023-11-25,2023,Swindon Town,Mansfield Town,2,1,4,4,3,1,2023,11,1,0,0,Home Win
2023-11-25,2023,Tranmere Rovers,Gillingham,3,1,4,4,4,2,2023,11,1,0,0,Home Win
2023-11-25,2023,Walsall,Forest Green Rovers,0,0,4,4,0,0,2023,11,0,0,1,Draw
2023-11-25,2023,Wrexham,Morecambe,6,0,4,4,6,6,2023,11,1,0,0,Home Win
2023-11-26,2023,Tottenham Hotspur,Aston Villa,1,2,1,1,3,-1,2023,11,0,1,0,Away Win
2023-11-26,2023,Everton,Manchester United,0,3,1,1,3,-3,2023,11,0,1,0,Away Win
2023-11-27,2023,Fulham,Wolverhampton Wanderers,3,2,1,1,5,1,2023,11,1,0,0,Home Win
2023-11-28,2023,Cardiff City,West Bromwich Albion,0,1,2,2,1,-1,2023,11,0,1,0,Away Win
2023-11-28,2023,Coventry City,Plymouth Argyle,1,0,2,2,1,1,2023,11,1,0,0,Home Win
2023-11-28,2023,Hull City,Rotherham United,4,1,2,2,5,3,2023,11,1,0,0,Home Win
2023-11-28,2023,Middlesbrough,Preston North End,4,0,2,2,4,4,2023,11,1,0,0,Home Win
2023-11-28,2023,Queens Park Rangers,Stoke City,4,2,2,2,6,2,2023,11,1,0,0,Home Win
2023-11-28,2023,Watford,Norwich City,3,2,2,2,5,1,2023,11,1,0,0,Home Win
2023-11-28,2023,Barnsley,Wycombe Wanderers,1,0,3,3,1,1,2023,11,1,0,0,Home Win
2023-11-28,2023,Blackpool,Northampton Town,1,2,3,3,3,-1,2023,11,0,1,0,Away Win
2023-11-28,2023,Bristol Rovers,Leyton Orient,1,1,3,3,2,0,2023,11,0,0,1,Draw
2023-11-28,2023,Burton Albion,Portsmouth,0,2,3,3,2,-2,2023,11,0,1,0,Away Win
2023-11-28,2023,Cambridge United,Lincoln City,0,3,3,3,3,-3,2023,11,0,1,0,Away Win
2023-11-28,2023,Charlton Athletic,Cheltenham,2,1,3,3,3,1,2023,11,1,0,0,Home Win
2023-11-28,2023,Exeter City,Shrewsbury Town,0,0,3,3,0,0,2023,11,0,0,1,Draw
2023-11-28,2023,Oxford United,Bolton Wanderers,0,0,3,3,0,0,2023,11,0,0,1,Draw
2023-11-28,2023,Port Vale,Derby County,0,1,3,3,1,-1,2023,11,0,1,0,Away Win
2023-11-28,2023,Stevenage Borough,Peterborough United,2,2,3,3,4,0,2023,11,0,0,1,Draw
2023-11-28,2023,Wigan Athletic,Fleetwood Town,3,0,3,3,3,3,2023,11,1,0,0,Home Win
2023-11-28,2023,Reading,Carlisle United,5,1,3,3,6,4,2023,11,1,0,0,Home Win
2023-11-28,2023,Accrington,Swindon Town,3,4,4,4,7,-1,2023,11,0,1,0,Away Win
2023-11-28,2023,Barrow,Walsall,2,0,4,4,2,2,2023,11,1,0,0,Home Win
2023-11-28,2023,Doncaster Rovers,Colchester United,3,1,4,4,4,2,2023,11,1,0,0,Home Win
2023-11-28,2023,Forest Green Rovers,Bradford City,0,3,4,4,3,-3,2023,11,0,1,0,Away Win
2023-11-28,2023,Gillingham,AFC Wimbledon,1,0,4,4,1,1,2023,11,1,0,0,Home Win
2023-11-28,2023,Harrogate Town A.F.C.,Wrexham,2,2,4,4,4,0,2023,11,0,0,1,Draw
2023-11-28,2023,Mansfield Town,Tranmere Rovers,2,2,4,4,4,0,2023,11,0,0,1,Draw
2023-11-28,2023,Milton Keynes Dons,Grimsby Town,1,1,4,4,2,0,2023,11,0,0,1,Draw
2023-11-28,2023,Morecambe,Newport County,1,2,4,4,3,-1,2023,11,0,1,0,Away Win
2023-11-28,2023,Notts County,Crawley Town,3,1,4,4,4,2,2023,11,1,0,0,Home Win
2023-11-28,2023,Stockport County,Salford City,0,0,4,4,0,0,2023,11,0,0,1,Draw
2023-11-28,2023,Sutton United,Crewe Alexandra,1,1,4,4,2,0,2023,11,0,0,1,Draw
2023-11-29,2023,Blackburn Rovers,Birmingham City,4,2,2,2,6,2,2023,11,1,0,0,Home Win
2023-11-29,2023,Leeds United,Swansea City,3,1,2,2,4,2,2023,11,1,0,0,Home Win
2023-11-29,2023,Sheffield Wednesday,Leicester City,1,1,2,2,2,0,2023,11,0,0,1,Draw
2023-11-29,2023,Southampton,Bristol City,1,0,2,2,1,1,2023,11,1,0,0,Home Win
2023-11-29,2023,Sunderland,Huddersfield Town,1,2,2,2,3,-1,2023,11,0,1,0,Away Win
2023-11-29,2023,Ipswich Town,Millwall,3,1,2,2,4,2,2023,11,1,0,0,Home Win
2023-12-01,2023,Preston North End,Queens Park Rangers,0,2,2,2,2,-2,2023,12,0,1,0,Away Win
2023-12-02,2023,Arsenal,Wolverhampton Wanderers,2,1,1,1,3,1,2023,12,1,0,0,Home Win
2023-12-02,2023,Brentford,Luton Town,3,1,1,1,4,2,2023,12,1,0,0,Home Win
2023-12-02,2023,Burnley,Sheffield United,5,0,1,1,5,5,2023,12,1,0,0,Home Win
2023-12-02,2023,Nottingham Forest,Everton,0,1,1,1,1,-1,2023,12,0,1,0,Away Win
2023-12-02,2023,Newcastle United,Manchester United,1,0,1,1,1,1,2023,12,1,0,0,Home Win
2023-12-02,2023,West Bromwich Albion,Leicester City,1,2,2,2,3,-1,2023,12,0,1,0,Away Win
2023-12-02,2023,Birmingham City,Rotherham United,0,0,2,2,0,0,2023,12,0,0,1,Draw
2023-12-02,2023,Hull City,Watford,1,2,2,2,3,-1,2023,12,0,1,0,Away Win
2023-12-02,2023,Ipswich Town,Coventry City,2,1,2,2,3,1,2023,12,1,0,0,Home Win
2023-12-02,2023,Leeds United,Middlesbrough,3,2,2,2,5,1,2023,12,1,0,0,Home Win
2023-12-02,2023,Millwall,Sunderland,1,1,2,2,2,0,2023,12,0,0,1,Draw
2023-12-02,2023,Plymouth Argyle,Stoke City,2,1,2,2,3,1,2023,12,1,0,0,Home Win
2023-12-02,2023,Sheffield Wednesday,Blackburn Rovers,3,1,2,2,4,2,2023,12,1,0,0,Home Win
2023-12-02,2023,Southampton,Cardiff City,2,0,2,2,2,2,2023,12,1,0,0,Home Win
2023-12-02,2023,Swansea City,Huddersfield Town,1,1,2,2,2,0,2023,12,0,0,1,Draw
2023-12-02,2023,Northampton Town,Portsmouth,0,3,3,3,3,-3,2023,12,0,1,0,Away Win
2023-12-03,2023,AFC Bournemouth,Aston Villa,2,2,1,1,4,0,2023,12,0,0,1,Draw
2023-12-03,2023,Chelsea,Brighton & Hove Albion,3,2,1,1,5,1,2023,12,1,0,0,Home Win
2023-12-03,2023,Liverpool,Fulham,4,3,1,1,7,1,2023,12,1,0,0,Home Win
2023-12-03,2023,West Ham United,Crystal Palace,1,1,1,1,2,0,2023,12,0,0,1,Draw
2023-12-03,2023,Manchester City,Tottenham Hotspur,3,3,1,1,6,0,2023,12,0,0,1,Draw
2023-12-03,2023,Bristol City,Norwich City,1,2,2,2,3,-1,2023,12,0,1,0,Away Win
2023-12-05,2023,Wolverhampton Wanderers,Burnley,1,0,1,1,1,1,2023,12,1,0,0,Home Win
2023-12-05,2023,Luton Town,Arsenal,3,4,1,1,7,-1,2023,12,0,1,0,Away Win
2023-12-06,2023,Brighton & Hove Albion,Brentford,2,1,1,1,3,1,2023,12,1,0,0,Home Win
2023-12-06,2023,Crystal Palace,AFC Bournemouth,0,2,1,1,2,-2,2023,12,0,1,0,Away Win
2023-12-06,2023,Fulham,Nottingham Forest,5,0,1,1,5,5,2023,12,1,0,0,Home Win
2023-12-06,2023,Sheffield United,Liverpool,0,2,1,1,2,-2,2023,12,0,1,0,Away Win
2023-12-06,2023,Aston Villa,Manchester City,1,0,1,1,1,1,2023,12,1,0,0,Home Win
2023-12-06,2023,Manchester United,Chelsea,2,1,1,1,3,1,2023,12,1,0,0,Home Win
2023-12-07,2023,Everton,Newcastle United,3,0,1,1,3,3,2023,12,1,0,0,Home Win
2023-12-07,2023,Tottenham Hotspur,West Ham United,1,2,1,1,3,-1,2023,12,0,1,0,Away Win
2023-12-08,2023,Coventry City,Birmingham City,2,0,2,2,2,2,2023,12,1,0,0,Home Win
2023-12-09,2023,Crystal Palace,Liverpool,1,2,1,1,3,-1,2023,12,0,1,0,Away Win
2023-12-09,2023,Brighton & Hove Albion,Burnley,1,1,1,1,2,0,2023,12,0,0,1,Draw
2023-12-09,2023,Manchester United,AFC Bournemouth,0,3,1,1,3,-3,2023,12,0,1,0,Away Win
2023-12-09,2023,Sheffield United,Brentford,1,0,1,1,1,1,2023,12,1,0,0,Home Win
2023-12-09,2023,Wolverhampton Wanderers,Nottingham Forest,1,1,1,1,2,0,2023,12,0,0,1,Draw
2023-12-09,2023,Aston Villa,Arsenal,1,0,1,1,1,1,2023,12,1,0,0,Home Win
2023-12-09,2023,Blackburn Rovers,Leeds United,0,2,2,2,2,-2,2023,12,0,1,0,Away Win
2023-12-09,2023,Sunderland,West Bromwich Albion,2,1,2,2,3,1,2023,12,1,0,0,Home Win
2023-12-09,2023,Cardiff City,Millwall,1,0,2,2,1,1,2023,12,1,0,0,Home Win
2023-12-09,2023,Huddersfield Town,Bristol City,1,1,2,2,2,0,2023,12,0,0,1,Draw
2023-12-09,2023,Leicester City,Plymouth Argyle,4,0,2,2,4,4,2023,12,1,0,0,Home Win
2023-12-09,2023,Middlesbrough,Ipswich Town,0,2,2,2,2,-2,2023,12,0,1,0,Away Win
2023-12-09,2023,Norwich City,Preston North End,0,0,2,2,0,0,2023,12,0,0,1,Draw
2023-12-09,2023,Queens Park Rangers,Hull City,2,0,2,2,2,2,2023,12,1,0,0,Home Win
2023-12-09,2023,Rotherham United,Swansea City,1,2,2,2,3,-1,2023,12,0,1,0,Away Win
2023-12-09,2023,Stoke City,Sheffield Wednesday,0,1,2,2,1,-1,2023,12,0,1,0,Away Win
2023-12-09,2023,Watford,Southampton,1,1,2,2,2,0,2023,12,0,0,1,Draw
2023-12-09,2023,Blackpool,Carlisle United,3,0,3,3,3,3,2023,12,1,0,0,Home Win
2023-12-09,2023,Bristol Rovers,Cheltenham,1,1,3,3,2,0,2023,12,0,0,1,Draw
2023-12-09,2023,Burton Albion,Stevenage Borough,1,2,3,3,3,-1,2023,12,0,1,0,Away Win
2023-12-09,2023,Charlton Athletic,Cambridge United,2,2,3,3,4,0,2023,12,0,0,1,Draw
2023-12-09,2023,Exeter City,Port Vale,0,1,3,3,1,-1,2023,12,0,1,0,Away Win
2023-12-09,2023,Leyton Orient,Derby County,0,3,3,3,3,-3,2023,12,0,1,0,Away Win
2023-12-09,2023,Northampton Town,Fleetwood Town,3,0,3,3,3,3,2023,12,1,0,0,Home Win
2023-12-09,2023,Peterborough United,Oxford United,3,0,3,3,3,3,2023,12,1,0,0,Home Win
2023-12-09,2023,Reading,Barnsley,1,3,3,3,4,-2,2023,12,0,1,0,Away Win
2023-12-09,2023,Wigan Athletic,Lincoln City,0,0,3,3,0,0,2023,12,0,0,1,Draw
2023-12-09,2023,Wycombe Wanderers,Shrewsbury Town,0,1,3,3,1,-1,2023,12,0,1,0,Away Win
2023-12-09,2023,Accrington,Doncaster Rovers,0,0,4,4,0,0,2023,12,0,0,1,Draw
2023-12-09,2023,AFC Wimbledon,Swindon Town,4,0,4,4,4,4,2023,12,1,0,0,Home Win
2023-12-09,2023,Colchester United,Crawley Town,1,2,4,4,3,-1,2023,12,0,1,0,Away Win
2023-12-09,2023,Grimsby Town,Crewe Alexandra,2,1,4,4,3,1,2023,12,1,0,0,Home Win
2023-12-09,2023,Morecambe,Stockport County,1,1,4,4,2,0,2023,12,0,0,1,Draw
2023-12-09,2023,Notts County,Walsall,1,2,4,4,3,-1,2023,12,0,1,0,Away Win
2023-12-09,2023,Tranmere Rovers,Newport County,2,1,4,4,3,1,2023,12,1,0,0,Home Win
2023-12-10,2023,Everton,Chelsea,2,0,1,1,2,2,2023,12,1,0,0,Home Win
2023-12-10,2023,Fulham,West Ham United,5,0,1,1,5,5,2023,12,1,0,0,Home Win
2023-12-10,2023,Luton Town,Manchester City,1,2,1,1,3,-1,2023,12,0,1,0,Away Win
2023-12-10,2023,Tottenham Hotspur,Newcastle United,4,1,1,1,5,3,2023,12,1,0,0,Home Win
2023-12-11,2023,Portsmouth,Bolton Wanderers,2,0,3,3,2,2,2023,12,1,0,0,Home Win
2023-12-12,2023,Blackburn Rovers,Bristol City,2,1,2,2,3,1,2023,12,1,0,0,Home Win
2023-12-12,2023,Huddersfield Town,Preston North End,1,3,2,2,4,-2,2023,12,0,1,0,Away Win
2023-12-12,2023,Rotherham United,West Bromwich Albion,0,2,2,2,2,-2,2023,12,0,1,0,Away Win
2023-12-12,2023,Stoke City,Swansea City,1,1,2,2,2,0,2023,12,0,0,1,Draw
2023-12-12,2023,Watford,Ipswich Town,1,2,2,2,3,-1,2023,12,0,1,0,Away Win
2023-12-12,2023,Sunderland,Leeds United,1,0,2,2,1,1,2023,12,1,0,0,Home Win
2023-12-12,2023,Reading,Oxford United,1,1,3,3,2,0,2023,12,0,0,1,Draw
2023-12-13,2023,Cardiff City,Birmingham City,0,1,2,2,1,-1,2023,12,0,1,0,Away Win
2023-12-13,2023,Coventry City,Southampton,1,1,2,2,2,0,2023,12,0,0,1,Draw
2023-12-13,2023,Leicester City,Millwall,3,2,2,2,5,1,2023,12,1,0,0,Home Win
2023-12-13,2023,Norwich City,Sheffield Wednesday,3,1,2,2,4,2,2023,12,1,0,0,Home Win
2023-12-13,2023,Queens Park Rangers,Plymouth Argyle,0,0,2,2,0,0,2023,12,0,0,1,Draw
2023-12-13,2023,Middlesbrough,Hull City,1,2,2,2,3,-1,2023,12,0,1,0,Away Win
2023-12-15,2023,Nottingham Forest,Tottenham Hotspur,0,2,1,1,2,-2,2023,12,0,1,0,Away Win
2023-12-16,2023,Chelsea,Sheffield United,2,0,1,1,2,2,2023,12,1,0,0,Home Win
2023-12-16,2023,Manchester City,Crystal Palace,2,2,1,1,4,0,2023,12,0,0,1,Draw
2023-12-16,2023,Newcastle United,Fulham,3,0,1,1,3,3,2023,12,1,0,0,Home Win
2023-12-16,2023,Burnley,Everton,0,2,1,1,2,-2,2023,12,0,1,0,Away Win
2023-12-16,2023,Ipswich Town,Norwich City,2,2,2,2,4,0,2023,12,0,0,1,Draw
2023-12-16,2023,Bristol City,Sunderland,1,0,2,2,1,1,2023,12,1,0,0,Home Win
2023-12-16,2023,Hull City,Cardiff City,3,0,2,2,3,3,2023,12,1,0,0,Home Win
2023-12-16,2023,Leeds United,Coventry City,1,1,2,2,2,0,2023,12,0,0,1,Draw
2023-12-16,2023,Millwall,Huddersfield Town,1,1,2,2,2,0,2023,12,0,0,1,Draw
2023-12-16,2023,Plymouth Argyle,Rotherham United,3,2,2,2,5,1,2023,12,1,0,0,Home Win
2023-12-16,2023,Preston North End,Watford,1,5,2,2,6,-4,2023,12,0,1,0,Away Win
2023-12-16,2023,Sheffield Wednesday,Queens Park Rangers,2,1,2,2,3,1,2023,12,1,0,0,Home Win
2023-12-16,2023,Southampton,Blackburn Rovers,4,0,2,2,4,4,2023,12,1,0,0,Home Win
2023-12-16,2023,Swansea City,Middlesbrough,1,2,2,2,3,-1,2023,12,0,1,0,Away Win
2023-12-16,2023,Barnsley,Charlton Athletic,1,1,3,3,2,0,2023,12,0,0,1,Draw
2023-12-16,2023,Bolton Wanderers,Bristol Rovers,1,2,3,3,3,-1,2023,12,0,1,0,Away Win
2023-12-16,2023,Cambridge United,Blackpool,2,1,3,3,3,1,2023,12,1,0,0,Home Win
2023-12-16,2023,Carlisle United,Northampton Town,2,2,3,3,4,0,2023,12,0,0,1,Draw
2023-12-16,2023,Cheltenham,Leyton Orient,1,2,3,3,3,-1,2023,12,0,1,0,Away Win
2023-12-16,2023,Derby County,Wycombe Wanderers,1,1,3,3,2,0,2023,12,0,0,1,Draw
2023-12-16,2023,Fleetwood Town,Peterborough United,0,1,3,3,1,-1,2023,12,0,1,0,Away Win
2023-12-16,2023,Lincoln City,Reading,1,1,3,3,2,0,2023,12,0,0,1,Draw
2023-12-16,2023,Oxford United,Burton Albion,3,0,3,3,3,3,2023,12,1,0,0,Home Win
2023-12-16,2023,Port Vale,Wigan Athletic,3,2,3,3,5,1,2023,12,1,0,0,Home Win
2023-12-16,2023,Shrewsbury Town,Portsmouth,0,3,3,3,3,-3,2023,12,0,1,0,Away Win
2023-12-16,2023,Stevenage Borough,Exeter City,1,1,3,3,2,0,2023,12,0,0,1,Draw
2023-12-16,2023,Crawley Town,Mansfield Town,1,3,4,4,4,-2,2023,12,0,1,0,Away Win
2023-12-16,2023,Crewe Alexandra,Accrington,3,3,4,4,6,0,2023,12,0,0,1,Draw
2023-12-16,2023,Doncaster Rovers,Morecambe,0,5,4,4,5,-5,2023,12,0,1,0,Away Win
2023-12-16,2023,Gillingham,Bradford City,0,2,4,4,2,-2,2023,12,0,1,0,Away Win
2023-12-16,2023,Harrogate Town A.F.C.,Notts County,3,1,4,4,4,2,2023,12,1,0,0,Home Win
2023-12-16,2023,Milton Keynes Dons,Forest Green Rovers,2,0,4,4,2,2,2023,12,1,0,0,Home Win
2023-12-16,2023,Newport County,Grimsby Town,1,1,4,4,2,0,2023,12,0,0,1,Draw
2023-12-16,2023,Salford City,AFC Wimbledon,0,0,4,4,0,0,2023,12,0,0,1,Draw
2023-12-16,2023,Stockport County,Sutton United,8,0,4,4,8,8,2023,12,1,0,0,Home Win
2023-12-16,2023,Swindon Town,Barrow,0,3,4,4,3,-3,2023,12,0,1,0,Away Win
2023-12-16,2023,Walsall,Tranmere Rovers,1,0,4,4,1,1,2023,12,1,0,0,Home Win
2023-12-16,2023,Wrexham,Colchester United,2,1,4,4,3,1,2023,12,1,0,0,Home Win
2023-12-17,2023,Arsenal,Brighton & Hove Albion,2,0,1,1,2,2,2023,12,1,0,0,Home Win
2023-12-17,2023,Brentford,Aston Villa,1,2,1,1,3,-1,2023,12,0,1,0,Away Win
2023-12-17,2023,West Ham United,Wolverhampton Wanderers,3,0,1,1,3,3,2023,12,1,0,0,Home Win
2023-12-17,2023,Liverpool,Manchester United,0,0,1,1,0,0,2023,12,0,0,1,Draw
2023-12-17,2023,West Bromwich Albion,Stoke City,1,1,2,2,2,0,2023,12,0,0,1,Draw
2023-12-18,2023,Birmingham City,Leicester City,2,3,2,2,5,-1,2023,12,0,1,0,Away Win
2023-12-21,2023,Crystal Palace,Brighton & Hove Albion,1,1,1,1,2,0,2023,12,0,0,1,Draw
2023-12-21,2023,Derby County,Lincoln City,3,1,3,3,4,2,2023,12,1,0,0,Home Win
2023-12-22,2023,Aston Villa,Sheffield United,1,1,1,1,2,0,2023,12,0,0,1,Draw
2023-12-22,2023,Bristol City,Hull City,3,2,2,2,5,1,2023,12,1,0,0,Home Win
2023-12-22,2023,Swansea City,Preston North End,2,1,2,2,3,1,2023,12,1,0,0,Home Win
2023-12-22,2023,Cambridge United,Exeter City,2,0,3,3,2,2,2023,12,1,0,0,Home Win
2023-12-22,2023,Forest Green Rovers,Gillingham,0,0,4,4,0,0,2023,12,0,0,1,Draw
2023-12-22,2023,Colchester United,Salford City,2,1,4,4,3,1,2023,12,1,0,0,Home Win
2023-12-22,2023,Crawley Town,AFC Wimbledon,1,2,4,4,3,-1,2023,12,0,1,0,Away Win
2023-12-22,2023,Crewe Alexandra,Barrow,1,3,4,4,4,-2,2023,12,0,1,0,Away Win
2023-12-22,2023,Doncaster Rovers,Bradford City,1,3,4,4,4,-2,2023,12,0,1,0,Away Win
2023-12-22,2023,Stockport County,Notts County,2,1,4,4,3,1,2023,12,1,0,0,Home Win
2023-12-23,2023,West Ham United,Manchester United,2,0,1,1,2,2,2023,12,1,0,0,Home Win
2023-12-23,2023,Fulham,Burnley,0,2,1,1,2,-2,2023,12,0,1,0,Away Win
2023-12-23,2023,Luton Town,Newcastle United,1,0,1,1,1,1,2023,12,1,0,0,Home Win
2023-12-23,2023,Nottingham Forest,AFC Bournemouth,2,3,1,1,5,-1,2023,12,0,1,0,Away Win
2023-12-23,2023,Tottenham Hotspur,Everton,2,1,1,1,3,1,2023,12,1,0,0,Home Win
2023-12-23,2023,Liverpool,Arsenal,1,1,1,1,2,0,2023,12,0,0,1,Draw
2023-12-23,2023,Leeds United,Ipswich Town,4,0,2,2,4,4,2023,12,1,0,0,Home Win
2023-12-23,2023,Blackburn Rovers,Watford,1,2,2,2,3,-1,2023,12,0,1,0,Away Win
2023-12-23,2023,Leicester City,Rotherham United,3,0,2,2,3,3,2023,12,1,0,0,Home Win
2023-12-23,2023,Middlesbrough,West Bromwich Albion,1,0,2,2,1,1,2023,12,1,0,0,Home Win
2023-12-23,2023,Norwich City,Huddersfield Town,2,0,2,2,2,2,2023,12,1,0,0,Home Win
2023-12-23,2023,Plymouth Argyle,Birmingham City,3,3,2,2,6,0,2023,12,0,0,1,Draw
2023-12-23,2023,Queens Park Rangers,Southampton,0,1,2,2,1,-1,2023,12,0,1,0,Away Win
2023-12-23,2023,Sheffield Wednesday,Cardiff City,1,2,2,2,3,-1,2023,12,0,1,0,Away Win
2023-12-23,2023,Stoke City,Millwall,0,0,2,2,0,0,2023,12,0,0,1,Draw
2023-12-23,2023,Sunderland,Coventry City,0,3,2,2,3,-3,2023,12,0,1,0,Away Win
2023-12-23,2023,Barnsley,Stevenage Borough,2,1,3,3,3,1,2023,12,1,0,0,Home Win
2023-12-23,2023,Blackpool,Bristol Rovers,3,1,3,3,4,2,2023,12,1,0,0,Home Win
2023-12-23,2023,Bolton Wanderers,Leyton Orient,3,2,3,3,5,1,2023,12,1,0,0,Home Win
2023-12-23,2023,Carlisle United,Cheltenham,0,1,3,3,1,-1,2023,12,0,1,0,Away Win
2023-12-23,2023,Charlton Athletic,Burton Albion,1,1,3,3,2,0,2023,12,0,0,1,Draw
2023-12-23,2023,Northampton Town,Oxford United,2,1,3,3,3,1,2023,12,1,0,0,Home Win
2023-12-23,2023,Portsmouth,Fleetwood Town,1,1,3,3,2,0,2023,12,0,0,1,Draw
2023-12-23,2023,Reading,Wigan Athletic,2,0,3,3,2,2,2023,12,1,0,0,Home Win
2023-12-23,2023,Shrewsbury Town,Peterborough United,1,2,3,3,3,-1,2023,12,0,1,0,Away Win
2023-12-23,2023,Wycombe Wanderers,Port Vale,1,1,3,3,2,0,2023,12,0,0,1,Draw
2023-12-23,2023,Accrington,Walsall,2,1,4,4,3,1,2023,12,1,0,0,Home Win
2023-12-23,2023,Grimsby Town,Harrogate Town A.F.C.,1,2,4,4,3,-1,2023,12,0,1,0,Away Win
2023-12-23,2023,Morecambe,Milton Keynes Dons,1,3,4,4,4,-2,2023,12,0,1,0,Away Win
2023-12-23,2023,Sutton United,Mansfield Town,0,2,4,4,2,-2,2023,12,0,1,0,Away Win
2023-12-23,2023,Tranmere Rovers,Swindon Town,2,1,4,4,3,1,2023,12,1,0,0,Home Win
2023-12-23,2023,Wrexham,Newport County,2,0,4,4,2,2,2023,12,1,0,0,Home Win
2023-12-24,2023,Wolverhampton Wanderers,Chelsea,2,1,1,1,3,1,2023,12,1,0,0,Home Win
2023-12-26,2023,Newcastle United,Nottingham Forest,1,3,1,1,4,-2,2023,12,0,1,0,Away Win
2023-12-26,2023,AFC Bournemouth,Fulham,3,0,1,1,3,3,2023,12,1,0,0,Home Win
2023-12-26,2023,Sheffield United,Luton Town,2,3,1,1,5,-1,2023,12,0,1,0,Away Win
2023-12-26,2023,Burnley,Liverpool,0,2,1,1,2,-2,2023,12,0,1,0,Away Win
2023-12-26,2023,Manchester United,Aston Villa,3,2,1,1,5,1,2023,12,1,0,0,Home Win
2023-12-26,2023,Preston North End,Leeds United,2,1,2,2,3,1,2023,12,1,0,0,Home Win
2023-12-26,2023,Millwall,Queens Park Rangers,2,0,2,2,2,2,2023,12,1,0,0,Home Win
2023-12-26,2023,Cardiff City,Plymouth Argyle,2,2,2,2,4,0,2023,12,0,0,1,Draw
2023-12-26,2023,Coventry City,Sheffield Wednesday,2,0,2,2,2,2,2023,12,1,0,0,Home Win
2023-12-26,2023,Huddersfield Town,Blackburn Rovers,3,0,2,2,3,3,2023,12,1,0,0,Home Win
2023-12-26,2023,Hull City,Sunderland,0,1,2,2,1,-1,2023,12,0,1,0,Away Win
2023-12-26,2023,Rotherham United,Middlesbrough,1,0,2,2,1,1,2023,12,1,0,0,Home Win
2023-12-26,2023,Southampton,Swansea City,5,0,2,2,5,5,2023,12,1,0,0,Home Win
2023-12-26,2023,Watford,Bristol City,1,4,2,2,5,-3,2023,12,0,1,0,Away Win
2023-12-26,2023,West Bromwich Albion,Norwich City,1,0,2,2,1,1,2023,12,1,0,0,Home Win
2023-12-26,2023,Birmingham City,Stoke City,1,3,2,2,4,-2,2023,12,0,1,0,Away Win
2023-12-26,2023,Ipswich Town,Leicester City,1,1,2,2,2,0,2023,12,0,0,1,Draw
2023-12-26,2023,Leyton Orient,Charlton Athletic,1,0,3,3,1,1,2023,12,1,0,0,Home Win
2023-12-26,2023,Bristol Rovers,Portsmouth,2,1,3,3,3,1,2023,12,1,0,0,Home Win
2023-12-26,2023,Burton Albion,Blackpool,1,0,3,3,1,1,2023,12,1,0,0,Home Win
2023-12-26,2023,Cheltenham,Shrewsbury Town,2,0,3,3,2,2,2023,12,1,0,0,Home Win
2023-12-26,2023,Exeter City,Wycombe Wanderers,1,0,3,3,1,1,2023,12,1,0,0,Home Win
2023-12-26,2023,Fleetwood Town,Carlisle United,1,1,3,3,2,0,2023,12,0,0,1,Draw
2023-12-26,2023,Lincoln City,Bolton Wanderers,0,1,3,3,1,-1,2023,12,0,1,0,Away Win
2023-12-26,2023,Oxford United,Cambridge United,2,1,3,3,3,1,2023,12,1,0,0,Home Win
2023-12-26,2023,Peterborough United,Reading,2,2,3,3,4,0,2023,12,0,0,1,Draw
2023-12-26,2023,Port Vale,Barnsley,2,3,3,3,5,-1,2023,12,0,1,0,Away Win
2023-12-26,2023,Stevenage Borough,Northampton Town,3,0,3,3,3,3,2023,12,1,0,0,Home Win
2023-12-26,2023,Wigan Athletic,Derby County,0,1,3,3,1,-1,2023,12,0,1,0,Away Win
2023-12-26,2023,Mansfield Town,Grimsby Town,2,0,4,4,2,2,2023,12,1,0,0,Home Win
2023-12-26,2023,Gillingham,Crawley Town,0,2,4,4,2,-2,2023,12,0,1,0,Away Win
2023-12-26,2023,AFC Wimbledon,Sutton United,0,1,4,4,1,-1,2023,12,0,1,0,Away Win
2023-12-26,2023,Barrow,Stockport County,2,2,4,4,4,0,2023,12,0,0,1,Draw
2023-12-26,2023,Bradford City,Morecambe,2,2,4,4,4,0,2023,12,0,0,1,Draw
2023-12-26,2023,Harrogate Town A.F.C.,Accrington,2,1,4,4,3,1,2023,12,1,0,0,Home Win
2023-12-26,2023,Milton Keynes Dons,Colchester United,1,0,4,4,1,1,2023,12,1,0,0,Home Win
2023-12-26,2023,Newport County,Forest Green Rovers,4,2,4,4,6,2,2023,12,1,0,0,Home Win
2023-12-26,2023,Notts County,Doncaster Rovers,3,0,4,4,3,3,2023,12,1,0,0,Home Win
2023-12-26,2023,Salford City,Tranmere Rovers,1,5,4,4,6,-4,2023,12,0,1,0,Away Win
2023-12-26,2023,Swindon Town,Wrexham,0,1,4,4,1,-1,2023,12,0,1,0,Away Win
2023-12-26,2023,Walsall,Crewe Alexandra,2,0,4,4,2,2,2023,12,1,0,0,Home Win
2023-12-27,2023,Brentford,Wolverhampton Wanderers,1,4,1,1,5,-3,2023,12,0,1,0,Away Win
2023-12-27,2023,Chelsea,Crystal Palace,2,1,1,1,3,1,2023,12,1,0,0,Home Win
2023-12-27,2023,Everton,Manchester City,1,3,1,1,4,-2,2023,12,0,1,0,Away Win
2023-12-28,2023,Brighton & Hove Albion,Tottenham Hotspur,4,2,1,1,6,2,2023,12,1,0,0,Home Win
2023-12-28,2023,Arsenal,West Ham United,0,2,1,1,2,-2,2023,12,0,1,0,Away Win
2023-12-29,2023,Southampton,Plymouth Argyle,2,1,2,2,3,1,2023,12,1,0,0,Home Win
2023-12-29,2023,Birmingham City,Bristol City,0,0,2,2,0,0,2023,12,0,0,1,Draw
2023-12-29,2023,Cardiff City,Leicester City,0,2,2,2,2,-2,2023,12,0,1,0,Away Win
2023-12-29,2023,Coventry City,Swansea City,2,2,2,2,4,0,2023,12,0,0,1,Draw
2023-12-29,2023,Huddersfield Town,Middlesbrough,1,2,2,2,3,-1,2023,12,0,1,0,Away Win
2023-12-29,2023,Hull City,Blackburn Rovers,3,2,2,2,5,1,2023,12,1,0,0,Home Win
2023-12-29,2023,Ipswich Town,Queens Park Rangers,0,0,2,2,0,0,2023,12,0,0,1,Draw
2023-12-29,2023,Millwall,Norwich City,1,0,2,2,1,1,2023,12,1,0,0,Home Win
2023-12-29,2023,Preston North End,Sheffield Wednesday,0,1,2,2,1,-1,2023,12,0,1,0,Away Win
2023-12-29,2023,Rotherham United,Sunderland,1,1,2,2,2,0,2023,12,0,0,1,Draw
2023-12-29,2023,Watford,Stoke City,1,1,2,2,2,0,2023,12,0,0,1,Draw
2023-12-29,2023,West Bromwich Albion,Leeds United,1,0,2,2,1,1,2023,12,1,0,0,Home Win
2023-12-29,2023,Wigan Athletic,Carlisle United,2,0,3,3,2,2,2023,12,1,0,0,Home Win
2023-12-29,2023,Bristol Rovers,Charlton Athletic,2,1,3,3,3,1,2023,12,1,0,0,Home Win
2023-12-29,2023,Burton Albion,Shrewsbury Town,1,0,3,3,1,1,2023,12,1,0,0,Home Win
2023-12-29,2023,Cheltenham,Reading,2,2,3,3,4,0,2023,12,0,0,1,Draw
2023-12-29,2023,Exeter City,Portsmouth,0,0,3,3,0,0,2023,12,0,0,1,Draw
2023-12-29,2023,Fleetwood Town,Bolton Wanderers,0,2,3,3,2,-2,2023,12,0,1,0,Away Win
2023-12-29,2023,Leyton Orient,Wycombe Wanderers,0,0,3,3,0,0,2023,12,0,0,1,Draw
2023-12-29,2023,Lincoln City,Northampton Town,1,2,3,3,3,-1,2023,12,0,1,0,Away Win
2023-12-29,2023,Oxford United,Derby County,2,3,3,3,5,-1,2023,12,0,1,0,Away Win
2023-12-29,2023,Peterborough United,Barnsley,2,2,3,3,4,0,2023,12,0,0,1,Draw
2023-12-29,2023,Port Vale,Blackpool,3,0,3,3,3,3,2023,12,1,0,0,Home Win
2023-12-29,2023,AFC Wimbledon,Colchester United,5,3,4,4,8,2,2023,12,1,0,0,Home Win
2023-12-29,2023,Barrow,Accrington,1,1,4,4,2,0,2023,12,0,0,1,Draw
2023-12-29,2023,Bradford City,Stockport County,0,0,4,4,0,0,2023,12,0,0,1,Draw
2023-12-29,2023,Gillingham,Sutton United,1,0,4,4,1,1,2023,12,1,0,0,Home Win
2023-12-29,2023,Harrogate Town A.F.C.,Tranmere Rovers,0,2,4,4,2,-2,2023,12,0,1,0,Away Win
2023-12-29,2023,Mansfield Town,Doncaster Rovers,1,1,4,4,2,0,2023,12,0,0,1,Draw
2023-12-29,2023,Milton Keynes Dons,Crawley Town,2,0,4,4,2,2,2023,12,1,0,0,Home Win
2023-12-29,2023,Newport County,Crewe Alexandra,1,1,4,4,2,0,2023,12,0,0,1,Draw
2023-12-29,2023,Notts County,Morecambe,5,0,4,4,5,5,2023,12,1,0,0,Home Win
2023-12-29,2023,Salford City,Grimsby Town,0,3,4,4,3,-3,2023,12,0,1,0,Away Win
2023-12-29,2023,Swindon Town,Forest Green Rovers,2,1,4,4,3,1,2023,12,1,0,0,Home Win
2023-12-29,2023,Walsall,Wrexham,3,1,4,4,4,2,2023,12,1,0,0,Home Win
2023-12-30,2023,Luton Town,Chelsea,2,3,1,1,5,-1,2023,12,0,1,0,Away Win
2023-12-30,2023,Aston Villa,Burnley,3,2,1,1,5,1,2023,12,1,0,0,Home Win
2023-12-30,2023,Crystal Palace,Brentford,3,1,1,1,4,2,2023,12,1,0,0,Home Win
2023-12-30,2023,Manchester City,Sheffield United,2,0,1,1,2,2,2023,12,1,0,0,Home Win
2023-12-30,2023,Wolverhampton Wanderers,Everton,3,0,1,1,3,3,2023,12,1,0,0,Home Win
2023-12-30,2023,Nottingham Forest,Manchester United,2,1,1,1,3,1,2023,12,1,0,0,Home Win
2023-12-31,2023,Fulham,Arsenal,2,1,1,1,3,1,2023,12,1,0,0,Home Win
2023-12-31,2023,Tottenham Hotspur,AFC Bournemouth,3,1,1,1,4,2,2023,12,1,0,0,Home Win
2024-01-01,2023,Liverpool,Newcastle United,4,2,1,1,6,2,2024,1,1,0,0,Home Win
2024-01-01,2023,Sunderland,Preston North End,2,0,2,2,2,2,2024,1,1,0,0,Home Win
2024-01-01,2023,Blackburn Rovers,Rotherham United,2,2,2,2,4,0,2024,1,0,0,1,Draw
2024-01-01,2023,Bristol City,Millwall,0,1,2,2,1,-1,2024,1,0,1,0,Away Win
2024-01-01,2023,Leeds United,Birmingham City,3,0,2,2,3,3,2024,1,1,0,0,Home Win
2024-01-01,2023,Leicester City,Huddersfield Town,4,1,2,2,5,3,2024,1,1,0,0,Home Win
2024-01-01,2023,Middlesbrough,Coventry City,1,3,2,2,4,-2,2024,1,0,1,0,Away Win
2024-01-01,2023,Norwich City,Southampton,1,1,2,2,2,0,2024,1,0,0,1,Draw
2024-01-01,2023,Plymouth Argyle,Watford,3,3,2,2,6,0,2024,1,0,0,1,Draw
2024-01-01,2023,Queens Park Rangers,Cardiff City,1,2,2,2,3,-1,2024,1,0,1,0,Away Win
2024-01-01,2023,Stoke City,Ipswich Town,0,0,2,2,0,0,2024,1,0,0,1,Draw
2024-01-01,2023,Swansea City,West Bromwich Albion,1,0,2,2,1,1,2024,1,1,0,0,Home Win
2024-01-01,2023,Sheffield Wednesday,Hull City,3,1,2,2,4,2,2024,1,1,0,0,Home Win
2024-01-01,2023,Barnsley,Wigan Athletic,1,1,3,3,2,0,2024,1,0,0,1,Draw
2024-01-01,2023,Blackpool,Lincoln City,2,0,3,3,2,2,2024,1,1,0,0,Home Win
2024-01-01,2023,Bolton Wanderers,Burton Albion,1,0,3,3,1,1,2024,1,1,0,0,Home Win
2024-01-01,2023,Cambridge United,Leyton Orient,0,2,3,3,2,-2,2024,1,0,1,0,Away Win
2024-01-01,2023,Carlisle United,Port Vale,2,1,3,3,3,1,2024,1,1,0,0,Home Win
2024-01-01,2023,Charlton Athletic,Oxford United,1,2,3,3,3,-1,2024,1,0,1,0,Away Win
2024-01-01,2023,Derby County,Peterborough United,2,3,3,3,5,-1,2024,1,0,1,0,Away Win
2024-01-01,2023,Northampton Town,Cheltenham,1,0,3,3,1,1,2024,1,1,0,0,Home Win
2024-01-01,2023,Portsmouth,Stevenage Borough,2,1,3,3,3,1,2024,1,1,0,0,Home Win
2024-01-01,2023,Reading,Exeter City,3,2,3,3,5,1,2024,1,1,0,0,Home Win
2024-01-01,2023,Shrewsbury Town,Fleetwood Town,3,1,3,3,4,2,2024,1,1,0,0,Home Win
2024-01-01,2023,Wycombe Wanderers,Bristol Rovers,3,2,3,3,5,1,2024,1,1,0,0,Home Win
2024-01-01,2023,Accrington,Salford City,3,0,4,4,3,3,2024,1,1,0,0,Home Win
2024-01-01,2023,Colchester United,Gillingham,0,1,4,4,1,-1,2024,1,0,1,0,Away Win
2024-01-01,2023,Crawley Town,Swindon Town,3,1,4,4,4,2,2024,1,1,0,0,Home Win
2024-01-01,2023,Crewe Alexandra,Bradford City,1,0,4,4,1,1,2024,1,1,0,0,Home Win
2024-01-01,2023,Doncaster Rovers,Milton Keynes Dons,3,0,4,4,3,3,2024,1,1,0,0,Home Win
2024-01-01,2023,Forest Green Rovers,AFC Wimbledon,1,1,4,4,2,0,2024,1,0,0,1,Draw
2024-01-01,2023,Grimsby Town,Walsall,1,6,4,4,7,-5,2024,1,0,1,0,Away Win
2024-01-01,2023,Morecambe,Harrogate Town A.F.C.,2,2,4,4,4,0,2024,1,0,0,1,Draw
2024-01-01,2023,Stockport County,Mansfield Town,0,2,4,4,2,-2,2024,1,0,1,0,Away Win
2024-01-01,2023,Sutton United,Newport County,1,1,4,4,2,0,2024,1,0,0,1,Draw
2024-01-01,2023,Tranmere Rovers,Notts County,4,2,4,4,6,2,2024,1,1,0,0,Home Win
2024-01-01,2023,Wrexham,Barrow,4,1,4,4,5,3,2024,1,1,0,0,Home Win
2024-01-02,2023,West Ham United,Brighton & Hove Albion,0,0,1,1,0,0,2024,1,0,0,1,Draw
2024-01-06,2023,Fleetwood Town,Derby County,1,3,3,3,4,-2,2024,1,0,1,0,Away Win
2024-01-06,2023,Burton Albion,Wycombe Wanderers,1,1,3,3,2,0,2024,1,0,0,1,Draw
2024-01-06,2023,Cheltenham,Portsmouth,2,1,3,3,3,1,2024,1,1,0,0,Home Win
2024-01-06,2023,Exeter City,Carlisle United,2,1,3,3,3,1,2024,1,1,0,0,Home Win
2024-01-06,2023,Port Vale,Charlton Athletic,3,3,3,3,6,0,2024,1,0,0,1,Draw
2024-01-06,2023,Harrogate Town A.F.C.,Doncaster Rovers,3,1,4,4,4,2,2024,1,1,0,0,Home Win
2024-01-06,2023,Barrow,Tranmere Rovers,1,0,4,4,1,1,2024,1,1,0,0,Home Win
2024-01-06,2023,Bradford City,Crawley Town,2,4,4,4,6,-2,2024,1,0,1,0,Away Win
2024-01-06,2023,Mansfield Town,Crewe Alexandra,0,1,4,4,1,-1,2024,1,0,1,0,Away Win
2024-01-06,2023,Salford City,Forest Green Rovers,2,2,4,4,4,0,2024,1,0,0,1,Draw
2024-01-06,2023,Swindon Town,Colchester United,2,2,4,4,4,0,2024,1,0,0,1,Draw
2024-01-12,2023,Burnley,Luton Town,1,1,1,1,2,0,2024,1,0,0,1,Draw
2024-01-12,2023,Hull City,Norwich City,1,2,2,2,3,-1,2024,1,0,1,0,Away Win
2024-01-13,2023,Chelsea,Fulham,1,0,1,1,1,1,2024,1,1,0,0,Home Win
2024-01-13,2023,Newcastle United,Manchester City,2,3,1,1,5,-1,2024,1,0,1,0,Away Win
2024-01-13,2023,Coventry City,Leicester City,3,1,2,2,4,2,2024,1,1,0,0,Home Win
2024-01-13,2023,Birmingham City,Swansea City,2,2,2,2,4,0,2024,1,0,0,1,Draw
2024-01-13,2023,Cardiff City,Leeds United,0,3,2,2,3,-3,2024,1,0,1,0,Away Win
2024-01-13,2023,Huddersfield Town,Plymouth Argyle,1,1,2,2,2,0,2024,1,0,0,1,Draw
2024-01-13,2023,Millwall,Middlesbrough,1,3,2,2,4,-2,2024,1,0,1,0,Away Win
2024-01-13,2023,Preston North End,Bristol City,2,0,2,2,2,2,2024,1,1,0,0,Home Win
2024-01-13,2023,Rotherham United,Stoke City,0,1,2,2,1,-1,2024,1,0,1,0,Away Win
2024-01-13,2023,Southampton,Sheffield Wednesday,4,0,2,2,4,4,2024,1,1,0,0,Home Win
2024-01-13,2023,West Bromwich Albion,Blackburn Rovers,4,1,2,2,5,3,2024,1,1,0,0,Home Win
2024-01-13,2023,Ipswich Town,Sunderland,2,1,2,2,3,1,2024,1,1,0,0,Home Win
2024-01-13,2023,Barnsley,Bristol Rovers,2,1,3,3,3,1,2024,1,1,0,0,Home Win
2024-01-13,2023,Blackpool,Exeter City,2,0,3,3,2,2,2024,1,1,0,0,Home Win
2024-01-13,2023,Cambridge United,Fleetwood Town,2,1,3,3,3,1,2024,1,1,0,0,Home Win
2024-01-13,2023,Carlisle United,Oxford United,1,3,3,3,4,-2,2024,1,0,1,0,Away Win
2024-01-13,2023,Charlton Athletic,Peterborough United,1,2,3,3,3,-1,2024,1,0,1,0,Away Win
2024-01-13,2023,Northampton Town,Wigan Athletic,1,1,3,3,2,0,2024,1,0,0,1,Draw
2024-01-13,2023,Portsmouth,Leyton Orient,0,3,3,3,3,-3,2024,1,0,1,0,Away Win
2024-01-13,2023,Shrewsbury Town,Stevenage Borough,0,1,3,3,1,-1,2024,1,0,1,0,Away Win
2024-01-13,2023,Wycombe Wanderers,Lincoln City,1,1,3,3,2,0,2024,1,0,0,1,Draw
2024-01-13,2023,Accrington,Gillingham,1,2,4,4,3,-1,2024,1,0,1,0,Away Win
2024-01-13,2023,Colchester United,Bradford City,1,1,4,4,2,0,2024,1,0,0,1,Draw
2024-01-13,2023,Crawley Town,Salford City,0,1,4,4,1,-1,2024,1,0,1,0,Away Win
2024-01-13,2023,Crewe Alexandra,Swindon Town,2,1,4,4,3,1,2024,1,1,0,0,Home Win
2024-01-13,2023,Doncaster Rovers,Newport County,0,1,4,4,1,-1,2024,1,0,1,0,Away Win
2024-01-13,2023,Forest Green Rovers,Harrogate Town A.F.C.,0,2,4,4,2,-2,2024,1,0,1,0,Away Win
2024-01-13,2023,Grimsby Town,Notts County,5,5,4,4,10,0,2024,1,0,0,1,Draw
2024-01-13,2023,Morecambe,Mansfield Town,1,1,4,4,2,0,2024,1,0,0,1,Draw
2024-01-13,2023,Stockport County,Walsall,3,1,4,4,4,2,2024,1,1,0,0,Home Win
2024-01-13,2023,Sutton United,Barrow,2,2,4,4,4,0,2024,1,0,0,1,Draw
2024-01-13,2023,Tranmere Rovers,Milton Keynes Dons,1,2,4,4,3,-1,2024,1,0,1,0,Away Win
2024-01-13,2023,Wrexham,AFC Wimbledon,2,0,4,4,2,2,2024,1,1,0,0,Home Win
2024-01-14,2023,Everton,Aston Villa,0,0,1,1,0,0,2024,1,0,0,1,Draw
2024-01-14,2023,Manchester United,Tottenham Hotspur,2,2,1,1,4,0,2024,1,0,0,1,Draw
2024-01-14,2023,Queens Park Rangers,Watford,1,2,2,2,3,-1,2024,1,0,1,0,Away Win
2024-01-15,2023,Derby County,Burton Albion,3,2,3,3,5,1,2024,1,1,0,0,Home Win
2024-01-16,2023,Barnsley,Carlisle United,2,1,3,3,3,1,2024,1,1,0,0,Home Win
2024-01-19,2023,Sunderland,Hull City,0,1,2,2,1,-1,2024,1,0,1,0,Away Win
2024-01-20,2023,Arsenal,Crystal Palace,5,0,1,1,5,5,2024,1,1,0,0,Home Win
2024-01-20,2023,Brentford,Nottingham Forest,3,2,1,1,5,1,2024,1,1,0,0,Home Win
2024-01-20,2023,Swansea City,Southampton,1,3,2,2,4,-2,2024,1,0,1,0,Away Win
2024-01-20,2023,Blackburn Rovers,Huddersfield Town,1,1,2,2,2,0,2024,1,0,0,1,Draw
2024-01-20,2023,Bristol City,Watford,1,1,2,2,2,0,2024,1,0,0,1,Draw
2024-01-20,2023,Middlesbrough,Rotherham United,1,1,2,2,2,0,2024,1,0,0,1,Draw
2024-01-20,2023,Norwich City,West Bromwich Albion,2,0,2,2,2,2,2024,1,1,0,0,Home Win
2024-01-20,2023,Plymouth Argyle,Cardiff City,3,1,2,2,4,2,2024,1,1,0,0,Home Win
2024-01-20,2023,Queens Park Rangers,Millwall,2,0,2,2,2,2,2024,1,1,0,0,Home Win
2024-01-20,2023,Sheffield Wednesday,Coventry City,1,2,2,2,3,-1,2024,1,0,1,0,Away Win
2024-01-20,2023,Stoke City,Birmingham City,1,2,2,2,3,-1,2024,1,0,1,0,Away Win
2024-01-20,2023,Bristol Rovers,Blackpool,1,2,3,3,3,-1,2024,1,0,1,0,Away Win
2024-01-20,2023,Burton Albion,Charlton Athletic,2,0,3,3,2,2,2024,1,1,0,0,Home Win
2024-01-20,2023,Exeter City,Cambridge United,0,0,3,3,0,0,2024,1,0,0,1,Draw
2024-01-20,2023,Fleetwood Town,Portsmouth,0,1,3,3,1,-1,2024,1,0,1,0,Away Win
2024-01-20,2023,Leyton Orient,Bolton Wanderers,1,0,3,3,1,1,2024,1,1,0,0,Home Win
2024-01-20,2023,Lincoln City,Derby County,0,0,3,3,0,0,2024,1,0,0,1,Draw
2024-01-20,2023,Peterborough United,Shrewsbury Town,2,1,3,3,3,1,2024,1,1,0,0,Home Win
2024-01-20,2023,Wigan Athletic,Reading,1,0,3,3,1,1,2024,1,1,0,0,Home Win
2024-01-20,2023,Barrow,Crewe Alexandra,1,3,4,4,4,-2,2024,1,0,1,0,Away Win
2024-01-20,2023,Gillingham,Forest Green Rovers,1,1,4,4,2,0,2024,1,0,0,1,Draw
2024-01-20,2023,Milton Keynes Dons,Morecambe,1,2,4,4,3,-1,2024,1,0,1,0,Away Win
2024-01-20,2023,Newport County,Wrexham,1,0,4,4,1,1,2024,1,1,0,0,Home Win
2024-01-21,2023,Sheffield United,West Ham United,2,2,1,1,4,0,2024,1,0,0,1,Draw
2024-01-21,2023,AFC Bournemouth,Liverpool,0,4,1,1,4,-4,2024,1,0,1,0,Away Win
2024-01-21,2023,Leeds United,Preston North End,2,1,2,2,3,1,2024,1,1,0,0,Home Win
2024-01-22,2023,Brighton & Hove Albion,Wolverhampton Wanderers,0,0,1,1,0,0,2024,1,0,0,1,Draw
2024-01-22,2023,Leicester City,Ipswich Town,1,1,2,2,2,0,2024,1,0,0,1,Draw
2024-01-23,2023,Bolton Wanderers,Cheltenham,1,0,3,3,1,1,2024,1,1,0,0,Home Win
2024-01-23,2023,Bristol Rovers,Exeter City,0,1,3,3,1,-1,2024,1,0,1,0,Away Win
2024-01-23,2023,Charlton Athletic,Northampton Town,2,3,3,3,5,-1,2024,1,0,1,0,Away Win
2024-01-23,2023,Oxford United,Barnsley,0,1,3,3,1,-1,2024,1,0,1,0,Away Win
2024-01-23,2023,Wigan Athletic,Wycombe Wanderers,1,0,3,3,1,1,2024,1,1,0,0,Home Win
2024-01-23,2023,Reading,Derby County,1,0,3,3,1,1,2024,1,1,0,0,Home Win
2024-01-23,2023,Bradford City,Salford City,1,1,4,4,2,0,2024,1,0,0,1,Draw
2024-01-23,2023,Mansfield Town,Sutton United,1,1,4,4,2,0,2024,1,0,0,1,Draw
2024-01-23,2023,Milton Keynes Dons,AFC Wimbledon,3,1,4,4,4,2,2024,1,1,0,0,Home Win
2024-01-24,2023,Leeds United,Norwich City,1,0,2,2,1,1,2024,1,1,0,0,Home Win
2024-01-27,2023,Millwall,Preston North End,1,1,2,2,2,0,2024,1,0,0,1,Draw
2024-01-27,2023,Sunderland,Stoke City,3,1,2,2,4,2,2024,1,1,0,0,Home Win
2024-01-27,2023,Barnsley,Exeter City,1,2,3,3,3,-1,2024,1,0,1,0,Away Win
2024-01-27,2023,Blackpool,Charlton Athletic,1,1,3,3,2,0,2024,1,0,0,1,Draw
2024-01-27,2023,Bristol Rovers,Oxford United,3,1,3,3,4,2,2024,1,1,0,0,Home Win
2024-01-27,2023,Cambridge United,Burton Albion,0,0,3,3,0,0,2024,1,0,0,1,Draw
2024-01-27,2023,Carlisle United,Bolton Wanderers,1,4,3,3,5,-3,2024,1,0,1,0,Away Win
2024-01-27,2023,Derby County,Cheltenham,2,1,3,3,3,1,2024,1,1,0,0,Home Win
2024-01-27,2023,Lincoln City,Peterborough United,0,0,3,3,0,0,2024,1,0,0,1,Draw
2024-01-27,2023,Northampton Town,Shrewsbury Town,0,2,3,3,2,-2,2024,1,0,1,0,Away Win
2024-01-27,2023,Port Vale,Portsmouth,0,1,3,3,1,-1,2024,1,0,1,0,Away Win
2024-01-27,2023,Reading,Leyton Orient,1,1,3,3,2,0,2024,1,0,0,1,Draw
2024-01-27,2023,Wigan Athletic,Stevenage Borough,2,3,3,3,5,-1,2024,1,0,1,0,Away Win
2024-01-27,2023,Wycombe Wanderers,Fleetwood Town,2,2,3,3,4,0,2024,1,0,0,1,Draw
2024-01-27,2023,AFC Wimbledon,Mansfield Town,2,1,4,4,3,1,2024,1,1,0,0,Home Win
2024-01-27,2023,Crewe Alexandra,Salford City,2,3,4,4,5,-1,2024,1,0,1,0,Away Win
2024-01-27,2023,Doncaster Rovers,Stockport County,1,5,4,4,6,-4,2024,1,0,1,0,Away Win
2024-01-27,2023,Forest Green Rovers,Accrington,0,1,4,4,1,-1,2024,1,0,1,0,Away Win
2024-01-27,2023,Grimsby Town,Tranmere Rovers,1,2,4,4,3,-1,2024,1,0,1,0,Away Win
2024-01-27,2023,Milton Keynes Dons,Gillingham,2,1,4,4,3,1,2024,1,1,0,0,Home Win
2024-01-27,2023,Morecambe,Colchester United,0,1,4,4,1,-1,2024,1,0,1,0,Away Win
2024-01-27,2023,Notts County,Barrow,1,1,4,4,2,0,2024,1,0,0,1,Draw
2024-01-27,2023,Swindon Town,Bradford City,2,0,4,4,2,2,2024,1,1,0,0,Home Win
2024-01-27,2023,Walsall,Sutton United,1,1,4,4,2,0,2024,1,0,0,1,Draw
2024-01-28,2023,Queens Park Rangers,Huddersfield Town,1,1,2,2,2,0,2024,1,0,0,1,Draw
2024-01-30,2023,Nottingham Forest,Arsenal,1,2,1,1,3,-1,2024,1,0,1,0,Away Win
2024-01-30,2023,Fulham,Everton,0,0,1,1,0,0,2024,1,0,0,1,Draw
2024-01-30,2023,Luton Town,Brighton & Hove Albion,4,0,1,1,4,4,2024,1,1,0,0,Home Win
2024-01-30,2023,Crystal Palace,Sheffield United,3,2,1,1,5,1,2024,1,1,0,0,Home Win
2024-01-30,2023,Aston Villa,Newcastle United,1,3,1,1,4,-2,2024,1,0,1,0,Away Win
2024-01-30,2023,Coventry City,Bristol City,2,2,2,2,4,0,2024,1,0,0,1,Draw
2024-01-30,2023,Leicester City,Swansea City,3,1,2,2,4,2,2024,1,1,0,0,Home Win
2024-01-30,2023,Oxford United,Portsmouth,2,2,3,3,4,0,2024,1,0,0,1,Draw
2024-01-30,2023,Sutton United,Harrogate Town A.F.C.,1,2,4,4,3,-1,2024,1,0,1,0,Away Win
2024-01-31,2023,Manchester City,Burnley,3,1,1,1,4,2,2024,1,1,0,0,Home Win
2024-01-31,2023,Tottenham Hotspur,Brentford,3,2,1,1,5,1,2024,1,1,0,0,Home Win
2024-01-31,2023,Liverpool,Chelsea,4,1,1,1,5,3,2024,1,1,0,0,Home Win
2024-01-31,2023,Sheffield Wednesday,Watford,0,0,2,2,0,0,2024,1,0,0,1,Draw
2024-02-01,2023,West Ham United,AFC Bournemouth,1,1,1,1,2,0,2024,2,0,0,1,Draw
2024-02-01,2023,Wolverhampton Wanderers,Manchester United,3,4,1,1,7,-1,2024,2,0,1,0,Away Win
2024-02-02,2023,Bristol City,Leeds United,0,1,2,2,1,-1,2024,2,0,1,0,Away Win
2024-02-03,2023,Everton,Tottenham Hotspur,2,2,1,1,4,0,2024,2,0,0,1,Draw
2024-02-03,2023,Brighton & Hove Albion,Crystal Palace,4,1,1,1,5,3,2024,2,1,0,0,Home Win
2024-02-03,2023,Burnley,Fulham,2,2,1,1,4,0,2024,2,0,0,1,Draw
2024-02-03,2023,Newcastle United,Luton Town,4,4,1,1,8,0,2024,2,0,0,1,Draw
2024-02-03,2023,Sheffield United,Aston Villa,0,5,1,1,5,-5,2024,2,0,1,0,Away Win
2024-02-03,2023,Blackburn Rovers,Queens Park Rangers,1,2,2,2,3,-1,2024,2,0,1,0,Away Win
2024-02-03,2023,Huddersfield Town,Sheffield Wednesday,4,0,2,2,4,4,2024,2,1,0,0,Home Win
2024-02-03,2023,Hull City,Millwall,1,0,2,2,1,1,2024,2,1,0,0,Home Win
2024-02-03,2023,Norwich City,Coventry City,2,1,2,2,3,1,2024,2,1,0,0,Home Win
2024-02-03,2023,Preston North End,Ipswich Town,3,2,2,2,5,1,2024,2,1,0,0,Home Win
2024-02-03,2023,Rotherham United,Southampton,0,2,2,2,2,-2,2024,2,0,1,0,Away Win
2024-02-03,2023,Stoke City,Leicester City,0,5,2,2,5,-5,2024,2,0,1,0,Away Win
2024-02-03,2023,Swansea City,Plymouth Argyle,0,1,2,2,1,-1,2024,2,0,1,0,Away Win
2024-02-03,2023,Watford,Cardiff City,0,1,2,2,1,-1,2024,2,0,1,0,Away Win
2024-02-03,2023,West Bromwich Albion,Birmingham City,1,0,2,2,1,1,2024,2,1,0,0,Home Win
2024-02-03,2023,Oxford United,Reading,1,1,3,3,2,0,2024,2,0,0,1,Draw
2024-02-03,2023,Bolton Wanderers,Barnsley,1,1,3,3,2,0,2024,2,0,0,1,Draw
2024-02-03,2023,Burton Albion,Lincoln City,0,1,3,3,1,-1,2024,2,0,1,0,Away Win
2024-02-03,2023,Charlton Athletic,Derby County,0,1,3,3,1,-1,2024,2,0,1,0,Away Win
2024-02-03,2023,Cheltenham,Wycombe Wanderers,1,3,3,3,4,-2,2024,2,0,1,0,Away Win
2024-02-03,2023,Exeter City,Bristol Rovers,0,1,3,3,1,-1,2024,2,0,1,0,Away Win
2024-02-03,2023,Fleetwood Town,Port Vale,3,0,3,3,3,3,2024,2,1,0,0,Home Win
2024-02-03,2023,Leyton Orient,Carlisle United,3,2,3,3,5,1,2024,2,1,0,0,Home Win
2024-02-03,2023,Peterborough United,Wigan Athletic,2,3,3,3,5,-1,2024,2,0,1,0,Away Win
2024-02-03,2023,Portsmouth,Northampton Town,4,1,3,3,5,3,2024,2,1,0,0,Home Win
2024-02-03,2023,Shrewsbury Town,Cambridge United,1,2,3,3,3,-1,2024,2,0,1,0,Away Win
2024-02-03,2023,Stevenage Borough,Blackpool,1,0,3,3,1,1,2024,2,1,0,0,Home Win
2024-02-03,2023,Newport County,Swindon Town,2,1,4,4,3,1,2024,2,1,0,0,Home Win
2024-02-03,2023,Accrington,Grimsby Town,0,0,4,4,0,0,2024,2,0,0,1,Draw
2024-02-03,2023,Barrow,Milton Keynes Dons,1,0,4,4,1,1,2024,2,1,0,0,Home Win
2024-02-03,2023,Bradford City,AFC Wimbledon,0,0,4,4,0,0,2024,2,0,0,1,Draw
2024-02-03,2023,Colchester United,Forest Green Rovers,3,3,4,4,6,0,2024,2,0,0,1,Draw
2024-02-03,2023,Crawley Town,Morecambe,1,2,4,4,3,-1,2024,2,0,1,0,Away Win
2024-02-03,2023,Gillingham,Walsall,1,1,4,4,2,0,2024,2,0,0,1,Draw
2024-02-03,2023,Mansfield Town,Notts County,1,0,4,4,1,1,2024,2,1,0,0,Home Win
2024-02-03,2023,Salford City,Wrexham,3,1,4,4,4,2,2024,2,1,0,0,Home Win
2024-02-03,2023,Stockport County,Harrogate Town A.F.C.,1,1,4,4,2,0,2024,2,0,0,1,Draw
2024-02-03,2023,Sutton United,Doncaster Rovers,1,1,4,4,2,0,2024,2,0,0,1,Draw
2024-02-03,2023,Tranmere Rovers,Crewe Alexandra,0,0,4,4,0,0,2024,2,0,0,1,Draw
2024-02-04,2023,AFC Bournemouth,Nottingham Forest,1,1,1,1,2,0,2024,2,0,0,1,Draw
2024-02-04,2023,Chelsea,Wolverhampton Wanderers,2,4,1,1,6,-2,2024,2,0,1,0,Away Win
2024-02-04,2023,Manchester United,West Ham United,3,0,1,1,3,3,2024,2,1,0,0,Home Win
2024-02-04,2023,Arsenal,Liverpool,3,1,1,1,4,2,2024,2,1,0,0,Home Win
2024-02-04,2023,Middlesbrough,Sunderland,1,1,2,2,2,0,2024,2,0,0,1,Draw
2024-02-05,2023,Brentford,Manchester City,1,3,1,1,4,-2,2024,2,0,1,0,Away Win
2024-02-06,2023,Bristol Rovers,Fleetwood Town,0,2,3,3,2,-2,2024,2,0,1,0,Away Win
2024-02-06,2023,Exeter City,Peterborough United,2,1,3,3,3,1,2024,2,1,0,0,Home Win
2024-02-06,2023,Port Vale,Leyton Orient,0,1,3,3,1,-1,2024,2,0,1,0,Away Win
2024-02-06,2023,Stevenage Borough,Reading,0,1,3,3,1,-1,2024,2,0,1,0,Away Win
2024-02-09,2023,Sheffield Wednesday,Birmingham City,2,0,2,2,2,2,2024,2,1,0,0,Home Win
2024-02-09,2023,Notts County,Gillingham,1,3,4,4,4,-2,2024,2,0,1,0,Away Win
2024-02-10,2023,Manchester City,Everton,2,0,1,1,2,2,2024,2,1,0,0,Home Win
2024-02-10,2023,Fulham,AFC Bournemouth,3,1,1,1,4,2,2024,2,1,0,0,Home Win
2024-02-10,2023,Liverpool,Burnley,3,1,1,1,4,2,2024,2,1,0,0,Home Win
2024-02-10,2023,Luton Town,Sheffield United,1,3,1,1,4,-2,2024,2,0,1,0,Away Win
2024-02-10,2023,Tottenham Hotspur,Brighton & Hove Albion,2,1,1,1,3,1,2024,2,1,0,0,Home Win
2024-02-10,2023,Wolverhampton Wanderers,Brentford,0,2,1,1,2,-2,2024,2,0,1,0,Away Win
2024-02-10,2023,Nottingham Forest,Newcastle United,2,3,1,1,5,-1,2024,2,0,1,0,Away Win
2024-02-10,2023,Ipswich Town,West Bromwich Albion,2,2,2,2,4,0,2024,2,0,0,1,Draw
2024-02-10,2023,Blackburn Rovers,Stoke City,3,1,2,2,4,2,2024,2,1,0,0,Home Win
2024-02-10,2023,Cardiff City,Preston North End,0,2,2,2,2,-2,2024,2,0,1,0,Away Win
2024-02-10,2023,Hull City,Swansea City,0,1,2,2,1,-1,2024,2,0,1,0,Away Win
2024-02-10,2023,Leeds United,Rotherham United,3,0,2,2,3,3,2024,2,1,0,0,Home Win
2024-02-10,2023,Middlesbrough,Bristol City,1,2,2,2,3,-1,2024,2,0,1,0,Away Win
2024-02-10,2023,Queens Park Rangers,Norwich City,2,2,2,2,4,0,2024,2,0,0,1,Draw
2024-02-10,2023,Southampton,Huddersfield Town,5,3,2,2,8,2,2024,2,1,0,0,Home Win
2024-02-10,2023,Sunderland,Plymouth Argyle,3,1,2,2,4,2,2024,2,1,0,0,Home Win
2024-02-10,2023,Watford,Leicester City,1,2,2,2,3,-1,2024,2,0,1,0,Away Win
2024-02-10,2023,Barnsley,Leyton Orient,2,1,3,3,3,1,2024,2,1,0,0,Home Win
2024-02-10,2023,Blackpool,Oxford United,1,1,3,3,2,0,2024,2,0,0,1,Draw
2024-02-10,2023,Bristol Rovers,Burton Albion,1,2,3,3,3,-1,2024,2,0,1,0,Away Win
2024-02-10,2023,Cambridge United,Cheltenham,0,1,3,3,1,-1,2024,2,0,1,0,Away Win
2024-02-10,2023,Carlisle United,Portsmouth,0,1,3,3,1,-1,2024,2,0,1,0,Away Win
2024-02-10,2023,Derby County,Shrewsbury Town,1,1,3,3,2,0,2024,2,0,0,1,Draw
2024-02-10,2023,Lincoln City,Fleetwood Town,2,1,3,3,3,1,2024,2,1,0,0,Home Win
2024-02-10,2023,Northampton Town,Bolton Wanderers,1,1,3,3,2,0,2024,2,0,0,1,Draw
2024-02-10,2023,Port Vale,Stevenage Borough,2,2,3,3,4,0,2024,2,0,0,1,Draw
2024-02-10,2023,Reading,Charlton Athletic,2,0,3,3,2,2,2024,2,1,0,0,Home Win
2024-02-10,2023,Wigan Athletic,Exeter City,1,2,3,3,3,-1,2024,2,0,1,0,Away Win
2024-02-10,2023,Wycombe Wanderers,Peterborough United,5,2,3,3,7,3,2024,2,1,0,0,Home Win
2024-02-10,2023,AFC Wimbledon,Barrow,2,0,4,4,2,2,2024,2,1,0,0,Home Win
2024-02-10,2023,Crewe Alexandra,Crawley Town,1,0,4,4,1,1,2024,2,1,0,0,Home Win
2024-02-10,2023,Doncaster Rovers,Tranmere Rovers,2,1,4,4,3,1,2024,2,1,0,0,Home Win
2024-02-10,2023,Forest Green Rovers,Mansfield Town,0,4,4,4,4,-4,2024,2,0,1,0,Away Win
2024-02-10,2023,Grimsby Town,Stockport County,1,3,4,4,4,-2,2024,2,0,1,0,Away Win
2024-02-10,2023,Harrogate Town A.F.C.,Colchester United,1,0,4,4,1,1,2024,2,1,0,0,Home Win
2024-02-10,2023,Milton Keynes Dons,Accrington,2,1,4,4,3,1,2024,2,1,0,0,Home Win
2024-02-10,2023,Morecambe,Sutton United,1,0,4,4,1,1,2024,2,1,0,0,Home Win
2024-02-10,2023,Swindon Town,Salford City,1,1,4,4,2,0,2024,2,0,0,1,Draw
2024-02-10,2023,Walsall,Newport County,0,3,4,4,3,-3,2024,2,0,1,0,Away Win
2024-02-10,2023,Wrexham,Bradford City,0,1,4,4,1,-1,2024,2,0,1,0,Away Win
2024-02-11,2023,West Ham United,Arsenal,0,6,1,1,6,-6,2024,2,0,1,0,Away Win
2024-02-11,2023,Aston Villa,Manchester United,1,2,1,1,3,-1,2024,2,0,1,0,Away Win
2024-02-11,2023,Coventry City,Millwall,2,1,2,2,3,1,2024,2,1,0,0,Home Win
2024-02-12,2023,Crystal Palace,Chelsea,1,3,1,1,4,-2,2024,2,0,1,0,Away Win
2024-02-13,2023,Birmingham City,Blackburn Rovers,1,0,2,2,1,1,2024,2,1,0,0,Home Win
2024-02-13,2023,Leicester City,Sheffield Wednesday,2,0,2,2,2,2,2024,2,1,0,0,Home Win
2024-02-13,2023,Norwich City,Watford,4,2,2,2,6,2,2024,2,1,0,0,Home Win
2024-02-13,2023,Rotherham United,Hull City,1,2,2,2,3,-1,2024,2,0,1,0,Away Win
2024-02-13,2023,Swansea City,Leeds United,0,4,2,2,4,-4,2024,2,0,1,0,Away Win
2024-02-13,2023,Bristol City,Southampton,3,1,2,2,4,2,2024,2,1,0,0,Home Win
2024-02-13,2023,West Bromwich Albion,Cardiff City,2,0,2,2,2,2,2024,2,1,0,0,Home Win
2024-02-13,2023,Bolton Wanderers,Wycombe Wanderers,2,1,3,3,3,1,2024,2,1,0,0,Home Win
2024-02-13,2023,Charlton Athletic,Lincoln City,1,1,3,3,2,0,2024,2,0,0,1,Draw
2024-02-13,2023,Cheltenham,Blackpool,2,0,3,3,2,2,2024,2,1,0,0,Home Win
2024-02-13,2023,Exeter City,Derby County,0,3,3,3,3,-3,2024,2,0,1,0,Away Win
2024-02-13,2023,Fleetwood Town,Reading,1,1,3,3,2,0,2024,2,0,0,1,Draw
2024-02-13,2023,Leyton Orient,Northampton Town,4,3,3,3,7,1,2024,2,1,0,0,Home Win
2024-02-13,2023,Oxford United,Wigan Athletic,4,2,3,3,6,2,2024,2,1,0,0,Home Win
2024-02-13,2023,Portsmouth,Cambridge United,3,1,3,3,4,2,2024,2,1,0,0,Home Win
2024-02-13,2023,Shrewsbury Town,Barnsley,1,1,3,3,2,0,2024,2,0,0,1,Draw
2024-02-13,2023,Stevenage Borough,Bristol Rovers,2,3,3,3,5,-1,2024,2,0,1,0,Away Win
2024-02-13,2023,Accrington,AFC Wimbledon,2,0,4,4,2,2,2024,2,1,0,0,Home Win
2024-02-13,2023,Barrow,Forest Green Rovers,1,2,4,4,3,-1,2024,2,0,1,0,Away Win
2024-02-13,2023,Bradford City,Milton Keynes Dons,4,0,4,4,4,4,2024,2,1,0,0,Home Win
2024-02-13,2023,Crawley Town,Walsall,1,1,4,4,2,0,2024,2,0,0,1,Draw
2024-02-13,2023,Gillingham,Swindon Town,2,2,4,4,4,0,2024,2,0,0,1,Draw
2024-02-13,2023,Mansfield Town,Harrogate Town A.F.C.,9,2,4,4,11,7,2024,2,1,0,0,Home Win
2024-02-13,2023,Newport County,Notts County,1,3,4,4,4,-2,2024,2,0,1,0,Away Win
2024-02-13,2023,Salford City,Doncaster Rovers,2,2,4,4,4,0,2024,2,0,0,1,Draw
2024-02-13,2023,Stockport County,Crewe Alexandra,1,3,4,4,4,-2,2024,2,0,1,0,Away Win
2024-02-13,2023,Sutton United,Wrexham,1,2,4,4,3,-1,2024,2,0,1,0,Away Win
2024-02-13,2023,Tranmere Rovers,Morecambe,2,3,4,4,5,-1,2024,2,0,1,0,Away Win
2024-02-14,2023,Huddersfield Town,Sunderland,1,0,2,2,1,1,2024,2,1,0,0,Home Win
2024-02-14,2023,Plymouth Argyle,Coventry City,2,2,2,2,4,0,2024,2,0,0,1,Draw
2024-02-14,2023,Preston North End,Middlesbrough,2,1,2,2,3,1,2024,2,1,0,0,Home Win
2024-02-14,2023,Stoke City,Queens Park Rangers,1,0,2,2,1,1,2024,2,1,0,0,Home Win
2024-02-14,2023,Millwall,Ipswich Town,0,4,2,2,4,-4,2024,2,0,1,0,Away Win
2024-02-16,2023,West Bromwich Albion,Southampton,0,2,2,2,2,-2,2024,2,0,1,0,Away Win
2024-02-17,2023,Brentford,Liverpool,1,4,1,1,5,-3,2024,2,0,1,0,Away Win
2024-02-17,2023,Burnley,Arsenal,0,5,1,1,5,-5,2024,2,0,1,0,Away Win
2024-02-17,2023,Fulham,Aston Villa,1,2,1,1,3,-1,2024,2,0,1,0,Away Win
2024-02-17,2023,Newcastle United,AFC Bournemouth,2,2,1,1,4,0,2024,2,0,0,1,Draw
2024-02-17,2023,Nottingham Forest,West Ham United,2,0,1,1,2,2,2024,2,1,0,0,Home Win
2024-02-17,2023,Tottenham Hotspur,Wolverhampton Wanderers,1,2,1,1,3,-1,2024,2,0,1,0,Away Win
2024-02-17,2023,Manchester City,Chelsea,1,1,1,1,2,0,2024,2,0,0,1,Draw
2024-02-17,2023,Plymouth Argyle,Leeds United,0,2,2,2,2,-2,2024,2,0,1,0,Away Win
2024-02-17,2023,Birmingham City,Sunderland,2,1,2,2,3,1,2024,2,1,0,0,Home Win
2024-02-17,2023,Bristol City,Queens Park Rangers,0,1,2,2,1,-1,2024,2,0,1,0,Away Win
2024-02-17,2023,Huddersfield Town,Hull City,1,2,2,2,3,-1,2024,2,0,1,0,Away Win
2024-02-17,2023,Leicester City,Middlesbrough,1,2,2,2,3,-1,2024,2,0,1,0,Away Win
2024-02-17,2023,Millwall,Sheffield Wednesday,0,2,2,2,2,-2,2024,2,0,1,0,Away Win
2024-02-17,2023,Norwich City,Cardiff City,4,1,2,2,5,3,2024,2,1,0,0,Home Win
2024-02-17,2023,Preston North End,Blackburn Rovers,2,2,2,2,4,0,2024,2,0,0,1,Draw
2024-02-17,2023,Rotherham United,Watford,0,1,2,2,1,-1,2024,2,0,1,0,Away Win
2024-02-17,2023,Stoke City,Coventry City,0,1,2,2,1,-1,2024,2,0,1,0,Away Win
2024-02-17,2023,Swansea City,Ipswich Town,1,2,2,2,3,-1,2024,2,0,1,0,Away Win
2024-02-17,2023,Bolton Wanderers,Charlton Athletic,3,3,3,3,6,0,2024,2,0,0,1,Draw
2024-02-17,2023,Carlisle United,Cambridge United,0,4,3,3,4,-4,2024,2,0,1,0,Away Win
2024-02-17,2023,Cheltenham,Port Vale,3,2,3,3,5,1,2024,2,1,0,0,Home Win
2024-02-17,2023,Derby County,Stevenage Borough,1,0,3,3,1,1,2024,2,1,0,0,Home Win
2024-02-17,2023,Fleetwood Town,Barnsley,1,2,3,3,3,-1,2024,2,0,1,0,Away Win
2024-02-17,2023,Leyton Orient,Burton Albion,1,2,3,3,3,-1,2024,2,0,1,0,Away Win
2024-02-17,2023,Lincoln City,Exeter City,1,0,3,3,1,1,2024,2,1,0,0,Home Win
2024-02-17,2023,Northampton Town,Bristol Rovers,3,1,3,3,4,2,2024,2,1,0,0,Home Win
2024-02-17,2023,Peterborough United,Blackpool,1,2,3,3,3,-1,2024,2,0,1,0,Away Win
2024-02-17,2023,Portsmouth,Reading,4,1,3,3,5,3,2024,2,1,0,0,Home Win
2024-02-17,2023,Shrewsbury Town,Wigan Athletic,0,1,3,3,1,-1,2024,2,0,1,0,Away Win
2024-02-17,2023,Wycombe Wanderers,Oxford United,0,0,3,3,0,0,2024,2,0,0,1,Draw
2024-02-17,2023,AFC Wimbledon,Morecambe,1,1,4,4,2,0,2024,2,0,0,1,Draw
2024-02-17,2023,Bradford City,Sutton United,1,0,4,4,1,1,2024,2,1,0,0,Home Win
2024-02-17,2023,Colchester United,Accrington,1,1,4,4,2,0,2024,2,0,0,1,Draw
2024-02-17,2023,Crawley Town,Forest Green Rovers,2,0,4,4,2,2,2024,2,1,0,0,Home Win
2024-02-17,2023,Crewe Alexandra,Harrogate Town A.F.C.,0,0,4,4,0,0,2024,2,0,0,1,Draw
2024-02-17,2023,Grimsby Town,Doncaster Rovers,1,5,4,4,6,-4,2024,2,0,1,0,Away Win
2024-02-17,2023,Newport County,Gillingham,1,0,4,4,1,1,2024,2,1,0,0,Home Win
2024-02-17,2023,Salford City,Barrow,5,3,4,4,8,2,2024,2,1,0,0,Home Win
2024-02-17,2023,Swindon Town,Milton Keynes Dons,1,2,4,4,3,-1,2024,2,0,1,0,Away Win
2024-02-17,2023,Tranmere Rovers,Stockport County,4,0,4,4,4,4,2024,2,1,0,0,Home Win
2024-02-17,2023,Walsall,Mansfield Town,2,1,4,4,3,1,2024,2,1,0,0,Home Win
2024-02-17,2023,Wrexham,Notts County,1,0,4,4,1,1,2024,2,1,0,0,Home Win
2024-02-18,2023,Sheffield United,Brighton & Hove Albion,0,5,1,1,5,-5,2024,2,0,1,0,Away Win
2024-02-18,2023,Luton Town,Manchester United,1,2,1,1,3,-1,2024,2,0,1,0,Away Win
2024-02-19,2023,Everton,Crystal Palace,1,1,1,1,2,0,2024,2,0,0,1,Draw
2024-02-20,2023,Manchester City,Brentford,1,0,1,1,1,1,2024,2,1,0,0,Home Win
2024-02-20,2023,Cardiff City,Blackburn Rovers,0,0,2,2,0,0,2024,2,0,0,1,Draw
2024-02-20,2023,Ipswich Town,Rotherham United,4,3,2,2,7,1,2024,2,1,0,0,Home Win
2024-02-20,2023,Plymouth Argyle,West Bromwich Albion,0,3,2,2,3,-3,2024,2,0,1,0,Away Win
2024-02-20,2023,Southampton,Hull City,1,2,2,2,3,-1,2024,2,0,1,0,Away Win
2024-02-20,2023,Cambridge United,Bolton Wanderers,1,2,3,3,3,-1,2024,2,0,1,0,Away Win
2024-02-20,2023,Oxford United,Northampton Town,2,2,3,3,4,0,2024,2,0,0,1,Draw
2024-02-20,2023,Reading,Port Vale,2,0,3,3,2,2,2024,2,1,0,0,Home Win
2024-02-20,2023,AFC Wimbledon,Crawley Town,0,1,4,4,1,-1,2024,2,0,1,0,Away Win
2024-02-20,2023,Gillingham,Stockport County,0,0,4,4,0,0,2024,2,0,0,1,Draw
2024-02-20,2023,Milton Keynes Dons,Wrexham,1,1,4,4,2,0,2024,2,0,0,1,Draw
2024-02-20,2023,Walsall,Morecambe,3,0,4,4,3,3,2024,2,1,0,0,Home Win
2024-02-21,2023,Liverpool,Luton Town,4,1,1,1,5,3,2024,2,1,0,0,Home Win
2024-02-23,2023,Coventry City,Preston North End,0,3,2,2,3,-3,2024,2,0,1,0,Away Win
2024-02-23,2023,Leeds United,Leicester City,3,1,2,2,4,2,2024,2,1,0,0,Home Win
2024-02-23,2023,Wigan Athletic,Cheltenham,1,1,3,3,2,0,2024,2,0,0,1,Draw
2024-02-24,2023,Aston Villa,Nottingham Forest,4,2,1,1,6,2,2024,2,1,0,0,Home Win
2024-02-24,2023,Brighton & Hove Albion,Everton,1,1,1,1,2,0,2024,2,0,0,1,Draw
2024-02-24,2023,Crystal Palace,Burnley,3,0,1,1,3,3,2024,2,1,0,0,Home Win
2024-02-24,2023,Manchester United,Fulham,1,2,1,1,3,-1,2024,2,0,1,0,Away Win
2024-02-24,2023,AFC Bournemouth,Manchester City,0,1,1,1,1,-1,2024,2,0,1,0,Away Win
2024-02-24,2023,Arsenal,Newcastle United,4,1,1,1,5,3,2024,2,1,0,0,Home Win
2024-02-24,2023,Hull City,West Bromwich Albion,1,1,2,2,2,0,2024,2,0,0,1,Draw
2024-02-24,2023,Blackburn Rovers,Norwich City,1,1,2,2,2,0,2024,2,0,0,1,Draw
2024-02-24,2023,Cardiff City,Stoke City,2,1,2,2,3,1,2024,2,1,0,0,Home Win
2024-02-24,2023,Ipswich Town,Birmingham City,3,1,2,2,4,2,2024,2,1,0,0,Home Win
2024-02-24,2023,Middlesbrough,Plymouth Argyle,0,2,2,2,2,-2,2024,2,0,1,0,Away Win
2024-02-24,2023,Queens Park Rangers,Rotherham United,2,1,2,2,3,1,2024,2,1,0,0,Home Win
2024-02-24,2023,Sheffield Wednesday,Bristol City,2,1,2,2,3,1,2024,2,1,0,0,Home Win
2024-02-24,2023,Southampton,Millwall,1,2,2,2,3,-1,2024,2,0,1,0,Away Win
2024-02-24,2023,Sunderland,Swansea City,1,2,2,2,3,-1,2024,2,0,1,0,Away Win
2024-02-24,2023,Watford,Huddersfield Town,1,2,2,2,3,-1,2024,2,0,1,0,Away Win
2024-02-24,2023,Cambridge United,Peterborough United,0,1,3,3,1,-1,2024,2,0,1,0,Away Win
2024-02-24,2023,Barnsley,Derby County,2,1,3,3,3,1,2024,2,1,0,0,Home Win
2024-02-24,2023,Blackpool,Bolton Wanderers,4,1,3,3,5,3,2024,2,1,0,0,Home Win
2024-02-24,2023,Bristol Rovers,Carlisle United,2,1,3,3,3,1,2024,2,1,0,0,Home Win
2024-02-24,2023,Burton Albion,Northampton Town,0,2,3,3,2,-2,2024,2,0,1,0,Away Win
2024-02-24,2023,Charlton Athletic,Portsmouth,0,0,3,3,0,0,2024,2,0,0,1,Draw
2024-02-24,2023,Exeter City,Fleetwood Town,1,1,3,3,2,0,2024,2,0,0,1,Draw
2024-02-24,2023,Oxford United,Leyton Orient,1,2,3,3,3,-1,2024,2,0,1,0,Away Win
2024-02-24,2023,Port Vale,Lincoln City,0,2,3,3,2,-2,2024,2,0,1,0,Away Win
2024-02-24,2023,Reading,Shrewsbury Town,2,3,3,3,5,-1,2024,2,0,1,0,Away Win
2024-02-24,2023,Stevenage Borough,Wycombe Wanderers,1,0,3,3,1,1,2024,2,1,0,0,Home Win
2024-02-24,2023,Accrington,Crawley Town,0,1,4,4,1,-1,2024,2,0,1,0,Away Win
2024-02-24,2023,Doncaster Rovers,AFC Wimbledon,1,0,4,4,1,1,2024,2,1,0,0,Home Win
2024-02-24,2023,Forest Green Rovers,Tranmere Rovers,1,0,4,4,1,1,2024,2,1,0,0,Home Win
2024-02-24,2023,Gillingham,Wrexham,1,0,4,4,1,1,2024,2,1,0,0,Home Win
2024-02-24,2023,Harrogate Town A.F.C.,Walsall,0,2,4,4,2,-2,2024,2,0,1,0,Away Win
2024-02-24,2023,Mansfield Town,Salford City,5,1,4,4,6,4,2024,2,1,0,0,Home Win
2024-02-24,2023,Milton Keynes Dons,Newport County,3,0,4,4,3,3,2024,2,1,0,0,Home Win
2024-02-24,2023,Morecambe,Grimsby Town,1,1,4,4,2,0,2024,2,0,0,1,Draw
2024-02-24,2023,Notts County,Crewe Alexandra,1,3,4,4,4,-2,2024,2,0,1,0,Away Win
2024-02-24,2023,Stockport County,Swindon Town,0,0,4,4,0,0,2024,2,0,0,1,Draw
2024-02-24,2023,Sutton United,Colchester United,1,1,4,4,2,0,2024,2,0,0,1,Draw
2024-02-25,2023,Wolverhampton Wanderers,Sheffield United,1,0,1,1,1,1,2024,2,1,0,0,Home Win
2024-02-26,2023,West Ham United,Brentford,4,2,1,1,6,2,2024,2,1,0,0,Home Win
2024-02-27,2023,Burton Albion,Carlisle United,0,1,3,3,1,-1,2024,2,0,1,0,Away Win
2024-02-27,2023,Derby County,Charlton Athletic,1,2,3,3,3,-1,2024,2,0,1,0,Away Win
2024-02-27,2023,Leyton Orient,Blackpool,1,0,3,3,1,1,2024,2,1,0,0,Home Win
2024-02-27,2023,Lincoln City,Shrewsbury Town,3,0,3,3,3,3,2024,2,1,0,0,Home Win
2024-02-27,2023,Port Vale,Fleetwood Town,2,2,3,3,4,0,2024,2,0,0,1,Draw
2024-02-27,2023,Stevenage Borough,Cambridge United,1,0,3,3,1,1,2024,2,1,0,0,Home Win
2024-02-27,2023,Wigan Athletic,Bolton Wanderers,1,0,3,3,1,1,2024,2,1,0,0,Home Win
2024-02-27,2023,Wycombe Wanderers,Cheltenham,2,0,3,3,2,2,2024,2,1,0,0,Home Win
2024-02-27,2023,Forest Green Rovers,Wrexham,1,1,4,4,2,0,2024,2,0,0,1,Draw
2024-02-27,2023,Harrogate Town A.F.C.,Newport County,1,4,4,4,5,-3,2024,2,0,1,0,Away Win
2024-02-27,2023,Notts County,Sutton United,3,4,4,4,7,-1,2024,2,0,1,0,Away Win
2024-02-27,2023,Salford City,Colchester United,1,1,4,4,2,0,2024,2,0,0,1,Draw
2024-02-27,2023,Swindon Town,Tranmere Rovers,3,1,4,4,4,2,2024,2,1,0,0,Home Win
2024-02-27,2023,Walsall,Accrington,2,1,4,4,3,1,2024,2,1,0,0,Home Win
2024-03-01,2023,West Bromwich Albion,Coventry City,2,1,2,2,3,1,2024,3,1,0,0,Home Win
2024-03-02,2023,Brentford,Chelsea,2,2,1,1,4,0,2024,3,0,0,1,Draw
2024-03-02,2023,Everton,West Ham United,1,3,1,1,4,-2,2024,3,0,1,0,Away Win
2024-03-02,2023,Fulham,Brighton & Hove Albion,3,0,1,1,3,3,2024,3,1,0,0,Home Win
2024-03-02,2023,Newcastle United,Wolverhampton Wanderers,3,0,1,1,3,3,2024,3,1,0,0,Home Win
2024-03-02,2023,Nottingham Forest,Liverpool,0,1,1,1,1,-1,2024,3,0,1,0,Away Win
2024-03-02,2023,Tottenham Hotspur,Crystal Palace,3,1,1,1,4,2,2024,3,1,0,0,Home Win
2024-03-02,2023,Luton Town,Aston Villa,2,3,1,1,5,-1,2024,3,0,1,0,Away Win
2024-03-02,2023,Bristol City,Cardiff City,0,1,2,2,1,-1,2024,3,0,1,0,Away Win
2024-03-02,2023,Huddersfield Town,Leeds United,1,1,2,2,2,0,2024,3,0,0,1,Draw
2024-03-02,2023,Birmingham City,Southampton,3,4,2,2,7,-1,2024,3,0,1,0,Away Win
2024-03-02,2023,Leicester City,Queens Park Rangers,1,2,2,2,3,-1,2024,3,0,1,0,Away Win
2024-03-02,2023,Millwall,Watford,1,0,2,2,1,1,2024,3,1,0,0,Home Win
2024-03-02,2023,Norwich City,Sunderland,1,0,2,2,1,1,2024,3,1,0,0,Home Win
2024-03-02,2023,Plymouth Argyle,Ipswich Town,0,2,2,2,2,-2,2024,3,0,1,0,Away Win
2024-03-02,2023,Preston North End,Hull City,0,0,2,2,0,0,2024,3,0,0,1,Draw
2024-03-02,2023,Rotherham United,Sheffield Wednesday,0,1,2,2,1,-1,2024,3,0,1,0,Away Win
2024-03-02,2023,Stoke City,Middlesbrough,2,0,2,2,2,2,2024,3,1,0,0,Home Win
2024-03-02,2023,Swansea City,Blackburn Rovers,2,1,2,2,3,1,2024,3,1,0,0,Home Win
2024-03-02,2023,Bolton Wanderers,Cambridge United,2,0,3,3,2,2,2024,3,1,0,0,Home Win
2024-03-02,2023,Carlisle United,Reading,1,3,3,3,4,-2,2024,3,0,1,0,Away Win
2024-03-02,2023,Cheltenham,Burton Albion,0,0,3,3,0,0,2024,3,0,0,1,Draw
2024-03-02,2023,Derby County,Port Vale,3,0,3,3,3,3,2024,3,1,0,0,Home Win
2024-03-02,2023,Fleetwood Town,Wigan Athletic,4,2,3,3,6,2,2024,3,1,0,0,Home Win
2024-03-02,2023,Leyton Orient,Bristol Rovers,0,1,3,3,1,-1,2024,3,0,1,0,Away Win
2024-03-02,2023,Lincoln City,Stevenage Borough,0,0,3,3,0,0,2024,3,0,0,1,Draw
2024-03-02,2023,Northampton Town,Charlton Athletic,1,1,3,3,2,0,2024,3,0,0,1,Draw
2024-03-02,2023,Peterborough United,Exeter City,2,1,3,3,3,1,2024,3,1,0,0,Home Win
2024-03-02,2023,Portsmouth,Oxford United,2,1,3,3,3,1,2024,3,1,0,0,Home Win
2024-03-02,2023,Shrewsbury Town,Blackpool,0,2,3,3,2,-2,2024,3,0,1,0,Away Win
2024-03-02,2023,Wycombe Wanderers,Barnsley,2,4,3,3,6,-2,2024,3,0,1,0,Away Win
2024-03-02,2023,AFC Wimbledon,Milton Keynes Dons,1,0,4,4,1,1,2024,3,1,0,0,Home Win
2024-03-02,2023,Crewe Alexandra,Morecambe,2,3,4,4,5,-1,2024,3,0,1,0,Away Win
2024-03-02,2023,Grimsby Town,Forest Green Rovers,1,0,4,4,1,1,2024,3,1,0,0,Home Win
2024-03-02,2023,Newport County,Mansfield Town,0,1,4,4,1,-1,2024,3,0,1,0,Away Win
2024-03-02,2023,Salford City,Gillingham,0,2,4,4,2,-2,2024,3,0,1,0,Away Win
2024-03-02,2023,Swindon Town,Harrogate Town A.F.C.,1,1,4,4,2,0,2024,3,0,0,1,Draw
2024-03-02,2023,Tranmere Rovers,Sutton United,1,0,4,4,1,1,2024,3,1,0,0,Home Win
2024-03-02,2023,Walsall,Doncaster Rovers,3,1,4,4,4,2,2024,3,1,0,0,Home Win
2024-03-02,2023,Wrexham,Accrington,4,0,4,4,4,4,2024,3,1,0,0,Home Win
2024-03-03,2023,Burnley,AFC Bournemouth,0,2,1,1,2,-2,2024,3,0,1,0,Away Win
2024-03-03,2023,Manchester City,Manchester United,3,1,1,1,4,2,2024,3,1,0,0,Home Win
2024-03-04,2023,Sheffield United,Arsenal,0,6,1,1,6,-6,2024,3,0,1,0,Away Win
2024-03-05,2023,Blackburn Rovers,Millwall,1,1,2,2,2,0,2024,3,0,0,1,Draw
2024-03-05,2023,Coventry City,Rotherham United,5,0,2,2,5,5,2024,3,1,0,0,Home Win
2024-03-05,2023,Hull City,Birmingham City,1,1,2,2,2,0,2024,3,0,0,1,Draw
2024-03-05,2023,Leeds United,Stoke City,1,0,2,2,1,1,2024,3,1,0,0,Home Win
2024-03-05,2023,Sheffield Wednesday,Plymouth Argyle,1,0,2,2,1,1,2024,3,1,0,0,Home Win
2024-03-05,2023,Sunderland,Leicester City,0,1,2,2,1,-1,2024,3,0,1,0,Away Win
2024-03-05,2023,Ipswich Town,Bristol City,3,2,2,2,5,1,2024,3,1,0,0,Home Win
2024-03-05,2023,Barnsley,Bolton Wanderers,2,2,3,3,4,0,2024,3,0,0,1,Draw
2024-03-05,2023,Cheltenham,Charlton Athletic,1,3,3,3,4,-2,2024,3,0,1,0,Away Win
2024-03-05,2023,Peterborough United,Northampton Town,5,1,3,3,6,4,2024,3,1,0,0,Home Win
2024-03-05,2023,AFC Wimbledon,Grimsby Town,0,0,4,4,0,0,2024,3,0,0,1,Draw
2024-03-05,2023,Barrow,Gillingham,2,0,4,4,2,2,2024,3,1,0,0,Home Win
2024-03-05,2023,Bradford City,Doncaster Rovers,1,1,4,4,2,0,2024,3,0,0,1,Draw
2024-03-05,2023,Mansfield Town,Milton Keynes Dons,1,2,4,4,3,-1,2024,3,0,1,0,Away Win
2024-03-05,2023,Morecambe,Crawley Town,1,0,4,4,1,1,2024,3,1,0,0,Home Win
2024-03-06,2023,Cardiff City,Huddersfield Town,1,0,2,2,1,1,2024,3,1,0,0,Home Win
2024-03-06,2023,Middlesbrough,Norwich City,3,1,2,2,4,2,2024,3,1,0,0,Home Win
2024-03-06,2023,Watford,Swansea City,1,1,2,2,2,0,2024,3,0,0,1,Draw
2024-03-06,2023,Queens Park Rangers,West Bromwich Albion,2,2,2,2,4,0,2024,3,0,0,1,Draw
2024-03-08,2023,Sheffield Wednesday,Leeds United,0,2,2,2,2,-2,2024,3,0,1,0,Away Win
2024-03-09,2023,Manchester United,Everton,2,0,1,1,2,2,2024,3,1,0,0,Home Win
2024-03-09,2023,AFC Bournemouth,Sheffield United,2,2,1,1,4,0,2024,3,0,0,1,Draw
2024-03-09,2023,Crystal Palace,Luton Town,1,1,1,1,2,0,2024,3,0,0,1,Draw
2024-03-09,2023,Wolverhampton Wanderers,Fulham,2,1,1,1,3,1,2024,3,1,0,0,Home Win
2024-03-09,2023,Arsenal,Brentford,2,1,1,1,3,1,2024,3,1,0,0,Home Win
2024-03-09,2023,Cardiff City,Ipswich Town,2,1,2,2,3,1,2024,3,1,0,0,Home Win
2024-03-09,2023,Blackburn Rovers,Plymouth Argyle,1,1,2,2,2,0,2024,3,0,0,1,Draw
2024-03-09,2023,Hull City,Leicester City,2,2,2,2,4,0,2024,3,0,0,1,Draw
2024-03-09,2023,Millwall,Birmingham City,1,0,2,2,1,1,2024,3,1,0,0,Home Win
2024-03-09,2023,Norwich City,Rotherham United,5,0,2,2,5,5,2024,3,1,0,0,Home Win
2024-03-09,2023,Preston North End,Stoke City,1,2,2,2,3,-1,2024,3,0,1,0,Away Win
2024-03-09,2023,Queens Park Rangers,Middlesbrough,0,2,2,2,2,-2,2024,3,0,1,0,Away Win
2024-03-09,2023,Southampton,Sunderland,4,2,2,2,6,2,2024,3,1,0,0,Home Win
2024-03-09,2023,Watford,Coventry City,1,2,2,2,3,-1,2024,3,0,1,0,Away Win
2024-03-09,2023,Barnsley,Lincoln City,1,5,3,3,6,-4,2024,3,0,1,0,Away Win
2024-03-09,2023,Blackpool,Portsmouth,0,0,3,3,0,0,2024,3,0,0,1,Draw
2024-03-09,2023,Bristol Rovers,Derby County,0,3,3,3,3,-3,2024,3,0,1,0,Away Win
2024-03-09,2023,Burton Albion,Peterborough United,1,3,3,3,4,-2,2024,3,0,1,0,Away Win
2024-03-09,2023,Cambridge United,Northampton Town,1,1,3,3,2,0,2024,3,0,0,1,Draw
2024-03-09,2023,Charlton Athletic,Carlisle United,3,2,3,3,5,1,2024,3,1,0,0,Home Win
2024-03-09,2023,Exeter City,Bolton Wanderers,2,2,3,3,4,0,2024,3,0,0,1,Draw
2024-03-09,2023,Oxford United,Cheltenham,2,1,3,3,3,1,2024,3,1,0,0,Home Win
2024-03-09,2023,Port Vale,Shrewsbury Town,1,2,3,3,3,-1,2024,3,0,1,0,Away Win
2024-03-09,2023,Reading,Wycombe Wanderers,1,2,3,3,3,-1,2024,3,0,1,0,Away Win
2024-03-09,2023,Stevenage Borough,Fleetwood Town,0,0,3,3,0,0,2024,3,0,0,1,Draw
2024-03-09,2023,Wigan Athletic,Leyton Orient,1,0,3,3,1,1,2024,3,1,0,0,Home Win
2024-03-09,2023,Accrington,Bradford City,0,3,4,4,3,-3,2024,3,0,1,0,Away Win
2024-03-09,2023,Barrow,Colchester United,2,0,4,4,2,2,2024,3,1,0,0,Home Win
2024-03-09,2023,Doncaster Rovers,Crewe Alexandra,2,0,4,4,2,2,2024,3,1,0,0,Home Win
2024-03-09,2023,Forest Green Rovers,Walsall,2,0,4,4,2,2,2024,3,1,0,0,Home Win
2024-03-09,2023,Gillingham,Tranmere Rovers,1,1,4,4,2,0,2024,3,0,0,1,Draw
2024-03-09,2023,Harrogate Town A.F.C.,Crawley Town,1,2,4,4,3,-1,2024,3,0,1,0,Away Win
2024-03-09,2023,Mansfield Town,Swindon Town,3,2,4,4,5,1,2024,3,1,0,0,Home Win
2024-03-09,2023,Milton Keynes Dons,Salford City,3,1,4,4,4,2,2024,3,1,0,0,Home Win
2024-03-09,2023,Morecambe,Wrexham,1,3,4,4,4,-2,2024,3,0,1,0,Away Win
2024-03-09,2023,Notts County,AFC Wimbledon,0,2,4,4,2,-2,2024,3,0,1,0,Away Win
2024-03-09,2023,Stockport County,Newport County,1,0,4,4,1,1,2024,3,1,0,0,Home Win
2024-03-09,2023,Sutton United,Grimsby Town,1,1,4,4,2,0,2024,3,0,0,1,Draw
2024-03-10,2023,Aston Villa,Tottenham Hotspur,0,4,1,1,4,-4,2024,3,0,1,0,Away Win
2024-03-10,2023,Brighton & Hove Albion,Nottingham Forest,1,0,1,1,1,1,2024,3,1,0,0,Home Win
2024-03-10,2023,West Ham United,Burnley,2,2,1,1,4,0,2024,3,0,0,1,Draw
2024-03-10,2023,Liverpool,Manchester City,1,1,1,1,2,0,2024,3,0,0,1,Draw
2024-03-10,2023,Huddersfield Town,West Bromwich Albion,1,4,2,2,5,-3,2024,3,0,1,0,Away Win
2024-03-10,2023,Bristol City,Swansea City,1,0,2,2,1,1,2024,3,1,0,0,Home Win
2024-03-11,2023,Chelsea,Newcastle United,3,2,1,1,5,1,2024,3,1,0,0,Home Win
2024-03-12,2023,Birmingham City,Middlesbrough,0,1,2,2,1,-1,2024,3,0,1,0,Away Win
2024-03-12,2023,Carlisle United,Barnsley,2,3,3,3,5,-1,2024,3,0,1,0,Away Win
2024-03-12,2023,Derby County,Reading,2,1,3,3,3,1,2024,3,1,0,0,Home Win
2024-03-12,2023,Fleetwood Town,Bristol Rovers,0,0,3,3,0,0,2024,3,0,0,1,Draw
2024-03-12,2023,Leyton Orient,Port Vale,0,0,3,3,0,0,2024,3,0,0,1,Draw
2024-03-12,2023,Lincoln City,Cambridge United,6,0,3,3,6,6,2024,3,1,0,0,Home Win
2024-03-12,2023,Northampton Town,Blackpool,0,1,3,3,1,-1,2024,3,0,1,0,Away Win
2024-03-12,2023,Portsmouth,Burton Albion,2,1,3,3,3,1,2024,3,1,0,0,Home Win
2024-03-12,2023,Shrewsbury Town,Exeter City,0,3,3,3,3,-3,2024,3,0,1,0,Away Win
2024-03-12,2023,Wycombe Wanderers,Wigan Athletic,1,0,3,3,1,1,2024,3,1,0,0,Home Win
2024-03-12,2023,Bolton Wanderers,Oxford United,5,0,3,3,5,5,2024,3,1,0,0,Home Win
2024-03-12,2023,AFC Wimbledon,Gillingham,2,0,4,4,2,2,2024,3,1,0,0,Home Win
2024-03-12,2023,Bradford City,Forest Green Rovers,0,2,4,4,2,-2,2024,3,0,1,0,Away Win
2024-03-12,2023,Crawley Town,Notts County,2,1,4,4,3,1,2024,3,1,0,0,Home Win
2024-03-12,2023,Crewe Alexandra,Sutton United,1,0,4,4,1,1,2024,3,1,0,0,Home Win
2024-03-12,2023,Grimsby Town,Milton Keynes Dons,1,0,4,4,1,1,2024,3,1,0,0,Home Win
2024-03-12,2023,Newport County,Morecambe,5,3,4,4,8,2,2024,3,1,0,0,Home Win
2024-03-12,2023,Swindon Town,Accrington,1,2,4,4,3,-1,2024,3,0,1,0,Away Win
2024-03-12,2023,Tranmere Rovers,Mansfield Town,2,1,4,4,3,1,2024,3,1,0,0,Home Win
2024-03-12,2023,Walsall,Barrow,1,1,4,4,2,0,2024,3,0,0,1,Draw
2024-03-12,2023,Wrexham,Harrogate Town A.F.C.,0,0,4,4,0,0,2024,3,0,0,1,Draw
2024-03-13,2023,AFC Bournemouth,Luton Town,4,3,1,1,7,1,2024,3,1,0,0,Home Win
2024-03-13,2023,Peterborough United,Stevenage Borough,3,1,3,3,4,2,2024,3,1,0,0,Home Win
2024-03-14,2023,Salford City,Stockport County,2,2,4,4,4,0,2024,3,0,0,1,Draw
2024-03-16,2023,Burnley,Brentford,2,1,1,1,3,1,2024,3,1,0,0,Home Win
2024-03-16,2023,Luton Town,Nottingham Forest,1,1,1,1,2,0,2024,3,0,0,1,Draw
2024-03-16,2023,Fulham,Tottenham Hotspur,3,0,1,1,3,3,2024,3,1,0,0,Home Win
2024-03-16,2023,Swansea City,Cardiff City,2,0,2,2,2,2,2024,3,1,0,0,Home Win
2024-03-16,2023,Birmingham City,Watford,0,1,2,2,1,-1,2024,3,0,1,0,Away Win
2024-03-16,2023,Ipswich Town,Sheffield Wednesday,6,0,2,2,6,6,2024,3,1,0,0,Home Win
2024-03-16,2023,Middlesbrough,Blackburn Rovers,0,0,2,2,0,0,2024,3,0,0,1,Draw
2024-03-16,2023,Plymouth Argyle,Preston North End,0,1,2,2,1,-1,2024,3,0,1,0,Away Win
2024-03-16,2023,Rotherham United,Huddersfield Town,0,0,2,2,0,0,2024,3,0,0,1,Draw
2024-03-16,2023,Stoke City,Norwich City,0,3,2,2,3,-3,2024,3,0,1,0,Away Win
2024-03-16,2023,Sunderland,Queens Park Rangers,0,0,2,2,0,0,2024,3,0,0,1,Draw
2024-03-16,2023,West Bromwich Albion,Bristol City,2,0,2,2,2,2,2024,3,1,0,0,Home Win
2024-03-16,2023,Barnsley,Cheltenham,0,0,3,3,0,0,2024,3,0,0,1,Draw
2024-03-16,2023,Derby County,Bolton Wanderers,1,0,3,3,1,1,2024,3,1,0,0,Home Win
2024-03-16,2023,Exeter City,Burton Albion,1,0,3,3,1,1,2024,3,1,0,0,Home Win
2024-03-16,2023,Fleetwood Town,Charlton Athletic,1,1,3,3,2,0,2024,3,0,0,1,Draw
2024-03-16,2023,Lincoln City,Bristol Rovers,5,0,3,3,5,5,2024,3,1,0,0,Home Win
2024-03-16,2023,Peterborough United,Portsmouth,0,1,3,3,1,-1,2024,3,0,1,0,Away Win
2024-03-16,2023,Port Vale,Oxford United,0,2,3,3,2,-2,2024,3,0,1,0,Away Win
2024-03-16,2023,Reading,Cambridge United,4,0,3,3,4,4,2024,3,1,0,0,Home Win
2024-03-16,2023,Shrewsbury Town,Carlisle United,1,0,3,3,1,1,2024,3,1,0,0,Home Win
2024-03-16,2023,Stevenage Borough,Leyton Orient,0,1,3,3,1,-1,2024,3,0,1,0,Away Win
2024-03-16,2023,Wigan Athletic,Blackpool,1,0,3,3,1,1,2024,3,1,0,0,Home Win
2024-03-16,2023,Wycombe Wanderers,Northampton Town,2,0,3,3,2,2,2024,3,1,0,0,Home Win
2024-03-16,2023,Accrington,Notts County,2,2,4,4,4,0,2024,3,0,0,1,Draw
2024-03-16,2023,AFC Wimbledon,Newport County,0,2,4,4,2,-2,2024,3,0,1,0,Away Win
2024-03-16,2023,Barrow,Harrogate Town A.F.C.,0,0,4,4,0,0,2024,3,0,0,1,Draw
2024-03-16,2023,Bradford City,Mansfield Town,1,5,4,4,6,-4,2024,3,0,1,0,Away Win
2024-03-16,2023,Colchester United,Walsall,1,1,4,4,2,0,2024,3,0,0,1,Draw
2024-03-16,2023,Forest Green Rovers,Sutton United,0,1,4,4,1,-1,2024,3,0,1,0,Away Win
2024-03-16,2023,Gillingham,Grimsby Town,1,1,4,4,2,0,2024,3,0,0,1,Draw
2024-03-16,2023,Milton Keynes Dons,Crewe Alexandra,3,1,4,4,4,2,2024,3,1,0,0,Home Win
2024-03-16,2023,Swindon Town,Doncaster Rovers,1,2,4,4,3,-1,2024,3,0,1,0,Away Win
2024-03-16,2023,Wrexham,Tranmere Rovers,0,1,4,4,1,-1,2024,3,0,1,0,Away Win
2024-03-17,2023,West Ham United,Aston Villa,1,1,1,1,2,0,2024,3,0,0,1,Draw
2024-03-17,2023,Leeds United,Millwall,2,0,2,2,2,2,2024,3,1,0,0,Home Win
2024-03-17,2023,Salford City,Morecambe,3,1,4,4,4,2,2024,3,1,0,0,Home Win
2024-03-18,2023,Crawley Town,Stockport County,1,1,4,4,2,0,2024,3,0,0,1,Draw
2024-03-19,2023,Bradford City,Notts County,0,3,4,4,3,-3,2024,3,0,1,0,Away Win
2024-03-23,2023,Burton Albion,Port Vale,0,1,3,3,1,-1,2024,3,0,1,0,Away Win
2024-03-23,2023,Carlisle United,Stevenage Borough,2,2,3,3,4,0,2024,3,0,0,1,Draw
2024-03-23,2023,Northampton Town,Derby County,1,0,3,3,1,1,2024,3,1,0,0,Home Win
2024-03-23,2023,Mansfield Town,Colchester United,1,1,4,4,2,0,2024,3,0,0,1,Draw
2024-03-23,2023,Harrogate Town A.F.C.,Bradford City,3,0,4,4,3,3,2024,3,1,0,0,Home Win
2024-03-23,2023,Barrow,Newport County,1,0,4,4,1,1,2024,3,1,0,0,Home Win
2024-03-23,2023,Crewe Alexandra,AFC Wimbledon,1,1,4,4,2,0,2024,3,0,0,1,Draw
2024-03-23,2023,Doncaster Rovers,Forest Green Rovers,2,0,4,4,2,2,2024,3,1,0,0,Home Win
2024-03-23,2023,Grimsby Town,Wrexham,1,3,4,4,4,-2,2024,3,0,1,0,Away Win
2024-03-23,2023,Morecambe,Gillingham,2,3,4,4,5,-1,2024,3,0,1,0,Away Win
2024-03-23,2023,Notts County,Salford City,1,2,4,4,3,-1,2024,3,0,1,0,Away Win
2024-03-23,2023,Sutton United,Accrington,3,1,4,4,4,2,2024,3,1,0,0,Home Win
2024-03-23,2023,Tranmere Rovers,Crawley Town,1,3,4,4,4,-2,2024,3,0,1,0,Away Win
2024-03-23,2023,Stockport County,Milton Keynes Dons,5,0,4,4,5,5,2024,3,1,0,0,Home Win
2024-03-29,2023,Bristol City,Leicester City,1,0,2,2,1,1,2024,3,1,0,0,Home Win
2024-03-29,2023,Millwall,West Bromwich Albion,1,1,2,2,2,0,2024,3,0,0,1,Draw
2024-03-29,2023,Cardiff City,Sunderland,0,2,2,2,2,-2,2024,3,0,1,0,Away Win
2024-03-29,2023,Huddersfield Town,Coventry City,1,3,2,2,4,-2,2024,3,0,1,0,Away Win
2024-03-29,2023,Hull City,Stoke City,0,2,2,2,2,-2,2024,3,0,1,0,Away Win
2024-03-29,2023,Norwich City,Plymouth Argyle,2,1,2,2,3,1,2024,3,1,0,0,Home Win
2024-03-29,2023,Preston North End,Rotherham United,3,0,2,2,3,3,2024,3,1,0,0,Home Win
2024-03-29,2023,Queens Park Rangers,Birmingham City,2,1,2,2,3,1,2024,3,1,0,0,Home Win
2024-03-29,2023,Sheffield Wednesday,Swansea City,1,1,2,2,2,0,2024,3,0,0,1,Draw
2024-03-29,2023,Southampton,Middlesbrough,1,1,2,2,2,0,2024,3,0,0,1,Draw
2024-03-29,2023,Blackburn Rovers,Ipswich Town,0,1,2,2,1,-1,2024,3,0,1,0,Away Win
2024-03-29,2023,Watford,Leeds United,2,2,2,2,4,0,2024,3,0,0,1,Draw
2024-03-29,2023,Barnsley,Cambridge United,0,2,3,3,2,-2,2024,3,0,1,0,Away Win
2024-03-29,2023,Derby County,Blackpool,1,0,3,3,1,1,2024,3,1,0,0,Home Win
2024-03-29,2023,Exeter City,Charlton Athletic,1,1,3,3,2,0,2024,3,0,0,1,Draw
2024-03-29,2023,Fleetwood Town,Cheltenham,1,2,3,3,3,-1,2024,3,0,1,0,Away Win
2024-03-29,2023,Lincoln City,Leyton Orient,1,0,3,3,1,1,2024,3,1,0,0,Home Win
2024-03-29,2023,Peterborough United,Carlisle United,1,3,3,3,4,-2,2024,3,0,1,0,Away Win
2024-03-29,2023,Port Vale,Bristol Rovers,2,0,3,3,2,2,2024,3,1,0,0,Home Win
2024-03-29,2023,Reading,Northampton Town,1,0,3,3,1,1,2024,3,1,0,0,Home Win
2024-03-29,2023,Shrewsbury Town,Oxford United,1,1,3,3,2,0,2024,3,0,0,1,Draw
2024-03-29,2023,Stevenage Borough,Bolton Wanderers,0,0,3,3,0,0,2024,3,0,0,1,Draw
2024-03-29,2023,Wigan Athletic,Burton Albion,1,1,3,3,2,0,2024,3,0,0,1,Draw
2024-03-29,2023,Wycombe Wanderers,Portsmouth,1,3,3,3,4,-2,2024,3,0,1,0,Away Win
2024-03-29,2023,Accrington,Morecambe,1,2,4,4,3,-1,2024,3,0,1,0,Away Win
2024-03-29,2023,AFC Wimbledon,Harrogate Town A.F.C.,1,1,4,4,2,0,2024,3,0,0,1,Draw
2024-03-29,2023,Barrow,Grimsby Town,3,1,4,4,4,2,2024,3,1,0,0,Home Win
2024-03-29,2023,Bradford City,Tranmere Rovers,2,0,4,4,2,2,2024,3,1,0,0,Home Win
2024-03-29,2023,Colchester United,Newport County,2,1,4,4,3,1,2024,3,1,0,0,Home Win
2024-03-29,2023,Crawley Town,Doncaster Rovers,0,2,4,4,2,-2,2024,3,0,1,0,Away Win
2024-03-29,2023,Forest Green Rovers,Stockport County,0,3,4,4,3,-3,2024,3,0,1,0,Away Win
2024-03-29,2023,Gillingham,Crewe Alexandra,0,0,4,4,0,0,2024,3,0,0,1,Draw
2024-03-29,2023,Milton Keynes Dons,Walsall,5,0,4,4,5,5,2024,3,1,0,0,Home Win
2024-03-29,2023,Salford City,Sutton United,1,2,4,4,3,-1,2024,3,0,1,0,Away Win
2024-03-29,2023,Swindon Town,Notts County,2,1,4,4,3,1,2024,3,1,0,0,Home Win
2024-03-29,2023,Wrexham,Mansfield Town,2,0,4,4,2,2,2024,3,1,0,0,Home Win
2024-03-30,2023,Newcastle United,West Ham United,4,3,1,1,7,1,2024,3,1,0,0,Home Win
2024-03-30,2023,AFC Bournemouth,Everton,2,1,1,1,3,1,2024,3,1,0,0,Home Win
2024-03-30,2023,Chelsea,Burnley,2,2,1,1,4,0,2024,3,0,0,1,Draw
2024-03-30,2023,Nottingham Forest,Crystal Palace,1,1,1,1,2,0,2024,3,0,0,1,Draw
2024-03-30,2023,Sheffield United,Fulham,3,3,1,1,6,0,2024,3,0,0,1,Draw
2024-03-30,2023,Tottenham Hotspur,Luton Town,2,1,1,1,3,1,2024,3,1,0,0,Home Win
2024-03-30,2023,Aston Villa,Wolverhampton Wanderers,2,0,1,1,2,2,2024,3,1,0,0,Home Win
2024-03-30,2023,Brentford,Manchester United,1,1,1,1,2,0,2024,3,0,0,1,Draw
2024-03-31,2023,Liverpool,Brighton & Hove Albion,2,1,1,1,3,1,2024,3,1,0,0,Home Win
2024-03-31,2023,Manchester City,Arsenal,0,0,1,1,0,0,2024,3,0,0,1,Draw
2024-04-01,2023,Leicester City,Norwich City,3,1,2,2,4,2,2024,4,1,0,0,Home Win
2024-04-01,2023,Birmingham City,Preston North End,1,0,2,2,1,1,2024,4,1,0,0,Home Win
2024-04-01,2023,Coventry City,Cardiff City,1,2,2,2,3,-1,2024,4,0,1,0,Away Win
2024-04-01,2023,Middlesbrough,Sheffield Wednesday,2,0,2,2,2,2,2024,4,1,0,0,Home Win
2024-04-01,2023,Plymouth Argyle,Bristol City,0,1,2,2,1,-1,2024,4,0,1,0,Away Win
2024-04-01,2023,Rotherham United,Millwall,2,1,2,2,3,1,2024,4,1,0,0,Home Win
2024-04-01,2023,Stoke City,Huddersfield Town,1,1,2,2,2,0,2024,4,0,0,1,Draw
2024-04-01,2023,Sunderland,Blackburn Rovers,1,5,2,2,6,-4,2024,4,0,1,0,Away Win
2024-04-01,2023,Swansea City,Queens Park Rangers,0,1,2,2,1,-1,2024,4,0,1,0,Away Win
2024-04-01,2023,West Bromwich Albion,Watford,2,2,2,2,4,0,2024,4,0,0,1,Draw
2024-04-01,2023,Ipswich Town,Southampton,3,2,2,2,5,1,2024,4,1,0,0,Home Win
2024-04-01,2023,Leeds United,Hull City,3,1,2,2,4,2,2024,4,1,0,0,Home Win
2024-04-01,2023,Blackpool,Wycombe Wanderers,0,0,3,3,0,0,2024,4,0,0,1,Draw
2024-04-01,2023,Bolton Wanderers,Reading,5,2,3,3,7,3,2024,4,1,0,0,Home Win
2024-04-01,2023,Bristol Rovers,Shrewsbury Town,0,0,3,3,0,0,2024,4,0,0,1,Draw
2024-04-01,2023,Burton Albion,Barnsley,1,3,3,3,4,-2,2024,4,0,1,0,Away Win
2024-04-01,2023,Cambridge United,Wigan Athletic,3,1,3,3,4,2,2024,4,1,0,0,Home Win
2024-04-01,2023,Carlisle United,Lincoln City,1,3,3,3,4,-2,2024,4,0,1,0,Away Win
2024-04-01,2023,Charlton Athletic,Stevenage Borough,0,0,3,3,0,0,2024,4,0,0,1,Draw
2024-04-01,2023,Cheltenham,Exeter City,1,2,3,3,3,-1,2024,4,0,1,0,Away Win
2024-04-01,2023,Leyton Orient,Peterborough United,1,2,3,3,3,-1,2024,4,0,1,0,Away Win
2024-04-01,2023,Northampton Town,Port Vale,2,0,3,3,2,2,2024,4,1,0,0,Home Win
2024-04-01,2023,Oxford United,Fleetwood Town,4,0,3,3,4,4,2024,4,1,0,0,Home Win
2024-04-01,2023,Grimsby Town,Bradford City,1,1,4,4,2,0,2024,4,0,0,1,Draw
2024-04-01,2023,Crewe Alexandra,Forest Green Rovers,0,3,4,4,3,-3,2024,4,0,1,0,Away Win
2024-04-01,2023,Harrogate Town A.F.C.,Gillingham,5,1,4,4,6,4,2024,4,1,0,0,Home Win
2024-04-01,2023,Morecambe,Barrow,2,1,4,4,3,1,2024,4,1,0,0,Home Win
2024-04-01,2023,Newport County,Crawley Town,0,4,4,4,4,-4,2024,4,0,1,0,Away Win
2024-04-01,2023,Notts County,Milton Keynes Dons,3,3,4,4,6,0,2024,4,0,0,1,Draw
2024-04-01,2023,Stockport County,AFC Wimbledon,1,0,4,4,1,1,2024,4,1,0,0,Home Win
2024-04-01,2023,Sutton United,Swindon Town,3,1,4,4,4,2,2024,4,1,0,0,Home Win
2024-04-01,2023,Tranmere Rovers,Colchester United,1,1,4,4,2,0,2024,4,0,0,1,Draw
2024-04-01,2023,Walsall,Salford City,2,1,4,4,3,1,2024,4,1,0,0,Home Win
2024-04-02,2023,Newcastle United,Everton,1,1,1,1,2,0,2024,4,0,0,1,Draw
2024-04-02,2023,Nottingham Forest,Fulham,3,1,1,1,4,2,2024,4,1,0,0,Home Win
2024-04-02,2023,AFC Bournemouth,Crystal Palace,1,0,1,1,1,1,2024,4,1,0,0,Home Win
2024-04-02,2023,Burnley,Wolverhampton Wanderers,1,1,1,1,2,0,2024,4,0,0,1,Draw
2024-04-02,2023,West Ham United,Tottenham Hotspur,1,1,1,1,2,0,2024,4,0,0,1,Draw
2024-04-02,2023,Portsmouth,Derby County,2,2,3,3,4,0,2024,4,0,0,1,Draw
2024-04-02,2023,Doncaster Rovers,Wrexham,1,0,4,4,1,1,2024,4,1,0,0,Home Win
2024-04-03,2023,Arsenal,Luton Town,2,0,1,1,2,2,2024,4,1,0,0,Home Win
2024-04-03,2023,Brentford,Brighton & Hove Albion,0,0,1,1,0,0,2024,4,0,0,1,Draw
2024-04-03,2023,Manchester City,Aston Villa,4,1,1,1,5,3,2024,4,1,0,0,Home Win
2024-04-04,2023,Liverpool,Sheffield United,3,1,1,1,4,2,2024,4,1,0,0,Home Win
2024-04-04,2023,Chelsea,Manchester United,4,3,1,1,7,1,2024,4,1,0,0,Home Win
2024-04-05,2023,Rotherham United,Plymouth Argyle,0,1,2,2,1,-1,2024,4,0,1,0,Away Win
2024-04-06,2023,Crystal Palace,Manchester City,2,4,1,1,6,-2,2024,4,0,1,0,Away Win
2024-04-06,2023,Aston Villa,Brentford,3,3,1,1,6,0,2024,4,0,0,1,Draw
2024-04-06,2023,Everton,Burnley,1,0,1,1,1,1,2024,4,1,0,0,Home Win
2024-04-06,2023,Fulham,Newcastle United,0,1,1,1,1,-1,2024,4,0,1,0,Away Win
2024-04-06,2023,Luton Town,AFC Bournemouth,2,1,1,1,3,1,2024,4,1,0,0,Home Win
2024-04-06,2023,Wolverhampton Wanderers,West Ham United,1,2,1,1,3,-1,2024,4,0,1,0,Away Win
2024-04-06,2023,Brighton & Hove Albion,Arsenal,0,3,1,1,3,-3,2024,4,0,1,0,Away Win
2024-04-06,2023,Norwich City,Ipswich Town,1,0,2,2,1,1,2024,4,1,0,0,Home Win
2024-04-06,2023,Blackburn Rovers,Southampton,0,0,2,2,0,0,2024,4,0,0,1,Draw
2024-04-06,2023,Cardiff City,Hull City,1,3,2,2,4,-2,2024,4,0,1,0,Away Win
2024-04-06,2023,Coventry City,Leeds United,2,1,2,2,3,1,2024,4,1,0,0,Home Win
2024-04-06,2023,Huddersfield Town,Millwall,1,0,2,2,1,1,2024,4,1,0,0,Home Win
2024-04-06,2023,Leicester City,Birmingham City,2,1,2,2,3,1,2024,4,1,0,0,Home Win
2024-04-06,2023,Middlesbrough,Swansea City,2,0,2,2,2,2,2024,4,1,0,0,Home Win
2024-04-06,2023,Queens Park Rangers,Sheffield Wednesday,0,2,2,2,2,-2,2024,4,0,1,0,Away Win
2024-04-06,2023,Stoke City,West Bromwich Albion,2,2,2,2,4,0,2024,4,0,0,1,Draw
2024-04-06,2023,Sunderland,Bristol City,0,0,2,2,0,0,2024,4,0,0,1,Draw
2024-04-06,2023,Watford,Preston North End,0,0,2,2,0,0,2024,4,0,0,1,Draw
2024-04-06,2023,Blackpool,Cambridge United,1,0,3,3,1,1,2024,4,1,0,0,Home Win
2024-04-06,2023,Bristol Rovers,Bolton Wanderers,0,2,3,3,2,-2,2024,4,0,1,0,Away Win
2024-04-06,2023,Burton Albion,Oxford United,0,4,3,3,4,-4,2024,4,0,1,0,Away Win
2024-04-06,2023,Charlton Athletic,Barnsley,2,1,3,3,3,1,2024,4,1,0,0,Home Win
2024-04-06,2023,Exeter City,Stevenage Borough,1,0,3,3,1,1,2024,4,1,0,0,Home Win
2024-04-06,2023,Leyton Orient,Cheltenham,3,1,3,3,4,2,2024,4,1,0,0,Home Win
2024-04-06,2023,Northampton Town,Carlisle United,2,0,3,3,2,2,2024,4,1,0,0,Home Win
2024-04-06,2023,Portsmouth,Shrewsbury Town,3,1,3,3,4,2,2024,4,1,0,0,Home Win
2024-04-06,2023,Reading,Lincoln City,1,1,3,3,2,0,2024,4,0,0,1,Draw
2024-04-06,2023,Wigan Athletic,Port Vale,0,0,3,3,0,0,2024,4,0,0,1,Draw
2024-04-06,2023,Accrington,Crewe Alexandra,0,0,4,4,0,0,2024,4,0,0,1,Draw
2024-04-06,2023,AFC Wimbledon,Salford City,1,0,4,4,1,1,2024,4,1,0,0,Home Win
2024-04-06,2023,Barrow,Swindon Town,0,2,4,4,2,-2,2024,4,0,1,0,Away Win
2024-04-06,2023,Bradford City,Gillingham,1,0,4,4,1,1,2024,4,1,0,0,Home Win
2024-04-06,2023,Colchester United,Wrexham,1,2,4,4,3,-1,2024,4,0,1,0,Away Win
2024-04-06,2023,Forest Green Rovers,Milton Keynes Dons,0,2,4,4,2,-2,2024,4,0,1,0,Away Win
2024-04-06,2023,Grimsby Town,Newport County,1,0,4,4,1,1,2024,4,1,0,0,Home Win
2024-04-06,2023,Mansfield Town,Crawley Town,1,4,4,4,5,-3,2024,4,0,1,0,Away Win
2024-04-06,2023,Morecambe,Doncaster Rovers,0,3,4,4,3,-3,2024,4,0,1,0,Away Win
2024-04-06,2023,Notts County,Harrogate Town A.F.C.,3,0,4,4,3,3,2024,4,1,0,0,Home Win
2024-04-06,2023,Sutton United,Stockport County,1,3,4,4,4,-2,2024,4,0,1,0,Away Win
2024-04-06,2023,Tranmere Rovers,Walsall,1,3,4,4,4,-2,2024,4,0,1,0,Away Win
2024-04-07,2023,Manchester United,Liverpool,2,2,1,1,4,0,2024,4,0,0,1,Draw
2024-04-07,2023,Sheffield United,Chelsea,2,2,1,1,4,0,2024,4,0,0,1,Draw
2024-04-07,2023,Tottenham Hotspur,Nottingham Forest,3,1,1,1,4,2,2024,4,1,0,0,Home Win
2024-04-09,2023,Millwall,Leicester City,1,0,2,2,1,1,2024,4,1,0,0,Home Win
2024-04-09,2023,Plymouth Argyle,Queens Park Rangers,1,1,2,2,2,0,2024,4,0,0,1,Draw
2024-04-09,2023,Preston North End,Huddersfield Town,4,1,2,2,5,3,2024,4,1,0,0,Home Win
2024-04-09,2023,Sheffield Wednesday,Norwich City,2,2,2,2,4,0,2024,4,0,0,1,Draw
2024-04-09,2023,Southampton,Coventry City,2,1,2,2,3,1,2024,4,1,0,0,Home Win
2024-04-09,2023,Leeds United,Sunderland,0,0,2,2,0,0,2024,4,0,0,1,Draw
2024-04-09,2023,Blackpool,Fleetwood Town,1,0,3,3,1,1,2024,4,1,0,0,Home Win
2024-04-09,2023,Bristol Rovers,Reading,0,2,3,3,2,-2,2024,4,0,1,0,Away Win
2024-04-09,2023,Charlton Athletic,Wigan Athletic,2,2,3,3,4,0,2024,4,0,0,1,Draw
2024-04-09,2023,Cheltenham,Carlisle United,0,1,3,3,1,-1,2024,4,0,1,0,Away Win
2024-04-09,2023,Leyton Orient,Exeter City,2,2,3,3,4,0,2024,4,0,0,1,Draw
2024-04-09,2023,Stevenage Borough,Barnsley,2,1,3,3,3,1,2024,4,1,0,0,Home Win
2024-04-09,2023,Colchester United,Stockport County,1,2,4,4,3,-1,2024,4,0,1,0,Away Win
2024-04-09,2023,Doncaster Rovers,Walsall,2,1,4,4,3,1,2024,4,1,0,0,Home Win
2024-04-09,2023,Harrogate Town A.F.C.,Grimsby Town,1,0,4,4,1,1,2024,4,1,0,0,Home Win
2024-04-09,2023,Mansfield Town,Forest Green Rovers,1,0,4,4,1,1,2024,4,1,0,0,Home Win
2024-04-09,2023,Morecambe,Crewe Alexandra,0,1,4,4,1,-1,2024,4,0,1,0,Away Win
2024-04-09,2023,Newport County,Accrington,1,3,4,4,4,-2,2024,4,0,1,0,Away Win
2024-04-09,2023,Wrexham,Crawley Town,4,1,4,4,5,3,2024,4,1,0,0,Home Win
2024-04-10,2023,Birmingham City,Cardiff City,0,1,2,2,1,-1,2024,4,0,1,0,Away Win
2024-04-10,2023,Bristol City,Blackburn Rovers,5,0,2,2,5,5,2024,4,1,0,0,Home Win
2024-04-10,2023,Hull City,Middlesbrough,2,2,2,2,4,0,2024,4,0,0,1,Draw
2024-04-10,2023,Ipswich Town,Watford,0,0,2,2,0,0,2024,4,0,0,1,Draw
2024-04-10,2023,Swansea City,Stoke City,3,0,2,2,3,3,2024,4,1,0,0,Home Win
2024-04-10,2023,West Bromwich Albion,Rotherham United,2,0,2,2,2,2,2024,4,1,0,0,Home Win
2024-04-10,2023,Peterborough United,Port Vale,3,0,3,3,3,3,2024,4,1,0,0,Home Win
2024-04-10,2023,Wycombe Wanderers,Derby County,0,0,3,3,0,0,2024,4,0,0,1,Draw
2024-04-12,2023,Plymouth Argyle,Leicester City,1,0,2,2,1,1,2024,4,1,0,0,Home Win
2024-04-13,2023,Newcastle United,Tottenham Hotspur,4,0,1,1,4,4,2024,4,1,0,0,Home Win
2024-04-13,2023,Brentford,Sheffield United,2,0,1,1,2,2,2024,4,1,0,0,Home Win
2024-04-13,2023,Burnley,Brighton & Hove Albion,1,1,1,1,2,0,2024,4,0,0,1,Draw
2024-04-13,2023,Manchester City,Luton Town,5,1,1,1,6,4,2024,4,1,0,0,Home Win
2024-04-13,2023,Nottingham Forest,Wolverhampton Wanderers,2,2,1,1,4,0,2024,4,0,0,1,Draw
2024-04-13,2023,AFC Bournemouth,Manchester United,2,2,1,1,4,0,2024,4,0,0,1,Draw
2024-04-13,2023,Leeds United,Blackburn Rovers,0,1,2,2,1,-1,2024,4,0,1,0,Away Win
2024-04-13,2023,Birmingham City,Coventry City,3,0,2,2,3,3,2024,4,1,0,0,Home Win
2024-04-13,2023,Bristol City,Huddersfield Town,1,1,2,2,2,0,2024,4,0,0,1,Draw
2024-04-13,2023,Hull City,Queens Park Rangers,3,0,2,2,3,3,2024,4,1,0,0,Home Win
2024-04-13,2023,Ipswich Town,Middlesbrough,1,1,2,2,2,0,2024,4,0,0,1,Draw
2024-04-13,2023,Millwall,Cardiff City,3,1,2,2,4,2,2024,4,1,0,0,Home Win
2024-04-13,2023,Preston North End,Norwich City,0,1,2,2,1,-1,2024,4,0,1,0,Away Win
2024-04-13,2023,Sheffield Wednesday,Stoke City,1,1,2,2,2,0,2024,4,0,0,1,Draw
2024-04-13,2023,Southampton,Watford,3,2,2,2,5,1,2024,4,1,0,0,Home Win
2024-04-13,2023,Swansea City,Rotherham United,1,0,2,2,1,1,2024,4,1,0,0,Home Win
2024-04-13,2023,West Bromwich Albion,Sunderland,0,1,2,2,1,-1,2024,4,0,1,0,Away Win
2024-04-13,2023,Barnsley,Reading,2,2,3,3,4,0,2024,4,0,0,1,Draw
2024-04-13,2023,Bolton Wanderers,Portsmouth,1,1,3,3,2,0,2024,4,0,0,1,Draw
2024-04-13,2023,Cambridge United,Charlton Athletic,1,1,3,3,2,0,2024,4,0,0,1,Draw
2024-04-13,2023,Carlisle United,Blackpool,0,1,3,3,1,-1,2024,4,0,1,0,Away Win
2024-04-13,2023,Cheltenham,Bristol Rovers,1,3,3,3,4,-2,2024,4,0,1,0,Away Win
2024-04-13,2023,Derby County,Leyton Orient,3,0,3,3,3,3,2024,4,1,0,0,Home Win
2024-04-13,2023,Fleetwood Town,Northampton Town,2,0,3,3,2,2,2024,4,1,0,0,Home Win
2024-04-13,2023,Lincoln City,Wigan Athletic,1,2,3,3,3,-1,2024,4,0,1,0,Away Win
2024-04-13,2023,Oxford United,Peterborough United,5,0,3,3,5,5,2024,4,1,0,0,Home Win
2024-04-13,2023,Port Vale,Exeter City,2,4,3,3,6,-2,2024,4,0,1,0,Away Win
2024-04-13,2023,Shrewsbury Town,Wycombe Wanderers,0,2,3,3,2,-2,2024,4,0,1,0,Away Win
2024-04-13,2023,Stevenage Borough,Burton Albion,1,2,3,3,3,-1,2024,4,0,1,0,Away Win
2024-04-13,2023,Crawley Town,Colchester United,2,3,4,4,5,-1,2024,4,0,1,0,Away Win
2024-04-13,2023,Crewe Alexandra,Grimsby Town,0,3,4,4,3,-3,2024,4,0,1,0,Away Win
2024-04-13,2023,Doncaster Rovers,Accrington,4,0,4,4,4,4,2024,4,1,0,0,Home Win
2024-04-13,2023,Gillingham,Barrow,3,0,4,4,3,3,2024,4,1,0,0,Home Win
2024-04-13,2023,Harrogate Town A.F.C.,Sutton United,2,2,4,4,4,0,2024,4,0,0,1,Draw
2024-04-13,2023,Milton Keynes Dons,Mansfield Town,1,4,4,4,5,-3,2024,4,0,1,0,Away Win
2024-04-13,2023,Newport County,Tranmere Rovers,1,2,4,4,3,-1,2024,4,0,1,0,Away Win
2024-04-13,2023,Salford City,Bradford City,1,2,4,4,3,-1,2024,4,0,1,0,Away Win
2024-04-13,2023,Stockport County,Morecambe,2,0,4,4,2,2,2024,4,1,0,0,Home Win
2024-04-13,2023,Swindon Town,AFC Wimbledon,3,2,4,4,5,1,2024,4,1,0,0,Home Win
2024-04-13,2023,Walsall,Notts County,1,3,4,4,4,-2,2024,4,0,1,0,Away Win
2024-04-13,2023,Wrexham,Forest Green Rovers,6,0,4,4,6,6,2024,4,1,0,0,Home Win
2024-04-14,2023,Liverpool,Crystal Palace,0,1,1,1,1,-1,2024,4,0,1,0,Away Win
2024-04-14,2023,West Ham United,Fulham,0,2,1,1,2,-2,2024,4,0,1,0,Away Win
2024-04-14,2023,Arsenal,Aston Villa,0,2,1,1,2,-2,2024,4,0,1,0,Away Win
2024-04-15,2023,Chelsea,Everton,6,0,1,1,6,6,2024,4,1,0,0,Home Win
2024-04-16,2023,Southampton,Preston North End,3,0,2,2,3,3,2024,4,1,0,0,Home Win
2024-04-16,2023,Bolton Wanderers,Shrewsbury Town,2,2,3,3,4,0,2024,4,0,0,1,Draw
2024-04-16,2023,Bristol Rovers,Cambridge United,1,0,3,3,1,1,2024,4,1,0,0,Home Win
2024-04-16,2023,Burton Albion,Cheltenham,1,2,3,3,3,-1,2024,4,0,1,0,Away Win
2024-04-16,2023,Oxford United,Lincoln City,0,1,3,3,1,-1,2024,4,0,1,0,Away Win
2024-04-16,2023,Peterborough United,Fleetwood Town,4,1,3,3,5,3,2024,4,1,0,0,Home Win
2024-04-16,2023,Port Vale,Wycombe Wanderers,1,2,3,3,3,-1,2024,4,0,1,0,Away Win
2024-04-16,2023,Portsmouth,Barnsley,3,2,3,3,5,1,2024,4,1,0,0,Home Win
2024-04-16,2023,Colchester United,Grimsby Town,2,0,4,4,2,2,2024,4,1,0,0,Home Win
2024-04-16,2023,Crawley Town,Barrow,1,1,4,4,2,0,2024,4,0,0,1,Draw
2024-04-16,2023,Mansfield Town,Accrington,2,1,4,4,3,1,2024,4,1,0,0,Home Win
2024-04-16,2023,Notts County,Stockport County,2,5,4,4,7,-3,2024,4,0,1,0,Away Win
2024-04-16,2023,Walsall,Swindon Town,2,1,4,4,3,1,2024,4,1,0,0,Home Win
2024-04-19,2023,Oxford United,Stevenage Borough,1,1,3,3,2,0,2024,4,0,0,1,Draw
2024-04-20,2023,Luton Town,Brentford,1,5,1,1,6,-4,2024,4,0,1,0,Away Win
2024-04-20,2023,Sheffield United,Burnley,1,4,1,1,5,-3,2024,4,0,1,0,Away Win
2024-04-20,2023,Wolverhampton Wanderers,Arsenal,0,2,1,1,2,-2,2024,4,0,1,0,Away Win
2024-04-20,2023,Leicester City,West Bromwich Albion,2,1,2,2,3,1,2024,4,1,0,0,Home Win
2024-04-20,2023,Cardiff City,Southampton,2,1,2,2,3,1,2024,4,1,0,0,Home Win
2024-04-20,2023,Huddersfield Town,Swansea City,0,4,2,2,4,-4,2024,4,0,1,0,Away Win
2024-04-20,2023,Norwich City,Bristol City,1,1,2,2,2,0,2024,4,0,0,1,Draw
2024-04-20,2023,Rotherham United,Birmingham City,0,0,2,2,0,0,2024,4,0,0,1,Draw
2024-04-20,2023,Stoke City,Plymouth Argyle,3,0,2,2,3,3,2024,4,1,0,0,Home Win
2024-04-20,2023,Sunderland,Millwall,0,1,2,2,1,-1,2024,4,0,1,0,Away Win
2024-04-20,2023,Watford,Hull City,0,0,2,2,0,0,2024,4,0,0,1,Draw
2024-04-20,2023,Queens Park Rangers,Preston North End,1,0,2,2,1,1,2024,4,1,0,0,Home Win
2024-04-20,2023,Northampton Town,Exeter City,1,2,3,3,3,-1,2024,4,0,1,0,Away Win
2024-04-20,2023,Blackpool,Barnsley,3,2,3,3,5,1,2024,4,1,0,0,Home Win
2024-04-20,2023,Bolton Wanderers,Port Vale,2,0,3,3,2,2,2024,4,1,0,0,Home Win
2024-04-20,2023,Bristol Rovers,Peterborough United,0,2,3,3,2,-2,2024,4,0,1,0,Away Win
2024-04-20,2023,Burton Albion,Reading,3,2,3,3,5,1,2024,4,1,0,0,Home Win
2024-04-20,2023,Cambridge United,Derby County,0,1,3,3,1,-1,2024,4,0,1,0,Away Win
2024-04-20,2023,Carlisle United,Wycombe Wanderers,1,3,3,3,4,-2,2024,4,0,1,0,Away Win
2024-04-20,2023,Charlton Athletic,Shrewsbury Town,1,1,3,3,2,0,2024,4,0,0,1,Draw
2024-04-20,2023,Cheltenham,Lincoln City,1,2,3,3,3,-1,2024,4,0,1,0,Away Win
2024-04-20,2023,Leyton Orient,Fleetwood Town,0,1,3,3,1,-1,2024,4,0,1,0,Away Win
2024-04-20,2023,Portsmouth,Wigan Athletic,1,2,3,3,3,-1,2024,4,0,1,0,Away Win
2024-04-20,2023,Crewe Alexandra,Wrexham,0,3,4,4,3,-3,2024,4,0,1,0,Away Win
2024-04-20,2023,Doncaster Rovers,Barrow,4,2,4,4,6,2,2024,4,1,0,0,Home Win
2024-04-20,2023,Grimsby Town,Swindon Town,2,0,4,4,2,2,2024,4,1,0,0,Home Win
2024-04-20,2023,Harrogate Town A.F.C.,Milton Keynes Dons,3,5,4,4,8,-2,2024,4,0,1,0,Away Win
2024-04-20,2023,Mansfield Town,Gillingham,2,1,4,4,3,1,2024,4,1,0,0,Home Win
2024-04-20,2023,Morecambe,Forest Green Rovers,1,2,4,4,3,-1,2024,4,0,1,0,Away Win
2024-04-20,2023,Newport County,Salford City,0,1,4,4,1,-1,2024,4,0,1,0,Away Win
2024-04-20,2023,Notts County,Colchester United,1,0,4,4,1,1,2024,4,1,0,0,Home Win
2024-04-20,2023,Stockport County,Accrington,4,2,4,4,6,2,2024,4,1,0,0,Home Win
2024-04-20,2023,Sutton United,Crawley Town,2,2,4,4,4,0,2024,4,0,0,1,Draw
2024-04-20,2023,Tranmere Rovers,AFC Wimbledon,3,2,4,4,5,1,2024,4,1,0,0,Home Win
2024-04-20,2023,Walsall,Bradford City,2,3,4,4,5,-1,2024,4,0,1,0,Away Win
2024-04-21,2023,Everton,Nottingham Forest,2,0,1,1,2,2,2024,4,1,0,0,Home Win
2024-04-21,2023,Aston Villa,AFC Bournemouth,3,1,1,1,4,2,2024,4,1,0,0,Home Win
2024-04-21,2023,Crystal Palace,West Ham United,5,2,1,1,7,3,2024,4,1,0,0,Home Win
2024-04-21,2023,Fulham,Liverpool,1,3,1,1,4,-2,2024,4,0,1,0,Away Win
2024-04-21,2023,Blackburn Rovers,Sheffield Wednesday,1,3,2,2,4,-2,2024,4,0,1,0,Away Win
2024-04-22,2023,Middlesbrough,Leeds United,3,4,2,2,7,-1,2024,4,0,1,0,Away Win
2024-04-23,2023,Arsenal,Chelsea,5,0,1,1,5,5,2024,4,1,0,0,Home Win
2024-04-23,2023,Leicester City,Southampton,5,0,2,2,5,5,2024,4,1,0,0,Home Win
2024-04-23,2023,Cambridge United,Wycombe Wanderers,1,1,3,3,2,0,2024,4,0,0,1,Draw
2024-04-23,2023,Cheltenham,Peterborough United,2,0,3,3,2,2,2024,4,1,0,0,Home Win
2024-04-23,2023,Barrow,Bradford City,1,2,4,4,3,-1,2024,4,0,1,0,Away Win
2024-04-23,2023,Colchester United,Doncaster Rovers,1,4,4,4,5,-3,2024,4,0,1,0,Away Win
2024-04-24,2023,Wolverhampton Wanderers,AFC Bournemouth,0,1,1,1,1,-1,2024,4,0,1,0,Away Win
2024-04-24,2023,Crystal Palace,Newcastle United,2,0,1,1,2,2,2024,4,1,0,0,Home Win
2024-04-24,2023,Everton,Liverpool,2,0,1,1,2,2,2024,4,1,0,0,Home Win
2024-04-24,2023,Manchester United,Sheffield United,4,2,1,1,6,2,2024,4,1,0,0,Home Win
2024-04-24,2023,Coventry City,Hull City,2,3,2,2,5,-1,2024,4,0,1,0,Away Win
2024-04-25,2023,Brighton & Hove Albion,Manchester City,0,4,1,1,4,-4,2024,4,0,1,0,Away Win
2024-04-26,2023,Queens Park Rangers,Leeds United,4,0,2,2,4,4,2024,4,1,0,0,Home Win
2024-04-27,2023,West Ham United,Liverpool,2,2,1,1,4,0,2024,4,0,0,1,Draw
2024-04-27,2023,Fulham,Crystal Palace,1,1,1,1,2,0,2024,4,0,0,1,Draw
2024-04-27,2023,Manchester United,Burnley,1,1,1,1,2,0,2024,4,0,0,1,Draw
2024-04-27,2023,Newcastle United,Sheffield United,5,1,1,1,6,4,2024,4,1,0,0,Home Win
2024-04-27,2023,Wolverhampton Wanderers,Luton Town,2,1,1,1,3,1,2024,4,1,0,0,Home Win
2024-04-27,2023,Everton,Brentford,1,0,1,1,1,1,2024,4,1,0,0,Home Win
2024-04-27,2023,Aston Villa,Chelsea,2,2,1,1,4,0,2024,4,0,0,1,Draw
2024-04-27,2023,Blackburn Rovers,Coventry City,0,0,2,2,0,0,2024,4,0,0,1,Draw
2024-04-27,2023,Bristol City,Rotherham United,2,0,2,2,2,2,2024,4,1,0,0,Home Win
2024-04-27,2023,Cardiff City,Middlesbrough,1,4,2,2,5,-3,2024,4,0,1,0,Away Win
2024-04-27,2023,Huddersfield Town,Birmingham City,1,1,2,2,2,0,2024,4,0,0,1,Draw
2024-04-27,2023,Millwall,Plymouth Argyle,1,0,2,2,1,1,2024,4,1,0,0,Home Win
2024-04-27,2023,Norwich City,Swansea City,2,2,2,2,4,0,2024,4,0,0,1,Draw
2024-04-27,2023,Sheffield Wednesday,West Bromwich Albion,3,0,2,2,3,3,2024,4,1,0,0,Home Win
2024-04-27,2023,Southampton,Stoke City,0,1,2,2,1,-1,2024,4,0,1,0,Away Win
2024-04-27,2023,Watford,Sunderland,1,0,2,2,1,1,2024,4,1,0,0,Home Win
2024-04-27,2023,Hull City,Ipswich Town,3,3,2,2,6,0,2024,4,0,0,1,Draw
2024-04-27,2023,Barnsley,Northampton Town,1,1,3,3,2,0,2024,4,0,0,1,Draw
2024-04-27,2023,Derby County,Carlisle United,2,0,3,3,2,2,2024,4,1,0,0,Home Win
2024-04-27,2023,Exeter City,Oxford United,1,2,3,3,3,-1,2024,4,0,1,0,Away Win
2024-04-27,2023,Fleetwood Town,Burton Albion,3,0,3,3,3,3,2024,4,1,0,0,Home Win
2024-04-27,2023,Lincoln City,Portsmouth,0,2,3,3,2,-2,2024,4,0,1,0,Away Win
2024-04-27,2023,Peterborough United,Bolton Wanderers,3,3,3,3,6,0,2024,4,0,0,1,Draw
2024-04-27,2023,Port Vale,Cambridge United,0,0,3,3,0,0,2024,4,0,0,1,Draw
2024-04-27,2023,Reading,Blackpool,3,2,3,3,5,1,2024,4,1,0,0,Home Win
2024-04-27,2023,Shrewsbury Town,Leyton Orient,1,3,3,3,4,-2,2024,4,0,1,0,Away Win
2024-04-27,2023,Stevenage Borough,Cheltenham,2,1,3,3,3,1,2024,4,1,0,0,Home Win
2024-04-27,2023,Wigan Athletic,Bristol Rovers,2,0,3,3,2,2,2024,4,1,0,0,Home Win
2024-04-27,2023,Wycombe Wanderers,Charlton Athletic,1,0,3,3,1,1,2024,4,1,0,0,Home Win
2024-04-27,2023,Accrington,Tranmere Rovers,4,1,4,4,5,3,2024,4,1,0,0,Home Win
2024-04-27,2023,AFC Wimbledon,Walsall,5,1,4,4,6,4,2024,4,1,0,0,Home Win
2024-04-27,2023,Barrow,Mansfield Town,1,1,4,4,2,0,2024,4,0,0,1,Draw
2024-04-27,2023,Bradford City,Newport County,4,1,4,4,5,3,2024,4,1,0,0,Home Win
2024-04-27,2023,Colchester United,Crewe Alexandra,1,1,4,4,2,0,2024,4,0,0,1,Draw
2024-04-27,2023,Crawley Town,Grimsby Town,2,0,4,4,2,2,2024,4,1,0,0,Home Win
2024-04-27,2023,Forest Green Rovers,Notts County,1,0,4,4,1,1,2024,4,1,0,0,Home Win
2024-04-27,2023,Gillingham,Doncaster Rovers,2,2,4,4,4,0,2024,4,0,0,1,Draw
2024-04-27,2023,Milton Keynes Dons,Sutton United,4,4,4,4,8,0,2024,4,0,0,1,Draw
2024-04-27,2023,Salford City,Harrogate Town A.F.C.,2,2,4,4,4,0,2024,4,0,0,1,Draw
2024-04-27,2023,Swindon Town,Morecambe,3,3,4,4,6,0,2024,4,0,0,1,Draw
2024-04-27,2023,Wrexham,Stockport County,2,1,4,4,3,1,2024,4,1,0,0,Home Win
2024-04-28,2023,AFC Bournemouth,Brighton & Hove Albion,3,0,1,1,3,3,2024,4,1,0,0,Home Win
2024-04-28,2023,Tottenham Hotspur,Arsenal,2,3,1,1,5,-1,2024,4,0,1,0,Away Win
2024-04-28,2023,Nottingham Forest,Manchester City,0,2,1,1,2,-2,2024,4,0,1,0,Away Win
2024-04-29,2023,Preston North End,Leicester City,0,3,2,2,3,-3,2024,4,0,1,0,Away Win
2024-04-30,2023,Coventry City,Ipswich Town,1,2,2,2,3,-1,2024,4,0,1,0,Away Win
2024-05-02,2023,Chelsea,Tottenham Hotspur,2,0,1,1,2,2,2024,5,1,0,0,Home Win
2024-05-03,2023,Luton Town,Everton,1,1,1,1,2,0,2024,5,0,0,1,Draw
2024-05-04,2023,Arsenal,AFC Bournemouth,3,0,1,1,3,3,2024,5,1,0,0,Home Win
2024-05-04,2023,Brentford,Fulham,0,0,1,1,0,0,2024,5,0,0,1,Draw
2024-05-04,2023,Burnley,Newcastle United,1,4,1,1,5,-3,2024,5,0,1,0,Away Win
2024-05-04,2023,Sheffield United,Nottingham Forest,1,3,1,1,4,-2,2024,5,0,1,0,Away Win
2024-05-04,2023,Manchester City,Wolverhampton Wanderers,5,1,1,1,6,4,2024,5,1,0,0,Home Win
2024-05-04,2023,Birmingham City,Norwich City,1,0,2,2,1,1,2024,5,1,0,0,Home Win
2024-05-04,2023,Coventry City,Queens Park Rangers,1,2,2,2,3,-1,2024,5,0,1,0,Away Win
2024-05-04,2023,Ipswich Town,Huddersfield Town,2,0,2,2,2,2,2024,5,1,0,0,Home Win
2024-05-04,2023,Leeds United,Southampton,1,2,2,2,3,-1,2024,5,0,1,0,Away Win
2024-05-04,2023,Leicester City,Blackburn Rovers,0,2,2,2,2,-2,2024,5,0,1,0,Away Win
2024-05-04,2023,Middlesbrough,Watford,3,1,2,2,4,2,2024,5,1,0,0,Home Win
2024-05-04,2023,Plymouth Argyle,Hull City,1,0,2,2,1,1,2024,5,1,0,0,Home Win
2024-05-04,2023,Rotherham United,Cardiff City,5,2,2,2,7,3,2024,5,1,0,0,Home Win
2024-05-04,2023,Stoke City,Bristol City,4,0,2,2,4,4,2024,5,1,0,0,Home Win
2024-05-04,2023,Sunderland,Sheffield Wednesday,0,2,2,2,2,-2,2024,5,0,1,0,Away Win
2024-05-04,2023,Swansea City,Millwall,0,1,2,2,1,-1,2024,5,0,1,0,Away Win
2024-05-04,2023,West Bromwich Albion,Preston North End,3,0,2,2,3,3,2024,5,1,0,0,Home Win
2024-05-05,2023,Brighton & Hove Albion,Aston Villa,1,0,1,1,1,1,2024,5,1,0,0,Home Win
2024-05-05,2023,Chelsea,West Ham United,5,0,1,1,5,5,2024,5,1,0,0,Home Win
2024-05-05,2023,Liverpool,Tottenham Hotspur,4,2,1,1,6,2,2024,5,1,0,0,Home Win
2024-05-06,2023,Crystal Palace,Manchester United,4,0,1,1,4,4,2024,5,1,0,0,Home Win
2024-05-11,2023,Fulham,Manchester City,0,4,1,1,4,-4,2024,5,0,1,0,Away Win
2024-05-11,2023,AFC Bournemouth,Brentford,1,2,1,1,3,-1,2024,5,0,1,0,Away Win
2024-05-11,2023,Everton,Sheffield United,1,0,1,1,1,1,2024,5,1,0,0,Home Win
2024-05-11,2023,Newcastle United,Brighton & Hove Albion,1,1,1,1,2,0,2024,5,0,0,1,Draw
2024-05-11,2023,Tottenham Hotspur,Burnley,2,1,1,1,3,1,2024,5,1,0,0,Home Win
2024-05-11,2023,West Ham United,Luton Town,3,1,1,1,4,2,2024,5,1,0,0,Home Win
2024-05-11,2023,Wolverhampton Wanderers,Crystal Palace,1,3,1,1,4,-2,2024,5,0,1,0,Away Win
2024-05-11,2023,Nottingham Forest,Chelsea,2,3,1,1,5,-1,2024,5,0,1,0,Away Win
2024-05-12,2023,Manchester United,Arsenal,0,1,1,1,1,-1,2024,5,0,1,0,Away Win
2024-05-13,2023,Aston Villa,Liverpool,3,3,1,1,6,0,2024,5,0,0,1,Draw
2024-05-14,2023,Tottenham Hotspur,Manchester City,0,2,1,1,2,-2,2024,5,0,1,0,Away Win
2024-05-15,2023,Brighton & Hove Albion,Chelsea,1,2,1,1,3,-1,2024,5,0,1,0,Away Win
2024-05-15,2023,Manchester United,Newcastle United,3,2,1,1,5,1,2024,5,1,0,0,Home Win
2024-05-19,2023,Arsenal,Everton,2,1,1,1,3,1,2024,5,1,0,0,Home Win
2024-05-19,2023,Brentford,Newcastle United,2,4,1,1,6,-2,2024,5,0,1,0,Away Win
2024-05-19,2023,Brighton & Hove Albion,Manchester United,0,2,1,1,2,-2,2024,5,0,1,0,Away Win
2024-05-19,2023,Burnley,Nottingham Forest,1,2,1,1,3,-1,2024,5,0,1,0,Away Win
2024-05-19,2023,Chelsea,AFC Bournemouth,2,1,1,1,3,1,2024,5,1,0,0,Home Win
2024-05-19,2023,Crystal Palace,Aston Villa,5,0,1,1,5,5,2024,5,1,0,0,Home Win
2024-05-19,2023,Liverpool,Wolverhampton Wanderers,2,0,1,1,2,2,2024,5,1,0,0,Home Win
2024-05-19,2023,Luton Town,Fulham,2,4,1,1,6,-2,2024,5,0,1,0,Away Win
2024-05-19,2023,Manchester City,West Ham United,3,1,1,1,4,2,2024,5,1,0,0,Home Win
2024-05-19,2023,Sheffield United,Tottenham Hotspur,0,3,1,1,3,-3,2024,5,0,1,0,Away Win
2024-08-09,2024,Blackburn Rovers,Derby County,4,2,2,2,6,2,2024,8,1,0,0,Home Win
2024-08-09,2024,Preston North End,Sheffield United,0,2,2,2,2,-2,2024,8,0,1,0,Away Win
2024-08-09,2024,Barnsley,Mansfield Town,1,2,3,3,3,-1,2024,8,0,1,0,Away Win
2024-08-09,2024,Chesterfield,Swindon Town,1,1,4,4,2,0,2024,8,0,0,1,Draw
2024-08-10,2024,Cardiff City,Sunderland,0,2,2,2,2,-2,2024,8,0,1,0,Away Win
2024-08-10,2024,Hull City,Bristol City,1,1,2,2,2,0,2024,8,0,0,1,Draw
2024-08-10,2024,Leeds United,Portsmouth,3,3,2,2,6,0,2024,8,0,0,1,Draw
2024-08-10,2024,Middlesbrough,Swansea City,1,0,2,2,1,1,2024,8,1,0,0,Home Win
2024-08-10,2024,Millwall,Watford,2,3,2,2,5,-1,2024,8,0,1,0,Away Win
2024-08-10,2024,Oxford United,Norwich City,2,0,2,2,2,2,2024,8,1,0,0,Home Win
2024-08-10,2024,Queens Park Rangers,West Bromwich Albion,1,3,2,2,4,-2,2024,8,0,1,0,Away Win
2024-08-10,2024,Stoke City,Coventry City,1,0,2,2,1,1,2024,8,1,0,0,Home Win
2024-08-10,2024,Birmingham City,Reading,1,1,3,3,2,0,2024,8,0,0,1,Draw
2024-08-10,2024,Bristol Rovers,Northampton Town,1,0,3,3,1,1,2024,8,1,0,0,Home Win
2024-08-10,2024,Burton Albion,Lincoln City,2,3,3,3,5,-1,2024,8,0,1,0,Away Win
2024-08-10,2024,Crawley Town,Blackpool,2,1,3,3,3,1,2024,8,1,0,0,Home Win
2024-08-10,2024,Exeter City,Rotherham United,1,0,3,3,1,1,2024,8,1,0,0,Home Win
2024-08-10,2024,Leyton Orient,Bolton Wanderers,1,2,3,3,3,-1,2024,8,0,1,0,Away Win
2024-08-10,2024,Peterborough United,Huddersfield Town,0,2,3,3,2,-2,2024,8,0,1,0,Away Win
2024-08-10,2024,Stevenage Borough,Shrewsbury Town,1,0,3,3,1,1,2024,8,1,0,0,Home Win
2024-08-10,2024,Stockport County,Cambridge United,2,0,3,3,2,2,2024,8,1,0,0,Home Win
2024-08-10,2024,Wigan Athletic,Charlton Athletic,0,1,3,3,1,-1,2024,8,0,1,0,Away Win
2024-08-10,2024,Wrexham,Wycombe Wanderers,3,2,3,3,5,1,2024,8,1,0,0,Home Win
2024-08-10,2024,AFC Wimbledon,Colchester United,4,2,4,4,6,2,2024,8,1,0,0,Home Win
2024-08-10,2024,Barrow,Crewe Alexandra,1,0,4,4,1,1,2024,8,1,0,0,Home Win
2024-08-10,2024,Cheltenham,Newport County,3,2,4,4,5,1,2024,8,1,0,0,Home Win
2024-08-10,2024,Doncaster Rovers,Accrington,4,1,4,4,5,3,2024,8,1,0,0,Home Win
2024-08-10,2024,Fleetwood Town,Grimsby Town,1,0,4,4,1,1,2024,8,1,0,0,Home Win
2024-08-10,2024,Gillingham,Carlisle United,4,1,4,4,5,3,2024,8,1,0,0,Home Win
2024-08-10,2024,Harrogate Town A.F.C.,Bromley,0,2,4,4,2,-2,2024,8,0,1,0,Away Win
2024-08-10,2024,Milton Keynes Dons,Bradford City,1,2,4,4,3,-1,2024,8,0,1,0,Away Win
2024-08-10,2024,Salford City,Port Vale,0,2,4,4,2,-2,2024,8,0,1,0,Away Win
2024-08-10,2024,Tranmere Rovers,Notts County,0,0,4,4,0,0,2024,8,0,0,1,Draw
2024-08-10,2024,Walsall,Morecambe,1,0,4,4,1,1,2024,8,1,0,0,Home Win
2024-08-11,2024,Sheffield Wednesday,Plymouth Argyle,4,0,2,2,4,4,2024,8,1,0,0,Home Win
2024-08-12,2024,Luton Town,Burnley,1,4,2,2,5,-3,2024,8,0,1,0,Away Win
2024-08-16,2024,Manchester United,Fulham,1,0,1,1,1,1,2024,8,1,0,0,Home Win
2024-08-16,2024,Coventry City,Oxford United,3,2,2,2,5,1,2024,8,1,0,0,Home Win
2024-08-17,2024,Ipswich Town,Liverpool,0,2,1,1,2,-2,2024,8,0,1,0,Away Win
2024-08-17,2024,Arsenal,Wolverhampton Wanderers,2,0,1,1,2,2,2024,8,1,0,0,Home Win
2024-08-17,2024,Everton,Brighton & Hove Albion,0,3,1,1,3,-3,2024,8,0,1,0,Away Win
2024-08-17,2024,Newcastle United,Southampton,1,0,1,1,1,1,2024,8,1,0,0,Home Win
2024-08-17,2024,Nottingham Forest,AFC Bournemouth,1,1,1,1,2,0,2024,8,0,0,1,Draw
2024-08-17,2024,West Ham United,Aston Villa,1,2,1,1,3,-1,2024,8,0,1,0,Away Win
2024-08-17,2024,Derby County,Middlesbrough,1,0,2,2,1,1,2024,8,1,0,0,Home Win
2024-08-17,2024,Portsmouth,Luton Town,0,0,2,2,0,0,2024,8,0,0,1,Draw
2024-08-17,2024,West Bromwich Albion,Leeds United,0,0,2,2,0,0,2024,8,0,0,1,Draw
2024-08-17,2024,Bristol City,Millwall,4,3,2,2,7,1,2024,8,1,0,0,Home Win
2024-08-17,2024,Burnley,Cardiff City,5,0,2,2,5,5,2024,8,1,0,0,Home Win
2024-08-17,2024,Norwich City,Blackburn Rovers,2,2,2,2,4,0,2024,8,0,0,1,Draw
2024-08-17,2024,Plymouth Argyle,Hull City,1,1,2,2,2,0,2024,8,0,0,1,Draw
2024-08-17,2024,Sheffield United,Queens Park Rangers,2,2,2,2,4,0,2024,8,0,0,1,Draw
2024-08-17,2024,Swansea City,Preston North End,3,0,2,2,3,3,2024,8,1,0,0,Home Win
2024-08-17,2024,Watford,Stoke City,3,0,2,2,3,3,2024,8,1,0,0,Home Win
2024-08-17,2024,Charlton Athletic,Leyton Orient,1,0,3,3,1,1,2024,8,1,0,0,Home Win
2024-08-17,2024,Shrewsbury Town,Peterborough United,1,4,3,3,5,-3,2024,8,0,1,0,Away Win
2024-08-17,2024,Blackpool,Stockport County,0,3,3,3,3,-3,2024,8,0,1,0,Away Win
2024-08-17,2024,Cambridge United,Crawley Town,0,1,3,3,1,-1,2024,8,0,1,0,Away Win
2024-08-17,2024,Huddersfield Town,Stevenage Borough,2,1,3,3,3,1,2024,8,1,0,0,Home Win
2024-08-17,2024,Lincoln City,Barnsley,1,2,3,3,3,-1,2024,8,0,1,0,Away Win
2024-08-17,2024,Mansfield Town,Burton Albion,3,3,3,3,6,0,2024,8,0,0,1,Draw
2024-08-17,2024,Northampton Town,Exeter City,2,1,3,3,3,1,2024,8,1,0,0,Home Win
2024-08-17,2024,Reading,Wigan Athletic,2,0,3,3,2,2,2024,8,1,0,0,Home Win
2024-08-17,2024,Rotherham United,Bristol Rovers,0,0,3,3,0,0,2024,8,0,0,1,Draw
2024-08-17,2024,Wycombe Wanderers,Birmingham City,2,3,3,3,5,-1,2024,8,0,1,0,Away Win
2024-08-17,2024,Bromley,AFC Wimbledon,2,0,4,4,2,2,2024,8,1,0,0,Home Win
2024-08-17,2024,Carlisle United,Barrow,1,0,4,4,1,1,2024,8,1,0,0,Home Win
2024-08-17,2024,Accrington,Harrogate Town A.F.C.,3,3,4,4,6,0,2024,8,0,0,1,Draw
2024-08-17,2024,Bradford City,Salford City,0,0,4,4,0,0,2024,8,0,0,1,Draw
2024-08-17,2024,Colchester United,Milton Keynes Dons,2,0,4,4,2,2,2024,8,1,0,0,Home Win
2024-08-17,2024,Crewe Alexandra,Chesterfield,0,5,4,4,5,-5,2024,8,0,1,0,Away Win
2024-08-17,2024,Grimsby Town,Cheltenham,3,2,4,4,5,1,2024,8,1,0,0,Home Win
2024-08-17,2024,Morecambe,Gillingham,0,1,4,4,1,-1,2024,8,0,1,0,Away Win
2024-08-17,2024,Newport County,Doncaster Rovers,3,1,4,4,4,2,2024,8,1,0,0,Home Win
2024-08-17,2024,Port Vale,Tranmere Rovers,0,0,4,4,0,0,2024,8,0,0,1,Draw
2024-08-17,2024,Swindon Town,Walsall,0,4,4,4,4,-4,2024,8,0,1,0,Away Win
2024-08-18,2024,Brentford,Crystal Palace,2,1,1,1,3,1,2024,8,1,0,0,Home Win
2024-08-18,2024,Chelsea,Manchester City,0,2,1,1,2,-2,2024,8,0,1,0,Away Win
2024-08-18,2024,Sunderland,Sheffield Wednesday,4,0,2,2,4,4,2024,8,1,0,0,Home Win
2024-08-18,2024,Bolton Wanderers,Wrexham,0,0,3,3,0,0,2024,8,0,0,1,Draw
2024-08-18,2024,Notts County,Fleetwood Town,2,2,4,4,4,0,2024,8,0,0,1,Draw
2024-08-19,2024,Leicester City,Tottenham Hotspur,1,1,1,1,2,0,2024,8,0,0,1,Draw
2024-08-22,2024,Notts County,Grimsby Town,4,1,4,4,5,3,2024,8,1,0,0,Home Win
2024-08-23,2024,Sheffield Wednesday,Leeds United,0,2,2,2,2,-2,2024,8,0,1,0,Away Win
2024-08-24,2024,Brighton & Hove Albion,Manchester United,2,1,1,1,3,1,2024,8,1,0,0,Home Win
2024-08-24,2024,Crystal Palace,West Ham United,0,2,1,1,2,-2,2024,8,0,1,0,Away Win
2024-08-24,2024,Fulham,Leicester City,2,1,1,1,3,1,2024,8,1,0,0,Home Win
2024-08-24,2024,Manchester City,Ipswich Town,4,1,1,1,5,3,2024,8,1,0,0,Home Win
2024-08-24,2024,Southampton,Nottingham Forest,0,1,1,1,1,-1,2024,8,0,1,0,Away Win
2024-08-24,2024,Tottenham Hotspur,Everton,4,0,1,1,4,4,2024,8,1,0,0,Home Win
2024-08-24,2024,Aston Villa,Arsenal,0,2,1,1,2,-2,2024,8,0,1,0,Away Win
2024-08-24,2024,Bristol City,Coventry City,1,1,2,2,2,0,2024,8,0,0,1,Draw
2024-08-24,2024,Hull City,Millwall,0,0,2,2,0,0,2024,8,0,0,1,Draw
2024-08-24,2024,Queens Park Rangers,Plymouth Argyle,1,1,2,2,2,0,2024,8,0,0,1,Draw
2024-08-24,2024,Blackburn Rovers,Oxford United,2,1,2,2,3,1,2024,8,1,0,0,Home Win
2024-08-24,2024,Middlesbrough,Portsmouth,2,2,2,2,4,0,2024,8,0,0,1,Draw
2024-08-24,2024,Norwich City,Sheffield United,1,1,2,2,2,0,2024,8,0,0,1,Draw
2024-08-24,2024,Preston North End,Luton Town,1,0,2,2,1,1,2024,8,1,0,0,Home Win
2024-08-24,2024,Stoke City,West Bromwich Albion,1,2,2,2,3,-1,2024,8,0,1,0,Away Win
2024-08-24,2024,Sunderland,Burnley,1,0,2,2,1,1,2024,8,1,0,0,Home Win
2024-08-24,2024,Watford,Derby County,2,1,2,2,3,1,2024,8,1,0,0,Home Win
2024-08-24,2024,Burton Albion,Stevenage Borough,0,0,3,3,0,0,2024,8,0,0,1,Draw
2024-08-24,2024,Stockport County,Bristol Rovers,2,0,3,3,2,2,2024,8,1,0,0,Home Win
2024-08-24,2024,Barnsley,Northampton Town,2,2,3,3,4,0,2024,8,0,0,1,Draw
2024-08-24,2024,Cambridge United,Blackpool,4,4,3,3,8,0,2024,8,0,0,1,Draw
2024-08-24,2024,Charlton Athletic,Bolton Wanderers,2,0,3,3,2,2,2024,8,1,0,0,Home Win
2024-08-24,2024,Exeter City,Peterborough United,1,2,3,3,3,-1,2024,8,0,1,0,Away Win
2024-08-24,2024,Huddersfield Town,Shrewsbury Town,1,0,3,3,1,1,2024,8,1,0,0,Home Win
2024-08-24,2024,Leyton Orient,Birmingham City,1,2,3,3,3,-1,2024,8,0,1,0,Away Win
2024-08-24,2024,Lincoln City,Mansfield Town,4,1,3,3,5,3,2024,8,1,0,0,Home Win
2024-08-24,2024,Wigan Athletic,Crawley Town,1,0,3,3,1,1,2024,8,1,0,0,Home Win
2024-08-24,2024,Wrexham,Reading,3,0,3,3,3,3,2024,8,1,0,0,Home Win
2024-08-24,2024,Wycombe Wanderers,Rotherham United,2,0,3,3,2,2,2024,8,1,0,0,Home Win
2024-08-24,2024,Crewe Alexandra,Swindon Town,0,0,4,4,0,0,2024,8,0,0,1,Draw
2024-08-24,2024,Tranmere Rovers,Walsall,1,0,4,4,1,1,2024,8,1,0,0,Home Win
2024-08-24,2024,Barrow,Port Vale,4,0,4,4,4,4,2024,8,1,0,0,Home Win
2024-08-24,2024,Bradford City,Bromley,3,1,4,4,4,2,2024,8,1,0,0,Home Win
2024-08-24,2024,Cheltenham,AFC Wimbledon,0,1,4,4,1,-1,2024,8,0,1,0,Away Win
2024-08-24,2024,Chesterfield,Salford City,1,1,4,4,2,0,2024,8,0,0,1,Draw
2024-08-24,2024,Colchester United,Harrogate Town A.F.C.,0,1,4,4,1,-1,2024,8,0,1,0,Away Win
2024-08-24,2024,Doncaster Rovers,Morecambe,1,0,4,4,1,1,2024,8,1,0,0,Home Win
2024-08-24,2024,Fleetwood Town,Gillingham,0,0,4,4,0,0,2024,8,0,0,1,Draw
2024-08-24,2024,Milton Keynes Dons,Carlisle United,3,0,4,4,3,3,2024,8,1,0,0,Home Win
2024-08-24,2024,Newport County,Accrington,3,1,4,4,4,2,2024,8,1,0,0,Home Win
2024-08-25,2024,AFC Bournemouth,Newcastle United,1,1,1,1,2,0,2024,8,0,0,1,Draw
2024-08-25,2024,Wolverhampton Wanderers,Chelsea,2,6,1,1,8,-4,2024,8,0,1,0,Away Win
2024-08-25,2024,Liverpool,Brentford,2,0,1,1,2,2,2024,8,1,0,0,Home Win
2024-08-25,2024,Swansea City,Cardiff City,1,1,2,2,2,0,2024,8,0,0,1,Draw
2024-08-30,2024,Luton Town,Queens Park Rangers,1,2,2,2,3,-1,2024,8,0,1,0,Away Win
2024-08-31,2024,Arsenal,Brighton & Hove Albion,1,1,1,1,2,0,2024,8,0,0,1,Draw
2024-08-31,2024,Brentford,Southampton,3,1,1,1,4,2,2024,8,1,0,0,Home Win
2024-08-31,2024,Everton,AFC Bournemouth,2,3,1,1,5,-1,2024,8,0,1,0,Away Win
2024-08-31,2024,Ipswich Town,Fulham,1,1,1,1,2,0,2024,8,0,0,1,Draw
2024-08-31,2024,Leicester City,Aston Villa,1,2,1,1,3,-1,2024,8,0,1,0,Away Win
2024-08-31,2024,Nottingham Forest,Wolverhampton Wanderers,1,1,1,1,2,0,2024,8,0,0,1,Draw
2024-08-31,2024,West Ham United,Manchester City,1,3,1,1,4,-2,2024,8,0,1,0,Away Win
2024-08-31,2024,Burnley,Blackburn Rovers,1,1,2,2,2,0,2024,8,0,0,1,Draw
2024-08-31,2024,Cardiff City,Middlesbrough,0,2,2,2,2,-2,2024,8,0,1,0,Away Win
2024-08-31,2024,Coventry City,Norwich City,0,1,2,2,1,-1,2024,8,0,1,0,Away Win
2024-08-31,2024,Derby County,Bristol City,3,0,2,2,3,3,2024,8,1,0,0,Home Win
2024-08-31,2024,Leeds United,Hull City,2,0,2,2,2,2,2024,8,1,0,0,Home Win
2024-08-31,2024,Millwall,Sheffield Wednesday,3,0,2,2,3,3,2024,8,1,0,0,Home Win
2024-08-31,2024,Oxford United,Preston North End,3,1,2,2,4,2,2024,8,1,0,0,Home Win
2024-08-31,2024,Plymouth Argyle,Stoke City,0,1,2,2,1,-1,2024,8,0,1,0,Away Win
2024-08-31,2024,Portsmouth,Sunderland,1,3,2,2,4,-2,2024,8,0,1,0,Away Win
2024-08-31,2024,West Bromwich Albion,Swansea City,1,0,2,2,1,1,2024,8,1,0,0,Home Win
2024-08-31,2024,Blackpool,Wycombe Wanderers,2,2,3,3,4,0,2024,8,0,0,1,Draw
2024-08-31,2024,Rotherham United,Huddersfield Town,2,1,3,3,3,1,2024,8,1,0,0,Home Win
2024-08-31,2024,Birmingham City,Wigan Athletic,2,1,3,3,3,1,2024,8,1,0,0,Home Win
2024-08-31,2024,Bolton Wanderers,Exeter City,0,2,3,3,2,-2,2024,8,0,1,0,Away Win
2024-08-31,2024,Bristol Rovers,Cambridge United,2,0,3,3,2,2,2024,8,1,0,0,Home Win
2024-08-31,2024,Crawley Town,Barnsley,0,3,3,3,3,-3,2024,8,0,1,0,Away Win
2024-08-31,2024,Mansfield Town,Stockport County,1,1,3,3,2,0,2024,8,0,0,1,Draw
2024-08-31,2024,Northampton Town,Burton Albion,0,0,3,3,0,0,2024,8,0,0,1,Draw
2024-08-31,2024,Peterborough United,Wrexham,0,2,3,3,2,-2,2024,8,0,1,0,Away Win
2024-08-31,2024,Reading,Charlton Athletic,2,0,3,3,2,2,2024,8,1,0,0,Home Win
2024-08-31,2024,Shrewsbury Town,Leyton Orient,3,0,3,3,3,3,2024,8,1,0,0,Home Win
2024-08-31,2024,Stevenage Borough,Lincoln City,0,1,3,3,1,-1,2024,8,0,1,0,Away Win
2024-08-31,2024,Gillingham,Chesterfield,1,0,4,4,1,1,2024,8,1,0,0,Home Win
2024-08-31,2024,Port Vale,Doncaster Rovers,2,3,4,4,5,-1,2024,8,0,1,0,Away Win
2024-08-31,2024,Accrington,Colchester United,1,1,4,4,2,0,2024,8,0,0,1,Draw
2024-08-31,2024,AFC Wimbledon,Fleetwood Town,1,0,4,4,1,1,2024,8,1,0,0,Home Win
2024-08-31,2024,Bromley,Crewe Alexandra,1,2,4,4,3,-1,2024,8,0,1,0,Away Win
2024-08-31,2024,Carlisle United,Tranmere Rovers,1,2,4,4,3,-1,2024,8,0,1,0,Away Win
2024-08-31,2024,Grimsby Town,Bradford City,2,1,4,4,3,1,2024,8,1,0,0,Home Win
2024-08-31,2024,Harrogate Town A.F.C.,Barrow,0,1,4,4,1,-1,2024,8,0,1,0,Away Win
2024-08-31,2024,Morecambe,Newport County,0,1,4,4,1,-1,2024,8,0,1,0,Away Win
2024-08-31,2024,Swindon Town,Notts County,1,2,4,4,3,-1,2024,8,0,1,0,Away Win
2024-08-31,2024,Walsall,Cheltenham,2,1,4,4,3,1,2024,8,1,0,0,Home Win
2024-09-01,2024,Chelsea,Crystal Palace,1,1,1,1,2,0,2024,9,0,0,1,Draw
2024-09-01,2024,Newcastle United,Tottenham Hotspur,2,1,1,1,3,1,2024,9,1,0,0,Home Win
2024-09-01,2024,Manchester United,Liverpool,0,3,1,1,3,-3,2024,9,0,1,0,Away Win
2024-09-01,2024,Sheffield United,Watford,1,0,2,2,1,1,2024,9,1,0,0,Home Win
2024-09-02,2024,Salford City,Milton Keynes Dons,1,0,4,4,1,1,2024,9,1,0,0,Home Win
2024-09-07,2024,Barnsley,Bristol Rovers,2,1,3,3,3,1,2024,9,1,0,0,Home Win
2024-09-07,2024,Charlton Athletic,Rotherham United,1,1,3,3,2,0,2024,9,0,0,1,Draw
2024-09-07,2024,Wrexham,Shrewsbury Town,3,0,3,3,3,3,2024,9,1,0,0,Home Win
2024-09-07,2024,Barrow,Swindon Town,1,1,4,4,2,0,2024,9,0,0,1,Draw
2024-09-07,2024,Bradford City,Carlisle United,2,1,4,4,3,1,2024,9,1,0,0,Home Win
2024-09-07,2024,Cheltenham,Harrogate Town A.F.C.,1,0,4,4,1,1,2024,9,1,0,0,Home Win
2024-09-07,2024,Chesterfield,Grimsby Town,2,1,4,4,3,1,2024,9,1,0,0,Home Win
2024-09-07,2024,Colchester United,Bromley,1,1,4,4,2,0,2024,9,0,0,1,Draw
2024-09-07,2024,Crewe Alexandra,Morecambe,1,0,4,4,1,1,2024,9,1,0,0,Home Win
2024-09-07,2024,Doncaster Rovers,Gillingham,1,0,4,4,1,1,2024,9,1,0,0,Home Win
2024-09-07,2024,Milton Keynes Dons,Walsall,1,0,4,4,1,1,2024,9,1,0,0,Home Win
2024-09-07,2024,Newport County,Port Vale,1,4,4,4,5,-3,2024,9,0,1,0,Away Win
2024-09-07,2024,Notts County,Accrington,2,0,4,4,2,2,2024,9,1,0,0,Home Win
2024-09-12,2024,Harrogate Town A.F.C.,Doncaster Rovers,2,0,4,4,2,2,2024,9,1,0,0,Home Win
2024-09-13,2024,Hull City,Sheffield United,0,2,2,2,2,-2,2024,9,0,1,0,Away Win
2024-09-14,2024,Southampton,Manchester United,0,3,1,1,3,-3,2024,9,0,1,0,Away Win
2024-09-14,2024,Brighton & Hove Albion,Ipswich Town,0,0,1,1,0,0,2024,9,0,0,1,Draw
2024-09-14,2024,Crystal Palace,Leicester City,2,2,1,1,4,0,2024,9,0,0,1,Draw
2024-09-14,2024,Fulham,West Ham United,1,1,1,1,2,0,2024,9,0,0,1,Draw
2024-09-14,2024,Liverpool,Nottingham Forest,0,1,1,1,1,-1,2024,9,0,1,0,Away Win
2024-09-14,2024,Manchester City,Brentford,2,1,1,1,3,1,2024,9,1,0,0,Home Win
2024-09-14,2024,Aston Villa,Everton,3,2,1,1,5,1,2024,9,1,0,0,Home Win
2024-09-14,2024,AFC Bournemouth,Chelsea,0,1,1,1,1,-1,2024,9,0,1,0,Away Win
2024-09-14,2024,Leeds United,Burnley,0,1,2,2,1,-1,2024,9,0,1,0,Away Win
2024-09-14,2024,Millwall,Luton Town,0,1,2,2,1,-1,2024,9,0,1,0,Away Win
2024-09-14,2024,Oxford United,Stoke City,1,0,2,2,1,1,2024,9,1,0,0,Home Win
2024-09-14,2024,Blackburn Rovers,Bristol City,3,0,2,2,3,3,2024,9,1,0,0,Home Win
2024-09-14,2024,Derby County,Cardiff City,1,0,2,2,1,1,2024,9,1,0,0,Home Win
2024-09-14,2024,Middlesbrough,Preston North End,1,1,2,2,2,0,2024,9,0,0,1,Draw
2024-09-14,2024,Plymouth Argyle,Sunderland,3,2,2,2,5,1,2024,9,1,0,0,Home Win
2024-09-14,2024,Sheffield Wednesday,Queens Park Rangers,1,1,2,2,2,0,2024,9,0,0,1,Draw
2024-09-14,2024,Swansea City,Norwich City,1,0,2,2,1,1,2024,9,1,0,0,Home Win
2024-09-14,2024,Watford,Coventry City,1,1,2,2,2,0,2024,9,0,0,1,Draw
2024-09-14,2024,Mansfield Town,Cambridge United,2,1,3,3,3,1,2024,9,1,0,0,Home Win
2024-09-14,2024,Northampton Town,Wycombe Wanderers,1,2,3,3,3,-1,2024,9,0,1,0,Away Win
2024-09-14,2024,Blackpool,Exeter City,2,1,3,3,3,1,2024,9,1,0,0,Home Win
2024-09-14,2024,Bolton Wanderers,Huddersfield Town,0,4,3,3,4,-4,2024,9,0,1,0,Away Win
2024-09-14,2024,Bristol Rovers,Wigan Athletic,0,4,3,3,4,-4,2024,9,0,1,0,Away Win
2024-09-14,2024,Crawley Town,Stockport County,1,1,3,3,2,0,2024,9,0,0,1,Draw
2024-09-14,2024,Peterborough United,Lincoln City,1,1,3,3,2,0,2024,9,0,0,1,Draw
2024-09-14,2024,Reading,Leyton Orient,0,1,3,3,1,-1,2024,9,0,1,0,Away Win
2024-09-14,2024,Rotherham United,Burton Albion,2,2,3,3,4,0,2024,9,0,0,1,Draw
2024-09-14,2024,Shrewsbury Town,Charlton Athletic,0,1,3,3,1,-1,2024,9,0,1,0,Away Win
2024-09-14,2024,Stevenage Borough,Barnsley,3,0,3,3,3,3,2024,9,1,0,0,Home Win
2024-09-14,2024,AFC Wimbledon,Milton Keynes Dons,3,0,4,4,3,3,2024,9,1,0,0,Home Win
2024-09-14,2024,Swindon Town,Newport County,4,0,4,4,4,4,2024,9,1,0,0,Home Win
2024-09-14,2024,Accrington,Crewe Alexandra,0,1,4,4,1,-1,2024,9,0,1,0,Away Win
2024-09-14,2024,Bromley,Notts County,2,4,4,4,6,-2,2024,9,0,1,0,Away Win
2024-09-14,2024,Carlisle United,Fleetwood Town,2,3,4,4,5,-1,2024,9,0,1,0,Away Win
2024-09-14,2024,Gillingham,Tranmere Rovers,3,0,4,4,3,3,2024,9,1,0,0,Home Win
2024-09-14,2024,Grimsby Town,Barrow,1,2,4,4,3,-1,2024,9,0,1,0,Away Win
2024-09-14,2024,Morecambe,Colchester United,3,3,4,4,6,0,2024,9,0,0,1,Draw
2024-09-14,2024,Port Vale,Chesterfield,1,0,4,4,1,1,2024,9,1,0,0,Home Win
2024-09-14,2024,Salford City,Cheltenham,2,1,4,4,3,1,2024,9,1,0,0,Home Win
2024-09-14,2024,Walsall,Bradford City,2,1,4,4,3,1,2024,9,1,0,0,Home Win
2024-09-15,2024,Tottenham Hotspur,Arsenal,0,1,1,1,1,-1,2024,9,0,1,0,Away Win
2024-09-15,2024,Wolverhampton Wanderers,Newcastle United,1,2,1,1,3,-1,2024,9,0,1,0,Away Win
2024-09-15,2024,Portsmouth,West Bromwich Albion,0,3,2,2,3,-3,2024,9,0,1,0,Away Win
2024-09-16,2024,Birmingham City,Wrexham,3,1,3,3,4,2,2024,9,1,0,0,Home Win
2024-09-20,2024,Stoke City,Hull City,1,3,2,2,4,-2,2024,9,0,1,0,Away Win
2024-09-21,2024,West Ham United,Chelsea,0,3,1,1,3,-3,2024,9,0,1,0,Away Win
2024-09-21,2024,Aston Villa,Wolverhampton Wanderers,3,1,1,1,4,2,2024,9,1,0,0,Home Win
2024-09-21,2024,Fulham,Newcastle United,3,1,1,1,4,2,2024,9,1,0,0,Home Win
2024-09-21,2024,Leicester City,Everton,1,1,1,1,2,0,2024,9,0,0,1,Draw
2024-09-21,2024,Liverpool,AFC Bournemouth,3,0,1,1,3,3,2024,9,1,0,0,Home Win
2024-09-21,2024,Southampton,Ipswich Town,1,1,1,1,2,0,2024,9,0,0,1,Draw
2024-09-21,2024,Tottenham Hotspur,Brentford,3,1,1,1,4,2,2024,9,1,0,0,Home Win
2024-09-21,2024,Crystal Palace,Manchester United,0,0,1,1,0,0,2024,9,0,0,1,Draw
2024-09-21,2024,Norwich City,Watford,4,1,2,2,5,3,2024,9,1,0,0,Home Win
2024-09-21,2024,Queens Park Rangers,Millwall,1,1,2,2,2,0,2024,9,0,0,1,Draw
2024-09-21,2024,Sunderland,Middlesbrough,1,0,2,2,1,1,2024,9,1,0,0,Home Win
2024-09-21,2024,Bristol City,Oxford United,2,1,2,2,3,1,2024,9,1,0,0,Home Win
2024-09-21,2024,Burnley,Portsmouth,2,1,2,2,3,1,2024,9,1,0,0,Home Win
2024-09-21,2024,Cardiff City,Leeds United,0,2,2,2,2,-2,2024,9,0,1,0,Away Win
2024-09-21,2024,Coventry City,Swansea City,1,2,2,2,3,-1,2024,9,0,1,0,Away Win
2024-09-21,2024,Luton Town,Sheffield Wednesday,2,1,2,2,3,1,2024,9,1,0,0,Home Win
2024-09-21,2024,Sheffield United,Derby County,1,0,2,2,1,1,2024,9,1,0,0,Home Win
2024-09-21,2024,West Bromwich Albion,Plymouth Argyle,1,0,2,2,1,1,2024,9,1,0,0,Home Win
2024-09-21,2024,Exeter City,Stevenage Borough,2,0,3,3,2,2,2024,9,1,0,0,Home Win
2024-09-21,2024,Lincoln City,Wigan Athletic,0,0,3,3,0,0,2024,9,0,0,1,Draw
2024-09-21,2024,Bolton Wanderers,Reading,5,2,3,3,7,3,2024,9,1,0,0,Home Win
2024-09-21,2024,Burton Albion,Barnsley,1,2,3,3,3,-1,2024,9,0,1,0,Away Win
2024-09-21,2024,Charlton Athletic,Blackpool,1,2,3,3,3,-1,2024,9,0,1,0,Away Win
2024-09-21,2024,Huddersfield Town,Northampton Town,1,3,3,3,4,-2,2024,9,0,1,0,Away Win
2024-09-21,2024,Mansfield Town,Shrewsbury Town,2,1,3,3,3,1,2024,9,1,0,0,Home Win
2024-09-21,2024,Peterborough United,Bristol Rovers,3,2,3,3,5,1,2024,9,1,0,0,Home Win
2024-09-21,2024,Rotherham United,Birmingham City,0,2,3,3,2,-2,2024,9,0,1,0,Away Win
2024-09-21,2024,Stockport County,Leyton Orient,1,4,3,3,5,-3,2024,9,0,1,0,Away Win
2024-09-21,2024,Wrexham,Crawley Town,2,1,3,3,3,1,2024,9,1,0,0,Home Win
2024-09-21,2024,Wycombe Wanderers,Cambridge United,2,1,3,3,3,1,2024,9,1,0,0,Home Win
2024-09-21,2024,Accrington,Port Vale,2,2,4,4,4,0,2024,9,0,0,1,Draw
2024-09-21,2024,Chesterfield,Cheltenham,1,1,4,4,2,0,2024,9,0,0,1,Draw
2024-09-21,2024,Barrow,Newport County,2,0,4,4,2,2,2024,9,1,0,0,Home Win
2024-09-21,2024,Bradford City,AFC Wimbledon,0,0,4,4,0,0,2024,9,0,0,1,Draw
2024-09-21,2024,Colchester United,Tranmere Rovers,3,0,4,4,3,3,2024,9,1,0,0,Home Win
2024-09-21,2024,Crewe Alexandra,Harrogate Town A.F.C.,3,0,4,4,3,3,2024,9,1,0,0,Home Win
2024-09-21,2024,Grimsby Town,Bromley,1,0,4,4,1,1,2024,9,1,0,0,Home Win
2024-09-21,2024,Milton Keynes Dons,Doncaster Rovers,1,1,4,4,2,0,2024,9,0,0,1,Draw
2024-09-21,2024,Notts County,Gillingham,0,1,4,4,1,-1,2024,9,0,1,0,Away Win
2024-09-21,2024,Salford City,Walsall,0,2,4,4,2,-2,2024,9,0,1,0,Away Win
2024-09-21,2024,Swindon Town,Carlisle United,0,2,4,4,2,-2,2024,9,0,1,0,Away Win
2024-09-22,2024,Brighton & Hove Albion,Nottingham Forest,2,2,1,1,4,0,2024,9,0,0,1,Draw
2024-09-22,2024,Manchester City,Arsenal,2,2,1,1,4,0,2024,9,0,0,1,Draw
2024-09-22,2024,Preston North End,Blackburn Rovers,0,0,2,2,0,0,2024,9,0,0,1,Draw
2024-09-23,2024,Fleetwood Town,Morecambe,2,2,4,4,4,0,2024,9,0,0,1,Draw
2024-09-24,2024,Huddersfield Town,Blackpool,0,2,3,3,2,-2,2024,9,0,1,0,Away Win
2024-09-24,2024,Leyton Orient,Peterborough United,2,2,3,3,4,0,2024,9,0,0,1,Draw
2024-09-24,2024,Wigan Athletic,Stevenage Borough,0,0,3,3,0,0,2024,9,0,0,1,Draw
2024-09-27,2024,Plymouth Argyle,Luton Town,3,1,2,2,4,2,2024,9,1,0,0,Home Win
2024-09-27,2024,Tranmere Rovers,Salford City,0,0,4,4,0,0,2024,9,0,0,1,Draw
2024-09-28,2024,Newcastle United,Manchester City,1,1,1,1,2,0,2024,9,0,0,1,Draw
2024-09-28,2024,Arsenal,Leicester City,4,2,1,1,6,2,2024,9,1,0,0,Home Win
2024-09-28,2024,Brentford,West Ham United,1,1,1,1,2,0,2024,9,0,0,1,Draw
2024-09-28,2024,Chelsea,Brighton & Hove Albion,4,2,1,1,6,2,2024,9,1,0,0,Home Win
2024-09-28,2024,Everton,Crystal Palace,2,1,1,1,3,1,2024,9,1,0,0,Home Win
2024-09-28,2024,Nottingham Forest,Fulham,0,1,1,1,1,-1,2024,9,0,1,0,Away Win
2024-09-28,2024,Wolverhampton Wanderers,Liverpool,1,2,1,1,3,-1,2024,9,0,1,0,Away Win
2024-09-28,2024,Blackburn Rovers,Queens Park Rangers,2,0,2,2,2,2,2024,9,1,0,0,Home Win
2024-09-28,2024,Derby County,Norwich City,2,3,2,2,5,-1,2024,9,0,1,0,Away Win
2024-09-28,2024,Sheffield Wednesday,West Bromwich Albion,3,2,2,2,5,1,2024,9,1,0,0,Home Win
2024-09-28,2024,Hull City,Cardiff City,4,1,2,2,5,3,2024,9,1,0,0,Home Win
2024-09-28,2024,Leeds United,Coventry City,3,0,2,2,3,3,2024,9,1,0,0,Home Win
2024-09-28,2024,Middlesbrough,Stoke City,2,0,2,2,2,2,2024,9,1,0,0,Home Win
2024-09-28,2024,Millwall,Preston North End,3,1,2,2,4,2,2024,9,1,0,0,Home Win
2024-09-28,2024,Oxford United,Burnley,0,0,2,2,0,0,2024,9,0,0,1,Draw
2024-09-28,2024,Portsmouth,Sheffield United,0,0,2,2,0,0,2024,9,0,0,1,Draw
2024-09-28,2024,Watford,Sunderland,2,1,2,2,3,1,2024,9,1,0,0,Home Win
2024-09-28,2024,Crawley Town,Bolton Wanderers,0,2,3,3,2,-2,2024,9,0,1,0,Away Win
2024-09-28,2024,Reading,Huddersfield Town,2,1,3,3,3,1,2024,9,1,0,0,Home Win
2024-09-28,2024,Birmingham City,Peterborough United,3,2,3,3,5,1,2024,9,1,0,0,Home Win
2024-09-28,2024,Blackpool,Burton Albion,3,0,3,3,3,3,2024,9,1,0,0,Home Win
2024-09-28,2024,Bristol Rovers,Wycombe Wanderers,1,2,3,3,3,-1,2024,9,0,1,0,Away Win
2024-09-28,2024,Cambridge United,Lincoln City,0,2,3,3,2,-2,2024,9,0,1,0,Away Win
2024-09-28,2024,Leyton Orient,Wrexham,0,0,3,3,0,0,2024,9,0,0,1,Draw
2024-09-28,2024,Northampton Town,Mansfield Town,0,2,3,3,2,-2,2024,9,0,1,0,Away Win
2024-09-28,2024,Shrewsbury Town,Rotherham United,1,1,3,3,2,0,2024,9,0,0,1,Draw
2024-09-28,2024,Stevenage Borough,Charlton Athletic,1,0,3,3,1,1,2024,9,1,0,0,Home Win
2024-09-28,2024,Wigan Athletic,Exeter City,0,0,3,3,0,0,2024,9,0,0,1,Draw
2024-09-28,2024,Barnsley,Stockport County,1,1,3,3,2,0,2024,9,0,0,1,Draw
2024-09-28,2024,Harrogate Town A.F.C.,Bradford City,2,1,4,4,3,1,2024,9,1,0,0,Home Win
2024-09-28,2024,Walsall,Colchester United,4,0,4,4,4,4,2024,9,1,0,0,Home Win
2024-09-28,2024,Bromley,Milton Keynes Dons,1,1,4,4,2,0,2024,9,0,0,1,Draw
2024-09-28,2024,Carlisle United,Grimsby Town,2,3,4,4,5,-1,2024,9,0,1,0,Away Win
2024-09-28,2024,Cheltenham,Fleetwood Town,0,2,4,4,2,-2,2024,9,0,1,0,Away Win
2024-09-28,2024,Doncaster Rovers,Chesterfield,0,3,4,4,3,-3,2024,9,0,1,0,Away Win
2024-09-28,2024,Gillingham,Barrow,2,0,4,4,2,2,2024,9,1,0,0,Home Win
2024-09-28,2024,Morecambe,Notts County,1,1,4,4,2,0,2024,9,0,0,1,Draw
2024-09-28,2024,Newport County,Crewe Alexandra,2,1,4,4,3,1,2024,9,1,0,0,Home Win
2024-09-28,2024,Port Vale,Swindon Town,2,1,4,4,3,1,2024,9,1,0,0,Home Win
2024-09-29,2024,Ipswich Town,Aston Villa,2,2,1,1,4,0,2024,9,0,0,1,Draw
2024-09-29,2024,Manchester United,Tottenham Hotspur,0,3,1,1,3,-3,2024,9,0,1,0,Away Win
2024-09-29,2024,Swansea City,Bristol City,1,1,2,2,2,0,2024,9,0,0,1,Draw
2024-09-30,2024,AFC Bournemouth,Southampton,3,1,1,1,4,2,2024,9,1,0,0,Home Win
2024-10-01,2024,Burnley,Plymouth Argyle,1,0,2,2,1,1,2024,10,1,0,0,Home Win
2024-10-01,2024,Cardiff City,Millwall,1,0,2,2,1,1,2024,10,1,0,0,Home Win
2024-10-01,2024,Coventry City,Blackburn Rovers,3,0,2,2,3,3,2024,10,1,0,0,Home Win
2024-10-01,2024,Luton Town,Oxford United,2,2,2,2,4,0,2024,10,0,0,1,Draw
2024-10-01,2024,Norwich City,Leeds United,1,1,2,2,2,0,2024,10,0,0,1,Draw
2024-10-01,2024,Queens Park Rangers,Hull City,1,3,2,2,4,-2,2024,10,0,1,0,Away Win
2024-10-01,2024,Sunderland,Derby County,2,0,2,2,2,2,2024,10,1,0,0,Home Win
2024-10-01,2024,West Bromwich Albion,Middlesbrough,0,1,2,2,1,-1,2024,10,0,1,0,Away Win
2024-10-01,2024,Barnsley,Wycombe Wanderers,2,2,3,3,4,0,2024,10,0,0,1,Draw
2024-10-01,2024,Birmingham City,Huddersfield Town,1,0,3,3,1,1,2024,10,1,0,0,Home Win
2024-10-01,2024,Blackpool,Lincoln City,1,1,3,3,2,0,2024,10,0,0,1,Draw
2024-10-01,2024,Bristol Rovers,Charlton Athletic,3,2,3,3,5,1,2024,10,1,0,0,Home Win
2024-10-01,2024,Cambridge United,Rotherham United,0,1,3,3,1,-1,2024,10,0,1,0,Away Win
2024-10-01,2024,Crawley Town,Mansfield Town,0,2,3,3,2,-2,2024,10,0,1,0,Away Win
2024-10-01,2024,Leyton Orient,Exeter City,0,1,3,3,1,-1,2024,10,0,1,0,Away Win
2024-10-01,2024,Northampton Town,Bolton Wanderers,2,4,3,3,6,-2,2024,10,0,1,0,Away Win
2024-10-01,2024,Shrewsbury Town,Stockport County,0,2,3,3,2,-2,2024,10,0,1,0,Away Win
2024-10-01,2024,Stevenage Borough,Wrexham,1,0,3,3,1,1,2024,10,1,0,0,Home Win
2024-10-01,2024,Wigan Athletic,Peterborough United,3,0,3,3,3,3,2024,10,1,0,0,Home Win
2024-10-01,2024,Reading,Burton Albion,3,1,3,3,4,2,2024,10,1,0,0,Home Win
2024-10-01,2024,Bromley,Chesterfield,2,2,4,4,4,0,2024,10,0,0,1,Draw
2024-10-01,2024,Carlisle United,Notts County,0,2,4,4,2,-2,2024,10,0,1,0,Away Win
2024-10-01,2024,Cheltenham,Accrington,2,1,4,4,3,1,2024,10,1,0,0,Home Win
2024-10-01,2024,Doncaster Rovers,Barrow,1,0,4,4,1,1,2024,10,1,0,0,Home Win
2024-10-01,2024,Gillingham,Grimsby Town,0,1,4,4,1,-1,2024,10,0,1,0,Away Win
2024-10-01,2024,Harrogate Town A.F.C.,Milton Keynes Dons,1,5,4,4,6,-4,2024,10,0,1,0,Away Win
2024-10-01,2024,Morecambe,Bradford City,1,1,4,4,2,0,2024,10,0,0,1,Draw
2024-10-01,2024,Newport County,Salford City,3,1,4,4,4,2,2024,10,1,0,0,Home Win
2024-10-01,2024,Port Vale,Colchester United,1,1,4,4,2,0,2024,10,0,0,1,Draw
2024-10-01,2024,Tranmere Rovers,Swindon Town,1,1,4,4,2,0,2024,10,0,0,1,Draw
2024-10-01,2024,Walsall,Fleetwood Town,2,6,4,4,8,-4,2024,10,0,1,0,Away Win
2024-10-02,2024,Preston North End,Watford,3,0,2,2,3,3,2024,10,1,0,0,Home Win
2024-10-02,2024,Sheffield United,Swansea City,1,0,2,2,1,1,2024,10,1,0,0,Home Win
2024-10-02,2024,Stoke City,Portsmouth,6,1,2,2,7,5,2024,10,1,0,0,Home Win
2024-10-02,2024,Bristol City,Sheffield Wednesday,0,0,2,2,0,0,2024,10,0,0,1,Draw
2024-10-04,2024,Sunderland,Leeds United,2,2,2,2,4,0,2024,10,0,0,1,Draw
2024-10-05,2024,Crystal Palace,Liverpool,0,1,1,1,1,-1,2024,10,0,1,0,Away Win
2024-10-05,2024,Arsenal,Southampton,3,1,1,1,4,2,2024,10,1,0,0,Home Win
2024-10-05,2024,Brentford,Wolverhampton Wanderers,5,3,1,1,8,2,2024,10,1,0,0,Home Win
2024-10-05,2024,Leicester City,AFC Bournemouth,1,0,1,1,1,1,2024,10,1,0,0,Home Win
2024-10-05,2024,Manchester City,Fulham,3,2,1,1,5,1,2024,10,1,0,0,Home Win
2024-10-05,2024,West Ham United,Ipswich Town,4,1,1,1,5,3,2024,10,1,0,0,Home Win
2024-10-05,2024,Everton,Newcastle United,0,0,1,1,0,0,2024,10,0,0,1,Draw
2024-10-05,2024,Burnley,Preston North End,0,0,2,2,0,0,2024,10,0,0,1,Draw
2024-10-05,2024,Norwich City,Hull City,4,0,2,2,4,4,2024,10,1,0,0,Home Win
2024-10-05,2024,Portsmouth,Oxford United,1,1,2,2,2,0,2024,10,0,0,1,Draw
2024-10-05,2024,Coventry City,Sheffield Wednesday,1,2,2,2,3,-1,2024,10,0,1,0,Away Win
2024-10-05,2024,Derby County,Queens Park Rangers,2,0,2,2,2,2,2024,10,1,0,0,Home Win
2024-10-05,2024,Plymouth Argyle,Blackburn Rovers,2,1,2,2,3,1,2024,10,1,0,0,Home Win
2024-10-05,2024,Sheffield United,Luton Town,2,0,2,2,2,2,2024,10,1,0,0,Home Win
2024-10-05,2024,Swansea City,Stoke City,0,0,2,2,0,0,2024,10,0,0,1,Draw
2024-10-05,2024,Watford,Middlesbrough,2,1,2,2,3,1,2024,10,1,0,0,Home Win
2024-10-05,2024,West Bromwich Albion,Millwall,0,0,2,2,0,0,2024,10,0,0,1,Draw
2024-10-05,2024,Huddersfield Town,Barnsley,2,0,3,3,2,2,2024,10,1,0,0,Home Win
2024-10-05,2024,Peterborough United,Stevenage Borough,2,1,3,3,3,1,2024,10,1,0,0,Home Win
2024-10-05,2024,Bolton Wanderers,Shrewsbury Town,2,2,3,3,4,0,2024,10,0,0,1,Draw
2024-10-05,2024,Burton Albion,Bristol Rovers,1,3,3,3,4,-2,2024,10,0,1,0,Away Win
2024-10-05,2024,Charlton Athletic,Birmingham City,1,0,3,3,1,1,2024,10,1,0,0,Home Win
2024-10-05,2024,Exeter City,Cambridge United,1,0,3,3,1,1,2024,10,1,0,0,Home Win
2024-10-05,2024,Lincoln City,Leyton Orient,2,1,3,3,3,1,2024,10,1,0,0,Home Win
2024-10-05,2024,Mansfield Town,Blackpool,2,0,3,3,2,2,2024,10,1,0,0,Home Win
2024-10-05,2024,Rotherham United,Reading,2,1,3,3,3,1,2024,10,1,0,0,Home Win
2024-10-05,2024,Stockport County,Wigan Athletic,0,0,3,3,0,0,2024,10,0,0,1,Draw
2024-10-05,2024,Wrexham,Northampton Town,4,1,3,3,5,3,2024,10,1,0,0,Home Win
2024-10-05,2024,Wycombe Wanderers,Crawley Town,1,0,3,3,1,1,2024,10,1,0,0,Home Win
2024-10-05,2024,Fleetwood Town,Bromley,0,0,4,4,0,0,2024,10,0,0,1,Draw
2024-10-05,2024,Grimsby Town,Doncaster Rovers,0,3,4,4,3,-3,2024,10,0,1,0,Away Win
2024-10-05,2024,Accrington,Morecambe,2,1,4,4,3,1,2024,10,1,0,0,Home Win
2024-10-05,2024,Barrow,Cheltenham,2,1,4,4,3,1,2024,10,1,0,0,Home Win
2024-10-05,2024,Chesterfield,Walsall,2,2,4,4,4,0,2024,10,0,0,1,Draw
2024-10-05,2024,Colchester United,Carlisle United,0,0,4,4,0,0,2024,10,0,0,1,Draw
2024-10-05,2024,Crewe Alexandra,Gillingham,2,0,4,4,2,2,2024,10,1,0,0,Home Win
2024-10-05,2024,Milton Keynes Dons,Tranmere Rovers,1,1,4,4,2,0,2024,10,0,0,1,Draw
2024-10-05,2024,Notts County,Port Vale,0,1,4,4,1,-1,2024,10,0,1,0,Away Win
2024-10-05,2024,Salford City,AFC Wimbledon,1,0,4,4,1,1,2024,10,1,0,0,Home Win
2024-10-05,2024,Swindon Town,Harrogate Town A.F.C.,0,0,4,4,0,0,2024,10,0,0,1,Draw
2024-10-06,2024,Aston Villa,Manchester United,0,0,1,1,0,0,2024,10,0,0,1,Draw
2024-10-06,2024,Chelsea,Nottingham Forest,1,1,1,1,2,0,2024,10,0,0,1,Draw
2024-10-06,2024,Brighton & Hove Albion,Tottenham Hotspur,3,2,1,1,5,1,2024,10,1,0,0,Home Win
2024-10-06,2024,Bristol City,Cardiff City,1,1,2,2,2,0,2024,10,0,0,1,Draw
2024-10-07,2024,Bradford City,Newport County,3,1,4,4,4,2,2024,10,1,0,0,Home Win
2024-10-12,2024,Crawley Town,Shrewsbury Town,3,5,3,3,8,-2,2024,10,0,1,0,Away Win
2024-10-12,2024,Peterborough United,Rotherham United,3,3,3,3,6,0,2024,10,0,0,1,Draw
2024-10-12,2024,Chesterfield,Notts County,2,2,4,4,4,0,2024,10,0,0,1,Draw
2024-10-12,2024,AFC Wimbledon,Carlisle United,4,0,4,4,4,4,2024,10,1,0,0,Home Win
2024-10-12,2024,Barrow,Morecambe,0,1,4,4,1,-1,2024,10,0,1,0,Away Win
2024-10-12,2024,Cheltenham,Swindon Town,2,3,4,4,5,-1,2024,10,0,1,0,Away Win
2024-10-12,2024,Doncaster Rovers,Crewe Alexandra,1,1,4,4,2,0,2024,10,0,0,1,Draw
2024-10-12,2024,Gillingham,Accrington,1,2,4,4,3,-1,2024,10,0,1,0,Away Win
2024-10-12,2024,Harrogate Town A.F.C.,Newport County,1,0,4,4,1,1,2024,10,1,0,0,Home Win
2024-10-12,2024,Milton Keynes Dons,Port Vale,0,1,4,4,1,-1,2024,10,0,1,0,Away Win
2024-10-12,2024,Salford City,Grimsby Town,1,2,4,4,3,-1,2024,10,0,1,0,Away Win
2024-10-12,2024,Tranmere Rovers,Bradford City,0,2,4,4,2,-2,2024,10,0,1,0,Away Win
2024-10-17,2024,Shrewsbury Town,Exeter City,0,2,3,3,2,-2,2024,10,0,1,0,Away Win
2024-10-18,2024,Leeds United,Sheffield United,2,0,2,2,2,2,2024,10,1,0,0,Home Win
2024-10-18,2024,Newport County,Chesterfield,0,3,4,4,3,-3,2024,10,0,1,0,Away Win
2024-10-19,2024,Tottenham Hotspur,West Ham United,4,1,1,1,5,3,2024,10,1,0,0,Home Win
2024-10-19,2024,Fulham,Aston Villa,1,3,1,1,4,-2,2024,10,0,1,0,Away Win
2024-10-19,2024,Ipswich Town,Everton,0,2,1,1,2,-2,2024,10,0,1,0,Away Win
2024-10-19,2024,Manchester United,Brentford,2,1,1,1,3,1,2024,10,1,0,0,Home Win
2024-10-19,2024,Newcastle United,Brighton & Hove Albion,0,1,1,1,1,-1,2024,10,0,1,0,Away Win
2024-10-19,2024,Southampton,Leicester City,2,3,1,1,5,-1,2024,10,0,1,0,Away Win
2024-10-19,2024,AFC Bournemouth,Arsenal,2,0,1,1,2,2,2024,10,1,0,0,Home Win
2024-10-19,2024,Cardiff City,Plymouth Argyle,5,0,2,2,5,5,2024,10,1,0,0,Home Win
2024-10-19,2024,Luton Town,Watford,3,0,2,2,3,3,2024,10,1,0,0,Home Win
2024-10-19,2024,Oxford United,West Bromwich Albion,1,1,2,2,2,0,2024,10,0,0,1,Draw
2024-10-19,2024,Preston North End,Coventry City,1,0,2,2,1,1,2024,10,1,0,0,Home Win
2024-10-19,2024,Blackburn Rovers,Swansea City,1,0,2,2,1,1,2024,10,1,0,0,Home Win
2024-10-19,2024,Middlesbrough,Bristol City,0,2,2,2,2,-2,2024,10,0,1,0,Away Win
2024-10-19,2024,Millwall,Derby County,1,1,2,2,2,0,2024,10,0,0,1,Draw
2024-10-19,2024,Queens Park Rangers,Portsmouth,1,2,2,2,3,-1,2024,10,0,1,0,Away Win
2024-10-19,2024,Sheffield Wednesday,Burnley,0,2,2,2,2,-2,2024,10,0,1,0,Away Win
2024-10-19,2024,Stoke City,Norwich City,1,1,2,2,2,0,2024,10,0,0,1,Draw
2024-10-19,2024,Reading,Crawley Town,4,1,3,3,5,3,2024,10,1,0,0,Home Win
2024-10-19,2024,Wycombe Wanderers,Peterborough United,3,1,3,3,4,2,2024,10,1,0,0,Home Win
2024-10-19,2024,Blackpool,Barnsley,1,2,3,3,3,-1,2024,10,0,1,0,Away Win
2024-10-19,2024,Bolton Wanderers,Burton Albion,2,1,3,3,3,1,2024,10,1,0,0,Home Win
2024-10-19,2024,Cambridge United,Wigan Athletic,2,0,3,3,2,2,2024,10,1,0,0,Home Win
2024-10-19,2024,Charlton Athletic,Stockport County,1,1,3,3,2,0,2024,10,0,0,1,Draw
2024-10-19,2024,Huddersfield Town,Bristol Rovers,3,1,3,3,4,2,2024,10,1,0,0,Home Win
2024-10-19,2024,Lincoln City,Birmingham City,1,3,3,3,4,-2,2024,10,0,1,0,Away Win
2024-10-19,2024,Mansfield Town,Stevenage Borough,0,1,3,3,1,-1,2024,10,0,1,0,Away Win
2024-10-19,2024,Northampton Town,Leyton Orient,1,0,3,3,1,1,2024,10,1,0,0,Home Win
2024-10-19,2024,Rotherham United,Wrexham,0,1,3,3,1,-1,2024,10,0,1,0,Away Win
2024-10-19,2024,Accrington,Barrow,1,0,4,4,1,1,2024,10,1,0,0,Home Win
2024-10-19,2024,Bradford City,Gillingham,2,1,4,4,3,1,2024,10,1,0,0,Home Win
2024-10-19,2024,Bromley,Tranmere Rovers,1,2,4,4,3,-1,2024,10,0,1,0,Away Win
2024-10-19,2024,Carlisle United,Harrogate Town A.F.C.,1,1,4,4,2,0,2024,10,0,0,1,Draw
2024-10-19,2024,Colchester United,Cheltenham,1,2,4,4,3,-1,2024,10,0,1,0,Away Win
2024-10-19,2024,Crewe Alexandra,Salford City,1,1,4,4,2,0,2024,10,0,0,1,Draw
2024-10-19,2024,Grimsby Town,Walsall,1,4,4,4,5,-3,2024,10,0,1,0,Away Win
2024-10-19,2024,Morecambe,Milton Keynes Dons,1,3,4,4,4,-2,2024,10,0,1,0,Away Win
2024-10-19,2024,Notts County,AFC Wimbledon,1,0,4,4,1,1,2024,10,1,0,0,Home Win
2024-10-19,2024,Port Vale,Fleetwood Town,3,1,4,4,4,2,2024,10,1,0,0,Home Win
2024-10-19,2024,Swindon Town,Doncaster Rovers,1,2,4,4,3,-1,2024,10,0,1,0,Away Win
2024-10-20,2024,Wolverhampton Wanderers,Manchester City,1,2,1,1,3,-1,2024,10,0,1,0,Away Win
2024-10-20,2024,Liverpool,Chelsea,2,1,1,1,3,1,2024,10,1,0,0,Home Win
2024-10-20,2024,Hull City,Sunderland,0,1,2,2,1,-1,2024,10,0,1,0,Away Win
2024-10-21,2024,Nottingham Forest,Crystal Palace,1,0,1,1,1,1,2024,10,1,0,0,Home Win
2024-10-22,2024,Cardiff City,Portsmouth,2,0,2,2,2,2,2024,10,1,0,0,Home Win
2024-10-22,2024,Leeds United,Watford,2,1,2,2,3,1,2024,10,1,0,0,Home Win
2024-10-22,2024,Oxford United,Derby County,1,1,2,2,2,0,2024,10,0,0,1,Draw
2024-10-22,2024,Preston North End,Norwich City,2,2,2,2,4,0,2024,10,0,0,1,Draw
2024-10-22,2024,Sheffield Wednesday,Swansea City,0,0,2,2,0,0,2024,10,0,0,1,Draw
2024-10-22,2024,Stoke City,Bristol City,2,2,2,2,4,0,2024,10,0,0,1,Draw
2024-10-22,2024,Queens Park Rangers,Coventry City,1,1,2,2,2,0,2024,10,0,0,1,Draw
2024-10-22,2024,Barnsley,Charlton Athletic,2,2,3,3,4,0,2024,10,0,0,1,Draw
2024-10-22,2024,Birmingham City,Bolton Wanderers,2,0,3,3,2,2,2024,10,1,0,0,Home Win
2024-10-22,2024,Bristol Rovers,Shrewsbury Town,1,0,3,3,1,1,2024,10,1,0,0,Home Win
2024-10-22,2024,Burton Albion,Wycombe Wanderers,2,3,3,3,5,-1,2024,10,0,1,0,Away Win
2024-10-22,2024,Crawley Town,Lincoln City,3,0,3,3,3,3,2024,10,1,0,0,Home Win
2024-10-22,2024,Exeter City,Reading,1,2,3,3,3,-1,2024,10,0,1,0,Away Win
2024-10-22,2024,Leyton Orient,Rotherham United,1,0,3,3,1,1,2024,10,1,0,0,Home Win
2024-10-22,2024,Peterborough United,Blackpool,5,1,3,3,6,4,2024,10,1,0,0,Home Win
2024-10-22,2024,Stevenage Borough,Cambridge United,0,2,3,3,2,-2,2024,10,0,1,0,Away Win
2024-10-22,2024,Stockport County,Northampton Town,1,1,3,3,2,0,2024,10,0,0,1,Draw
2024-10-22,2024,Wigan Athletic,Mansfield Town,1,2,3,3,3,-1,2024,10,0,1,0,Away Win
2024-10-22,2024,Wrexham,Huddersfield Town,0,0,3,3,0,0,2024,10,0,0,1,Draw
2024-10-22,2024,AFC Wimbledon,Morecambe,3,0,4,4,3,3,2024,10,1,0,0,Home Win
2024-10-22,2024,Barrow,Notts County,1,1,4,4,2,0,2024,10,0,0,1,Draw
2024-10-22,2024,Cheltenham,Bradford City,1,1,4,4,2,0,2024,10,0,0,1,Draw
2024-10-22,2024,Chesterfield,Colchester United,1,1,4,4,2,0,2024,10,0,0,1,Draw
2024-10-22,2024,Doncaster Rovers,Bromley,0,1,4,4,1,-1,2024,10,0,1,0,Away Win
2024-10-22,2024,Fleetwood Town,Crewe Alexandra,0,1,4,4,1,-1,2024,10,0,1,0,Away Win
2024-10-22,2024,Gillingham,Newport County,0,2,4,4,2,-2,2024,10,0,1,0,Away Win
2024-10-22,2024,Harrogate Town A.F.C.,Port Vale,0,1,4,4,1,-1,2024,10,0,1,0,Away Win
2024-10-22,2024,Milton Keynes Dons,Accrington,2,1,4,4,3,1,2024,10,1,0,0,Home Win
2024-10-22,2024,Salford City,Swindon Town,2,1,4,4,3,1,2024,10,1,0,0,Home Win
2024-10-22,2024,Tranmere Rovers,Grimsby Town,0,1,4,4,1,-1,2024,10,0,1,0,Away Win
2024-10-22,2024,Walsall,Carlisle United,3,1,4,4,4,2,2024,10,1,0,0,Home Win
2024-10-23,2024,Blackburn Rovers,West Bromwich Albion,0,0,2,2,0,0,2024,10,0,0,1,Draw
2024-10-23,2024,Hull City,Burnley,1,1,2,2,2,0,2024,10,0,0,1,Draw
2024-10-23,2024,Luton Town,Sunderland,1,2,2,2,3,-1,2024,10,0,1,0,Away Win
2024-10-23,2024,Millwall,Plymouth Argyle,1,0,2,2,1,1,2024,10,1,0,0,Home Win
2024-10-23,2024,Middlesbrough,Sheffield United,1,0,2,2,1,1,2024,10,1,0,0,Home Win
2024-10-25,2024,Leicester City,Nottingham Forest,1,3,1,1,4,-2,2024,10,0,1,0,Away Win
2024-10-25,2024,Portsmouth,Sheffield Wednesday,1,2,2,2,3,-1,2024,10,0,1,0,Away Win
2024-10-26,2024,Aston Villa,AFC Bournemouth,1,1,1,1,2,0,2024,10,0,0,1,Draw
2024-10-26,2024,Brentford,Ipswich Town,4,3,1,1,7,1,2024,10,1,0,0,Home Win
2024-10-26,2024,Brighton & Hove Albion,Wolverhampton Wanderers,2,2,1,1,4,0,2024,10,0,0,1,Draw
2024-10-26,2024,Manchester City,Southampton,1,0,1,1,1,1,2024,10,1,0,0,Home Win
2024-10-26,2024,Everton,Fulham,1,1,1,1,2,0,2024,10,0,0,1,Draw
2024-10-26,2024,Bristol City,Leeds United,0,0,2,2,0,0,2024,10,0,0,1,Draw
2024-10-26,2024,Coventry City,Luton Town,3,2,2,2,5,1,2024,10,1,0,0,Home Win
2024-10-26,2024,Watford,Blackburn Rovers,1,0,2,2,1,1,2024,10,1,0,0,Home Win
2024-10-26,2024,Burnley,Queens Park Rangers,0,0,2,2,0,0,2024,10,0,0,1,Draw
2024-10-26,2024,Derby County,Hull City,1,1,2,2,2,0,2024,10,0,0,1,Draw
2024-10-26,2024,Plymouth Argyle,Preston North End,3,3,2,2,6,0,2024,10,0,0,1,Draw
2024-10-26,2024,Sheffield United,Stoke City,2,0,2,2,2,2,2024,10,1,0,0,Home Win
2024-10-26,2024,Sunderland,Oxford United,2,0,2,2,2,2,2024,10,1,0,0,Home Win
2024-10-26,2024,Swansea City,Millwall,0,1,2,2,1,-1,2024,10,0,1,0,Away Win
2024-10-26,2024,West Bromwich Albion,Cardiff City,0,0,2,2,0,0,2024,10,0,0,1,Draw
2024-10-26,2024,Mansfield Town,Birmingham City,1,1,3,3,2,0,2024,10,0,0,1,Draw
2024-10-26,2024,Reading,Bristol Rovers,1,0,3,3,1,1,2024,10,1,0,0,Home Win
2024-10-26,2024,Bolton Wanderers,Peterborough United,1,0,3,3,1,1,2024,10,1,0,0,Home Win
2024-10-26,2024,Cambridge United,Burton Albion,1,0,3,3,1,1,2024,10,1,0,0,Home Win
2024-10-26,2024,Charlton Athletic,Wrexham,2,2,3,3,4,0,2024,10,0,0,1,Draw
2024-10-26,2024,Huddersfield Town,Exeter City,2,0,3,3,2,2,2024,10,1,0,0,Home Win
2024-10-26,2024,Lincoln City,Stockport County,2,1,3,3,3,1,2024,10,1,0,0,Home Win
2024-10-26,2024,Northampton Town,Crawley Town,3,0,3,3,3,3,2024,10,1,0,0,Home Win
2024-10-26,2024,Rotherham United,Stevenage Borough,2,0,3,3,2,2,2024,10,1,0,0,Home Win
2024-10-26,2024,Shrewsbury Town,Barnsley,0,2,3,3,2,-2,2024,10,0,1,0,Away Win
2024-10-26,2024,Wycombe Wanderers,Leyton Orient,3,0,3,3,3,3,2024,10,1,0,0,Home Win
2024-10-26,2024,Colchester United,Salford City,1,2,4,4,3,-1,2024,10,0,1,0,Away Win
2024-10-26,2024,Morecambe,Chesterfield,2,5,4,4,7,-3,2024,10,0,1,0,Away Win
2024-10-26,2024,Accrington,Walsall,0,0,4,4,0,0,2024,10,0,0,1,Draw
2024-10-26,2024,Bradford City,Doncaster Rovers,1,2,4,4,3,-1,2024,10,0,1,0,Away Win
2024-10-26,2024,Bromley,Barrow,1,1,4,4,2,0,2024,10,0,0,1,Draw
2024-10-26,2024,Carlisle United,Cheltenham,0,1,4,4,1,-1,2024,10,0,1,0,Away Win
2024-10-26,2024,Crewe Alexandra,Tranmere Rovers,3,1,4,4,4,2,2024,10,1,0,0,Home Win
2024-10-26,2024,Grimsby Town,Milton Keynes Dons,1,3,4,4,4,-2,2024,10,0,1,0,Away Win
2024-10-26,2024,Newport County,Fleetwood Town,0,0,4,4,0,0,2024,10,0,0,1,Draw
2024-10-26,2024,Notts County,Harrogate Town A.F.C.,1,0,4,4,1,1,2024,10,1,0,0,Home Win
2024-10-26,2024,Port Vale,AFC Wimbledon,3,2,4,4,5,1,2024,10,1,0,0,Home Win
2024-10-26,2024,Swindon Town,Gillingham,1,1,4,4,2,0,2024,10,0,0,1,Draw
2024-10-27,2024,Chelsea,Newcastle United,2,1,1,1,3,1,2024,10,1,0,0,Home Win
2024-10-27,2024,Crystal Palace,Tottenham Hotspur,1,0,1,1,1,1,2024,10,1,0,0,Home Win
2024-10-27,2024,West Ham United,Manchester United,2,1,1,1,3,1,2024,10,1,0,0,Home Win
2024-10-27,2024,Arsenal,Liverpool,2,2,1,1,4,0,2024,10,0,0,1,Draw
2024-10-27,2024,Norwich City,Middlesbrough,3,3,2,2,6,0,2024,10,0,0,1,Draw
2024-10-28,2024,Blackpool,Wigan Athletic,2,2,3,3,4,0,2024,10,0,0,1,Draw
2024-10-29,2024,Lincoln City,Northampton Town,2,1,3,3,3,1,2024,10,1,0,0,Home Win
2024-10-29,2024,Stevenage Borough,Bolton Wanderers,1,4,3,3,5,-3,2024,10,0,1,0,Away Win
2024-10-29,2024,Stockport County,Reading,4,1,3,3,5,3,2024,10,1,0,0,Home Win
2024-10-29,2024,Fleetwood Town,Salford City,2,2,4,4,4,0,2024,10,0,0,1,Draw
2024-11-01,2024,Luton Town,West Bromwich Albion,1,1,2,2,2,0,2024,11,0,0,1,Draw
2024-11-02,2024,Newcastle United,Arsenal,1,0,1,1,1,1,2024,11,1,0,0,Home Win
2024-11-02,2024,AFC Bournemouth,Manchester City,2,1,1,1,3,1,2024,11,1,0,0,Home Win
2024-11-02,2024,Ipswich Town,Leicester City,1,1,1,1,2,0,2024,11,0,0,1,Draw
2024-11-02,2024,Liverpool,Brighton & Hove Albion,2,1,1,1,3,1,2024,11,1,0,0,Home Win
2024-11-02,2024,Nottingham Forest,West Ham United,3,0,1,1,3,3,2024,11,1,0,0,Home Win
2024-11-02,2024,Southampton,Everton,1,0,1,1,1,1,2024,11,1,0,0,Home Win
2024-11-02,2024,Wolverhampton Wanderers,Crystal Palace,2,2,1,1,4,0,2024,11,0,0,1,Draw
2024-11-02,2024,Blackburn Rovers,Sheffield United,0,2,2,2,2,-2,2024,11,0,1,0,Away Win
2024-11-02,2024,Oxford United,Swansea City,1,2,2,2,3,-1,2024,11,0,1,0,Away Win
2024-11-02,2024,Stoke City,Derby County,2,1,2,2,3,1,2024,11,1,0,0,Home Win
2024-11-02,2024,Cardiff City,Norwich City,2,1,2,2,3,1,2024,11,1,0,0,Home Win
2024-11-02,2024,Hull City,Portsmouth,1,1,2,2,2,0,2024,11,0,0,1,Draw
2024-11-02,2024,Leeds United,Plymouth Argyle,3,0,2,2,3,3,2024,11,1,0,0,Home Win
2024-11-02,2024,Middlesbrough,Coventry City,0,3,2,2,3,-3,2024,11,0,1,0,Away Win
2024-11-02,2024,Preston North End,Bristol City,1,3,2,2,4,-2,2024,11,0,1,0,Away Win
2024-11-02,2024,Queens Park Rangers,Sunderland,0,0,2,2,0,0,2024,11,0,0,1,Draw
2024-11-02,2024,Sheffield Wednesday,Watford,2,6,2,2,8,-4,2024,11,0,1,0,Away Win
2024-11-03,2024,Tottenham Hotspur,Aston Villa,4,1,1,1,5,3,2024,11,1,0,0,Home Win
2024-11-03,2024,Manchester United,Chelsea,1,1,1,1,2,0,2024,11,0,0,1,Draw
2024-11-03,2024,Millwall,Burnley,1,0,2,2,1,1,2024,11,1,0,0,Home Win
2024-11-04,2024,Fulham,Brentford,2,1,1,1,3,1,2024,11,1,0,0,Home Win
2024-11-05,2024,Bristol City,Sheffield United,1,2,2,2,3,-1,2024,11,0,1,0,Away Win
2024-11-05,2024,Oxford United,Hull City,1,0,2,2,1,1,2024,11,1,0,0,Home Win
2024-11-05,2024,Queens Park Rangers,Middlesbrough,1,4,2,2,5,-3,2024,11,0,1,0,Away Win
2024-11-05,2024,Sheffield Wednesday,Norwich City,2,0,2,2,2,2,2024,11,1,0,0,Home Win
2024-11-05,2024,Plymouth Argyle,Portsmouth,1,0,2,2,1,1,2024,11,1,0,0,Home Win
2024-11-05,2024,Swansea City,Watford,1,0,2,2,1,1,2024,11,1,0,0,Home Win
2024-11-05,2024,Burton Albion,Crawley Town,0,0,3,3,0,0,2024,11,0,0,1,Draw
2024-11-05,2024,Stockport County,Wycombe Wanderers,0,5,3,3,5,-5,2024,11,0,1,0,Away Win
2024-11-06,2024,Blackburn Rovers,Stoke City,0,2,2,2,2,-2,2024,11,0,1,0,Away Win
2024-11-06,2024,Coventry City,Derby County,1,2,2,2,3,-1,2024,11,0,1,0,Away Win
2024-11-06,2024,Millwall,Leeds United,1,0,2,2,1,1,2024,11,1,0,0,Home Win
2024-11-06,2024,Luton Town,Cardiff City,1,0,2,2,1,1,2024,11,1,0,0,Home Win
2024-11-06,2024,Preston North End,Sunderland,0,0,2,2,0,0,2024,11,0,0,1,Draw
2024-11-07,2024,West Bromwich Albion,Burnley,0,0,2,2,0,0,2024,11,0,0,1,Draw
2024-11-08,2024,Watford,Oxford United,1,0,2,2,1,1,2024,11,1,0,0,Home Win
2024-11-08,2024,Barnsley,Rotherham United,2,0,3,3,2,2,2024,11,1,0,0,Home Win
2024-11-09,2024,Brentford,AFC Bournemouth,3,2,1,1,5,1,2024,11,1,0,0,Home Win
2024-11-09,2024,Crystal Palace,Fulham,0,2,1,1,2,-2,2024,11,0,1,0,Away Win
2024-11-09,2024,West Ham United,Everton,0,0,1,1,0,0,2024,11,0,0,1,Draw
2024-11-09,2024,Wolverhampton Wanderers,Southampton,2,0,1,1,2,2,2024,11,1,0,0,Home Win
2024-11-09,2024,Brighton & Hove Albion,Manchester City,2,1,1,1,3,1,2024,11,1,0,0,Home Win
2024-11-09,2024,Liverpool,Aston Villa,2,0,1,1,2,2,2024,11,1,0,0,Home Win
2024-11-09,2024,Cardiff City,Blackburn Rovers,1,3,2,2,4,-2,2024,11,0,1,0,Away Win
2024-11-09,2024,Middlesbrough,Luton Town,5,1,2,2,6,4,2024,11,1,0,0,Home Win
2024-11-09,2024,Stoke City,Millwall,1,1,2,2,2,0,2024,11,0,0,1,Draw
2024-11-09,2024,Derby County,Plymouth Argyle,1,1,2,2,2,0,2024,11,0,0,1,Draw
2024-11-09,2024,Leeds United,Queens Park Rangers,2,0,2,2,2,2,2024,11,1,0,0,Home Win
2024-11-09,2024,Norwich City,Bristol City,0,2,2,2,2,-2,2024,11,0,1,0,Away Win
2024-11-09,2024,Portsmouth,Preston North End,3,1,2,2,4,2,2024,11,1,0,0,Home Win
2024-11-09,2024,Sunderland,Coventry City,2,2,2,2,4,0,2024,11,0,0,1,Draw
2024-11-09,2024,Burton Albion,Shrewsbury Town,2,0,3,3,2,2,2024,11,1,0,0,Home Win
2024-11-09,2024,Wrexham,Mansfield Town,1,0,3,3,1,1,2024,11,1,0,0,Home Win
2024-11-09,2024,Birmingham City,Northampton Town,1,1,3,3,2,0,2024,11,0,0,1,Draw
2024-11-09,2024,Bristol Rovers,Lincoln City,1,1,3,3,2,0,2024,11,0,0,1,Draw
2024-11-09,2024,Crawley Town,Huddersfield Town,2,2,3,3,4,0,2024,11,0,0,1,Draw
2024-11-09,2024,Exeter City,Charlton Athletic,1,0,3,3,1,1,2024,11,1,0,0,Home Win
2024-11-09,2024,Leyton Orient,Blackpool,3,0,3,3,3,3,2024,11,1,0,0,Home Win
2024-11-09,2024,Peterborough United,Cambridge United,6,1,3,3,7,5,2024,11,1,0,0,Home Win
2024-11-09,2024,Stevenage Borough,Reading,1,1,3,3,2,0,2024,11,0,0,1,Draw
2024-11-09,2024,Stockport County,Bolton Wanderers,5,0,3,3,5,5,2024,11,1,0,0,Home Win
2024-11-09,2024,Wigan Athletic,Wycombe Wanderers,0,1,3,3,1,-1,2024,11,0,1,0,Away Win
2024-11-09,2024,Harrogate Town A.F.C.,Morecambe,1,2,4,4,3,-1,2024,11,0,1,0,Away Win
2024-11-09,2024,Salford City,Carlisle United,0,1,4,4,1,-1,2024,11,0,1,0,Away Win
2024-11-09,2024,AFC Wimbledon,Grimsby Town,0,1,4,4,1,-1,2024,11,0,1,0,Away Win
2024-11-09,2024,Barrow,Colchester United,1,1,4,4,2,0,2024,11,0,0,1,Draw
2024-11-09,2024,Cheltenham,Bromley,1,1,4,4,2,0,2024,11,0,0,1,Draw
2024-11-09,2024,Chesterfield,Accrington,0,3,4,4,3,-3,2024,11,0,1,0,Away Win
2024-11-09,2024,Doncaster Rovers,Notts County,1,1,4,4,2,0,2024,11,0,0,1,Draw
2024-11-09,2024,Fleetwood Town,Bradford City,1,0,4,4,1,1,2024,11,1,0,0,Home Win
2024-11-09,2024,Gillingham,Port Vale,1,0,4,4,1,1,2024,11,1,0,0,Home Win
2024-11-09,2024,Milton Keynes Dons,Swindon Town,3,1,4,4,4,2,2024,11,1,0,0,Home Win
2024-11-09,2024,Tranmere Rovers,Newport County,2,1,4,4,3,1,2024,11,1,0,0,Home Win
2024-11-09,2024,Walsall,Crewe Alexandra,1,1,4,4,2,0,2024,11,0,0,1,Draw
2024-11-10,2024,Manchester United,Leicester City,3,0,1,1,3,3,2024,11,1,0,0,Home Win
2024-11-10,2024,Nottingham Forest,Newcastle United,1,3,1,1,4,-2,2024,11,0,1,0,Away Win
2024-11-10,2024,Tottenham Hotspur,Ipswich Town,1,2,1,1,3,-1,2024,11,0,1,0,Away Win
2024-11-10,2024,Chelsea,Arsenal,1,1,1,1,2,0,2024,11,0,0,1,Draw
2024-11-10,2024,Sheffield United,Sheffield Wednesday,1,0,2,2,1,1,2024,11,1,0,0,Home Win
2024-11-10,2024,Hull City,West Bromwich Albion,1,2,2,2,3,-1,2024,11,0,1,0,Away Win
2024-11-10,2024,Burnley,Swansea City,1,0,2,2,1,1,2024,11,1,0,0,Home Win
2024-11-16,2024,Exeter City,Lincoln City,0,0,3,3,0,0,2024,11,0,0,1,Draw
2024-11-16,2024,Blackpool,Northampton Town,0,0,3,3,0,0,2024,11,0,0,1,Draw
2024-11-16,2024,Bristol Rovers,Crawley Town,0,0,3,3,0,0,2024,11,0,0,1,Draw
2024-11-16,2024,Cambridge United,Barnsley,1,1,3,3,2,0,2024,11,0,0,1,Draw
2024-11-16,2024,Stockport County,Wrexham,1,0,3,3,1,1,2024,11,1,0,0,Home Win
2024-11-16,2024,Accrington,Swindon Town,2,2,4,4,4,0,2024,11,0,0,1,Draw
2024-11-16,2024,Barrow,AFC Wimbledon,1,3,4,4,4,-2,2024,11,0,1,0,Away Win
2024-11-16,2024,Bromley,Carlisle United,1,1,4,4,2,0,2024,11,0,0,1,Draw
2024-11-16,2024,Colchester United,Bradford City,1,1,4,4,2,0,2024,11,0,0,1,Draw
2024-11-16,2024,Crewe Alexandra,Notts County,2,0,4,4,2,2,2024,11,1,0,0,Home Win
2024-11-16,2024,Doncaster Rovers,Salford City,1,1,4,4,2,0,2024,11,0,0,1,Draw
2024-11-16,2024,Harrogate Town A.F.C.,Chesterfield,2,1,4,4,3,1,2024,11,1,0,0,Home Win
2024-11-16,2024,Milton Keynes Dons,Cheltenham,3,2,4,4,5,1,2024,11,1,0,0,Home Win
2024-11-16,2024,Morecambe,Port Vale,0,1,4,4,1,-1,2024,11,0,1,0,Away Win
2024-11-16,2024,Newport County,Grimsby Town,0,0,4,4,0,0,2024,11,0,0,1,Draw
2024-11-19,2024,AFC Wimbledon,Accrington,2,2,4,4,4,0,2024,11,0,0,1,Draw
2024-11-22,2024,Plymouth Argyle,Watford,2,2,2,2,4,0,2024,11,0,0,1,Draw
2024-11-22,2024,Cheltenham,Tranmere Rovers,1,0,4,4,1,1,2024,11,1,0,0,Home Win
2024-11-23,2024,Leicester City,Chelsea,1,2,1,1,3,-1,2024,11,0,1,0,Away Win
2024-11-23,2024,Arsenal,Nottingham Forest,3,0,1,1,3,3,2024,11,1,0,0,Home Win
2024-11-23,2024,Aston Villa,Crystal Palace,2,2,1,1,4,0,2024,11,0,0,1,Draw
2024-11-23,2024,AFC Bournemouth,Brighton & Hove Albion,1,2,1,1,3,-1,2024,11,0,1,0,Away Win
2024-11-23,2024,Everton,Brentford,0,0,1,1,0,0,2024,11,0,0,1,Draw
2024-11-23,2024,Fulham,Wolverhampton Wanderers,1,4,1,1,5,-3,2024,11,0,1,0,Away Win
2024-11-23,2024,Manchester City,Tottenham Hotspur,0,4,1,1,4,-4,2024,11,0,1,0,Away Win
2024-11-23,2024,Bristol City,Burnley,0,1,2,2,1,-1,2024,11,0,1,0,Away Win
2024-11-23,2024,Coventry City,Sheffield United,2,2,2,2,4,0,2024,11,0,0,1,Draw
2024-11-23,2024,Sheffield Wednesday,Cardiff City,1,1,2,2,2,0,2024,11,0,0,1,Draw
2024-11-23,2024,Luton Town,Hull City,1,0,2,2,1,1,2024,11,1,0,0,Home Win
2024-11-23,2024,Millwall,Sunderland,1,1,2,2,2,0,2024,11,0,0,1,Draw
2024-11-23,2024,Oxford United,Middlesbrough,2,6,2,2,8,-4,2024,11,0,1,0,Away Win
2024-11-23,2024,Preston North End,Derby County,1,1,2,2,2,0,2024,11,0,0,1,Draw
2024-11-23,2024,Queens Park Rangers,Stoke City,1,1,2,2,2,0,2024,11,0,0,1,Draw
2024-11-23,2024,West Bromwich Albion,Norwich City,2,2,2,2,4,0,2024,11,0,0,1,Draw
2024-11-23,2024,Bolton Wanderers,Blackpool,2,1,3,3,3,1,2024,11,1,0,0,Home Win
2024-11-23,2024,Shrewsbury Town,Birmingham City,3,2,3,3,5,1,2024,11,1,0,0,Home Win
2024-11-23,2024,Stevenage Borough,Leyton Orient,0,0,3,3,0,0,2024,11,0,0,1,Draw
2024-11-23,2024,Barnsley,Wigan Athletic,0,1,3,3,1,-1,2024,11,0,1,0,Away Win
2024-11-23,2024,Burton Albion,Stockport County,0,3,3,3,3,-3,2024,11,0,1,0,Away Win
2024-11-23,2024,Crawley Town,Rotherham United,1,0,3,3,1,1,2024,11,1,0,0,Home Win
2024-11-23,2024,Huddersfield Town,Charlton Athletic,2,1,3,3,3,1,2024,11,1,0,0,Home Win
2024-11-23,2024,Lincoln City,Wycombe Wanderers,2,3,3,3,5,-1,2024,11,0,1,0,Away Win
2024-11-23,2024,Mansfield Town,Bristol Rovers,0,1,3,3,1,-1,2024,11,0,1,0,Away Win
2024-11-23,2024,Northampton Town,Cambridge United,0,0,3,3,0,0,2024,11,0,0,1,Draw
2024-11-23,2024,Peterborough United,Reading,1,2,3,3,3,-1,2024,11,0,1,0,Away Win
2024-11-23,2024,Wrexham,Exeter City,3,0,3,3,3,3,2024,11,1,0,0,Home Win
2024-11-23,2024,Grimsby Town,Colchester United,0,1,4,4,1,-1,2024,11,0,1,0,Away Win
2024-11-23,2024,Notts County,Newport County,0,0,4,4,0,0,2024,11,0,0,1,Draw
2024-11-23,2024,AFC Wimbledon,Walsall,0,1,4,4,1,-1,2024,11,0,1,0,Away Win
2024-11-23,2024,Carlisle United,Doncaster Rovers,0,0,4,4,0,0,2024,11,0,0,1,Draw
2024-11-23,2024,Chesterfield,Barrow,1,0,4,4,1,1,2024,11,1,0,0,Home Win
2024-11-23,2024,Gillingham,Harrogate Town A.F.C.,1,2,4,4,3,-1,2024,11,0,1,0,Away Win
2024-11-23,2024,Swindon Town,Morecambe,2,3,4,4,5,-1,2024,11,0,1,0,Away Win
2024-11-24,2024,Southampton,Liverpool,2,3,1,1,5,-1,2024,11,0,1,0,Away Win
2024-11-24,2024,Ipswich Town,Manchester United,1,1,1,1,2,0,2024,11,0,0,1,Draw
2024-11-24,2024,Swansea City,Leeds United,3,4,2,2,7,-1,2024,11,0,1,0,Away Win
2024-11-25,2024,Newcastle United,West Ham United,0,2,1,1,2,-2,2024,11,0,1,0,Away Win
2024-11-25,2024,Port Vale,Crewe Alexandra,1,1,4,4,2,0,2024,11,0,0,1,Draw
2024-11-26,2024,Burnley,Coventry City,2,0,2,2,2,2,2024,11,1,0,0,Home Win
2024-11-26,2024,Hull City,Sheffield Wednesday,0,2,2,2,2,-2,2024,11,0,1,0,Away Win
2024-11-26,2024,Norwich City,Plymouth Argyle,6,1,2,2,7,5,2024,11,1,0,0,Home Win
2024-11-26,2024,Sheffield United,Oxford United,3,0,2,2,3,3,2024,11,1,0,0,Home Win
2024-11-26,2024,Stoke City,Preston North End,0,0,2,2,0,0,2024,11,0,0,1,Draw
2024-11-26,2024,Watford,Bristol City,1,0,2,2,1,1,2024,11,1,0,0,Home Win
2024-11-26,2024,Sunderland,West Bromwich Albion,0,0,2,2,0,0,2024,11,0,0,1,Draw
2024-11-26,2024,Barnsley,Reading,2,2,3,3,4,0,2024,11,0,0,1,Draw
2024-11-26,2024,Bristol Rovers,Blackpool,0,2,3,3,2,-2,2024,11,0,1,0,Away Win
2024-11-26,2024,Burton Albion,Charlton Athletic,0,1,3,3,1,-1,2024,11,0,1,0,Away Win
2024-11-26,2024,Cambridge United,Bolton Wanderers,1,1,3,3,2,0,2024,11,0,0,1,Draw
2024-11-26,2024,Exeter City,Birmingham City,0,2,3,3,2,-2,2024,11,0,1,0,Away Win
2024-11-26,2024,Leyton Orient,Huddersfield Town,0,2,3,3,2,-2,2024,11,0,1,0,Away Win
2024-11-26,2024,Wigan Athletic,Northampton Town,2,1,3,3,3,1,2024,11,1,0,0,Home Win
2024-11-26,2024,Wrexham,Lincoln City,1,0,3,3,1,1,2024,11,1,0,0,Home Win
2024-11-26,2024,Wycombe Wanderers,Mansfield Town,1,0,3,3,1,1,2024,11,1,0,0,Home Win
2024-11-26,2024,Tranmere Rovers,AFC Wimbledon,0,2,4,4,2,-2,2024,11,0,1,0,Away Win
2024-11-26,2024,Walsall,Bromley,2,2,4,4,4,0,2024,11,0,0,1,Draw
2024-11-27,2024,Cardiff City,Queens Park Rangers,0,2,2,2,2,-2,2024,11,0,1,0,Away Win
2024-11-27,2024,Leeds United,Luton Town,3,0,2,2,3,3,2024,11,1,0,0,Home Win
2024-11-27,2024,Middlesbrough,Blackburn Rovers,0,1,2,2,1,-1,2024,11,0,1,0,Away Win
2024-11-27,2024,Derby County,Swansea City,1,2,2,2,3,-1,2024,11,0,1,0,Away Win
2024-11-29,2024,Brighton & Hove Albion,Southampton,1,1,1,1,2,0,2024,11,0,0,1,Draw
2024-11-29,2024,Sheffield United,Sunderland,1,0,2,2,1,1,2024,11,1,0,0,Home Win
2024-11-30,2024,Brentford,Leicester City,4,1,1,1,5,3,2024,11,1,0,0,Home Win
2024-11-30,2024,Crystal Palace,Newcastle United,1,1,1,1,2,0,2024,11,0,0,1,Draw
2024-11-30,2024,Nottingham Forest,Ipswich Town,1,0,1,1,1,1,2024,11,1,0,0,Home Win
2024-11-30,2024,Wolverhampton Wanderers,AFC Bournemouth,2,4,1,1,6,-2,2024,11,0,1,0,Away Win
2024-11-30,2024,West Ham United,Arsenal,2,5,1,1,7,-3,2024,11,0,1,0,Away Win
2024-11-30,2024,Middlesbrough,Hull City,3,1,2,2,4,2,2024,11,1,0,0,Home Win
2024-11-30,2024,Oxford United,Millwall,1,1,2,2,2,0,2024,11,0,0,1,Draw
2024-11-30,2024,Watford,Queens Park Rangers,0,0,2,2,0,0,2024,11,0,0,1,Draw
2024-11-30,2024,Blackburn Rovers,Leeds United,1,0,2,2,1,1,2024,11,1,0,0,Home Win
2024-11-30,2024,Bristol City,Plymouth Argyle,4,0,2,2,4,4,2024,11,1,0,0,Home Win
2024-11-30,2024,Coventry City,Cardiff City,2,2,2,2,4,0,2024,11,0,0,1,Draw
2024-11-30,2024,Norwich City,Luton Town,4,2,2,2,6,2,2024,11,1,0,0,Home Win
2024-11-30,2024,Preston North End,West Bromwich Albion,1,1,2,2,2,0,2024,11,0,0,1,Draw
2024-11-30,2024,Stoke City,Burnley,0,2,2,2,2,-2,2024,11,0,1,0,Away Win
2024-11-30,2024,Swansea City,Portsmouth,2,2,2,2,4,0,2024,11,0,0,1,Draw
2024-11-30,2024,Carlisle United,Crewe Alexandra,1,1,4,4,2,0,2024,11,0,0,1,Draw
2024-11-30,2024,Fleetwood Town,Colchester United,0,0,4,4,0,0,2024,11,0,0,1,Draw
2024-12-01,2024,Chelsea,Aston Villa,3,0,1,1,3,3,2024,12,1,0,0,Home Win
2024-12-01,2024,Manchester United,Everton,4,0,1,1,4,4,2024,12,1,0,0,Home Win
2024-12-01,2024,Tottenham Hotspur,Fulham,1,1,1,1,2,0,2024,12,0,0,1,Draw
2024-12-01,2024,Liverpool,Manchester City,2,0,1,1,2,2,2024,12,1,0,0,Home Win
2024-12-01,2024,Derby County,Sheffield Wednesday,1,2,2,2,3,-1,2024,12,0,1,0,Away Win
2024-12-03,2024,Ipswich Town,Crystal Palace,0,1,1,1,1,-1,2024,12,0,1,0,Away Win
2024-12-03,2024,Leicester City,West Ham United,3,1,1,1,4,2,2024,12,1,0,0,Home Win
2024-12-03,2024,Bolton Wanderers,Mansfield Town,3,1,3,3,4,2,2024,12,1,0,0,Home Win
2024-12-03,2024,Charlton Athletic,Crawley Town,1,2,3,3,3,-1,2024,12,0,1,0,Away Win
2024-12-03,2024,Exeter City,Wycombe Wanderers,2,2,3,3,4,0,2024,12,0,0,1,Draw
2024-12-03,2024,Leyton Orient,Bristol Rovers,3,0,3,3,3,3,2024,12,1,0,0,Home Win
2024-12-03,2024,Rotherham United,Lincoln City,2,1,3,3,3,1,2024,12,1,0,0,Home Win
2024-12-03,2024,Stevenage Borough,Northampton Town,2,0,3,3,2,2,2024,12,1,0,0,Home Win
2024-12-03,2024,Wrexham,Barnsley,1,0,3,3,1,1,2024,12,1,0,0,Home Win
2024-12-03,2024,Huddersfield Town,Wigan Athletic,1,0,3,3,1,1,2024,12,1,0,0,Home Win
2024-12-03,2024,Reading,Cambridge United,3,0,3,3,3,3,2024,12,1,0,0,Home Win
2024-12-03,2024,AFC Wimbledon,Newport County,2,2,4,4,4,0,2024,12,0,0,1,Draw
2024-12-03,2024,Bradford City,Barrow,1,1,4,4,2,0,2024,12,0,0,1,Draw
2024-12-03,2024,Cheltenham,Port Vale,1,1,4,4,2,0,2024,12,0,0,1,Draw
2024-12-03,2024,Colchester United,Swindon Town,4,0,4,4,4,4,2024,12,1,0,0,Home Win
2024-12-03,2024,Grimsby Town,Accrington,5,2,4,4,7,3,2024,12,1,0,0,Home Win
2024-12-03,2024,Milton Keynes Dons,Chesterfield,3,0,4,4,3,3,2024,12,1,0,0,Home Win
2024-12-03,2024,Salford City,Harrogate Town A.F.C.,2,0,4,4,2,2,2024,12,1,0,0,Home Win
2024-12-03,2024,Tranmere Rovers,Morecambe,2,2,4,4,4,0,2024,12,0,0,1,Draw
2024-12-03,2024,Walsall,Notts County,3,2,4,4,5,1,2024,12,1,0,0,Home Win
2024-12-04,2024,Everton,Wolverhampton Wanderers,4,0,1,1,4,4,2024,12,1,0,0,Home Win
2024-12-04,2024,Manchester City,Nottingham Forest,3,0,1,1,3,3,2024,12,1,0,0,Home Win
2024-12-04,2024,Newcastle United,Liverpool,3,3,1,1,6,0,2024,12,0,0,1,Draw
2024-12-04,2024,Southampton,Chelsea,1,5,1,1,6,-4,2024,12,0,1,0,Away Win
2024-12-04,2024,Arsenal,Manchester United,2,0,1,1,2,2,2024,12,1,0,0,Home Win
2024-12-04,2024,Aston Villa,Brentford,3,1,1,1,4,2,2024,12,1,0,0,Home Win
2024-12-04,2024,Birmingham City,Stockport County,2,0,3,3,2,2,2024,12,1,0,0,Home Win
2024-12-04,2024,Peterborough United,Burton Albion,0,1,3,3,1,-1,2024,12,0,1,0,Away Win
2024-12-04,2024,Shrewsbury Town,Blackpool,1,2,3,3,3,-1,2024,12,0,1,0,Away Win
2024-12-04,2024,Bromley,Gillingham,2,1,4,4,3,1,2024,12,1,0,0,Home Win
2024-12-04,2024,Fleetwood Town,Doncaster Rovers,2,4,4,4,6,-2,2024,12,0,1,0,Away Win
2024-12-05,2024,Fulham,Brighton & Hove Albion,3,1,1,1,4,2,2024,12,1,0,0,Home Win
2024-12-05,2024,AFC Bournemouth,Tottenham Hotspur,1,0,1,1,1,1,2024,12,1,0,0,Home Win
2024-12-06,2024,Burnley,Middlesbrough,1,1,2,2,2,0,2024,12,0,0,1,Draw
2024-12-07,2024,Aston Villa,Southampton,1,0,1,1,1,1,2024,12,1,0,0,Home Win
2024-12-07,2024,Brentford,Newcastle United,4,2,1,1,6,2,2024,12,1,0,0,Home Win
2024-12-07,2024,Crystal Palace,Manchester City,2,2,1,1,4,0,2024,12,0,0,1,Draw
2024-12-07,2024,Manchester United,Nottingham Forest,2,3,1,1,5,-1,2024,12,0,1,0,Away Win
2024-12-07,2024,Leeds United,Derby County,2,0,2,2,2,2,2024,12,1,0,0,Home Win
2024-12-07,2024,Sheffield Wednesday,Preston North End,1,1,2,2,2,0,2024,12,0,0,1,Draw
2024-12-07,2024,Sunderland,Stoke City,2,1,2,2,3,1,2024,12,1,0,0,Home Win
2024-12-07,2024,Hull City,Blackburn Rovers,0,1,2,2,1,-1,2024,12,0,1,0,Away Win
2024-12-07,2024,Luton Town,Swansea City,1,1,2,2,2,0,2024,12,0,0,1,Draw
2024-12-07,2024,Millwall,Coventry City,0,1,2,2,1,-1,2024,12,0,1,0,Away Win
2024-12-07,2024,Portsmouth,Bristol City,3,0,2,2,3,3,2024,12,1,0,0,Home Win
2024-12-07,2024,Queens Park Rangers,Norwich City,3,0,2,2,3,3,2024,12,1,0,0,Home Win
2024-12-07,2024,Lincoln City,Charlton Athletic,0,0,3,3,0,0,2024,12,0,0,1,Draw
2024-12-07,2024,Wigan Athletic,Leyton Orient,0,2,3,3,2,-2,2024,12,0,1,0,Away Win
2024-12-07,2024,Barnsley,Birmingham City,1,2,3,3,3,-1,2024,12,0,1,0,Away Win
2024-12-07,2024,Burton Albion,Wrexham,0,1,3,3,1,-1,2024,12,0,1,0,Away Win
2024-12-07,2024,Cambridge United,Shrewsbury Town,4,1,3,3,5,3,2024,12,1,0,0,Home Win
2024-12-07,2024,Mansfield Town,Huddersfield Town,1,2,3,3,3,-1,2024,12,0,1,0,Away Win
2024-12-07,2024,Stockport County,Exeter City,2,0,3,3,2,2,2024,12,1,0,0,Home Win
2024-12-07,2024,Wycombe Wanderers,Reading,1,1,3,3,2,0,2024,12,0,0,1,Draw
2024-12-07,2024,Crewe Alexandra,Bradford City,1,1,4,4,2,0,2024,12,0,0,1,Draw
2024-12-07,2024,Port Vale,Walsall,0,1,4,4,1,-1,2024,12,0,1,0,Away Win
2024-12-07,2024,Accrington,Bromley,1,2,4,4,3,-1,2024,12,0,1,0,Away Win
2024-12-07,2024,Chesterfield,Tranmere Rovers,3,0,4,4,3,3,2024,12,1,0,0,Home Win
2024-12-07,2024,Doncaster Rovers,Cheltenham,2,2,4,4,4,0,2024,12,0,0,1,Draw
2024-12-07,2024,Gillingham,Salford City,1,0,4,4,1,1,2024,12,1,0,0,Home Win
2024-12-07,2024,Harrogate Town A.F.C.,AFC Wimbledon,0,3,4,4,3,-3,2024,12,0,1,0,Away Win
2024-12-07,2024,Morecambe,Grimsby Town,0,3,4,4,3,-3,2024,12,0,1,0,Away Win
2024-12-07,2024,Swindon Town,Fleetwood Town,3,1,4,4,4,2,2024,12,1,0,0,Home Win
2024-12-08,2024,Fulham,Arsenal,1,1,1,1,2,0,2024,12,0,0,1,Draw
2024-12-08,2024,Ipswich Town,AFC Bournemouth,1,2,1,1,3,-1,2024,12,0,1,0,Away Win
2024-12-08,2024,Leicester City,Brighton & Hove Albion,2,2,1,1,4,0,2024,12,0,0,1,Draw
2024-12-08,2024,Tottenham Hotspur,Chelsea,3,4,1,1,7,-1,2024,12,0,1,0,Away Win
2024-12-08,2024,West Bromwich Albion,Sheffield United,2,2,2,2,4,0,2024,12,0,0,1,Draw
2024-12-09,2024,West Ham United,Wolverhampton Wanderers,2,1,1,1,3,1,2024,12,1,0,0,Home Win
2024-12-09,2024,Northampton Town,Peterborough United,2,1,3,3,3,1,2024,12,1,0,0,Home Win
2024-12-10,2024,Burnley,Derby County,0,0,2,2,0,0,2024,12,0,0,1,Draw
2024-12-10,2024,Luton Town,Stoke City,2,1,2,2,3,1,2024,12,1,0,0,Home Win
2024-12-10,2024,Plymouth Argyle,Swansea City,1,2,2,2,3,-1,2024,12,0,1,0,Away Win
2024-12-10,2024,Portsmouth,Norwich City,0,0,2,2,0,0,2024,12,0,0,1,Draw
2024-12-10,2024,Sheffield Wednesday,Blackburn Rovers,0,1,2,2,1,-1,2024,12,0,1,0,Away Win
2024-12-10,2024,Sunderland,Bristol City,1,1,2,2,2,0,2024,12,0,0,1,Draw
2024-12-10,2024,Leeds United,Middlesbrough,3,1,2,2,4,2,2024,12,1,0,0,Home Win
2024-12-11,2024,Cardiff City,Preston North End,0,2,2,2,2,-2,2024,12,0,1,0,Away Win
2024-12-11,2024,Hull City,Watford,1,1,2,2,2,0,2024,12,0,0,1,Draw
2024-12-11,2024,Millwall,Sheffield United,0,1,2,2,1,-1,2024,12,0,1,0,Away Win
2024-12-11,2024,Queens Park Rangers,Oxford United,2,0,2,2,2,2,2024,12,1,0,0,Home Win
2024-12-11,2024,West Bromwich Albion,Coventry City,2,0,2,2,2,2,2024,12,1,0,0,Home Win
2024-12-13,2024,Derby County,Portsmouth,4,0,2,2,4,4,2024,12,1,0,0,Home Win
2024-12-14,2024,Arsenal,Everton,0,0,1,1,0,0,2024,12,0,0,1,Draw
2024-12-14,2024,Liverpool,Fulham,2,2,1,1,4,0,2024,12,0,0,1,Draw
2024-12-14,2024,Newcastle United,Leicester City,4,0,1,1,4,4,2024,12,1,0,0,Home Win
2024-12-14,2024,Wolverhampton Wanderers,Ipswich Town,1,2,1,1,3,-1,2024,12,0,1,0,Away Win
2024-12-14,2024,Nottingham Forest,Aston Villa,2,1,1,1,3,1,2024,12,1,0,0,Home Win
2024-12-14,2024,Bristol City,Queens Park Rangers,1,1,2,2,2,0,2024,12,0,0,1,Draw
2024-12-14,2024,Coventry City,Hull City,2,1,2,2,3,1,2024,12,1,0,0,Home Win
2024-12-14,2024,Preston North End,Leeds United,1,1,2,2,2,0,2024,12,0,0,1,Draw
2024-12-14,2024,Blackburn Rovers,Luton Town,2,0,2,2,2,2,2024,12,1,0,0,Home Win
2024-12-14,2024,Middlesbrough,Millwall,1,0,2,2,1,1,2024,12,1,0,0,Home Win
2024-12-14,2024,Oxford United,Sheffield Wednesday,1,3,2,2,4,-2,2024,12,0,1,0,Away Win
2024-12-14,2024,Sheffield United,Plymouth Argyle,2,0,2,2,2,2,2024,12,1,0,0,Home Win
2024-12-14,2024,Stoke City,Cardiff City,2,2,2,2,4,0,2024,12,0,0,1,Draw
2024-12-14,2024,Swansea City,Sunderland,2,3,2,2,5,-1,2024,12,0,1,0,Away Win
2024-12-14,2024,Bolton Wanderers,Wigan Athletic,0,2,3,3,2,-2,2024,12,0,1,0,Away Win
2024-12-14,2024,Leyton Orient,Burton Albion,0,0,3,3,0,0,2024,12,0,0,1,Draw
2024-12-14,2024,Birmingham City,Bristol Rovers,2,0,3,3,2,2,2024,12,1,0,0,Home Win
2024-12-14,2024,Charlton Athletic,Mansfield Town,0,0,3,3,0,0,2024,12,0,0,1,Draw
2024-12-14,2024,Exeter City,Barnsley,1,2,3,3,3,-1,2024,12,0,1,0,Away Win
2024-12-14,2024,Huddersfield Town,Lincoln City,2,2,3,3,4,0,2024,12,0,0,1,Draw
2024-12-14,2024,Peterborough United,Crawley Town,4,3,3,3,7,1,2024,12,1,0,0,Home Win
2024-12-14,2024,Reading,Blackpool,0,3,3,3,3,-3,2024,12,0,1,0,Away Win
2024-12-14,2024,Rotherham United,Northampton Town,3,0,3,3,3,3,2024,12,1,0,0,Home Win
2024-12-14,2024,Shrewsbury Town,Wycombe Wanderers,1,4,3,3,5,-3,2024,12,0,1,0,Away Win
2024-12-14,2024,Stevenage Borough,Stockport County,2,1,3,3,3,1,2024,12,1,0,0,Home Win
2024-12-14,2024,Wrexham,Cambridge United,2,2,3,3,4,0,2024,12,0,0,1,Draw
2024-12-14,2024,Salford City,Notts County,3,0,4,4,3,3,2024,12,1,0,0,Home Win
2024-12-14,2024,Tranmere Rovers,Harrogate Town A.F.C.,2,1,4,4,3,1,2024,12,1,0,0,Home Win
2024-12-14,2024,AFC Wimbledon,Doncaster Rovers,1,0,4,4,1,1,2024,12,1,0,0,Home Win
2024-12-14,2024,Bradford City,Swindon Town,1,0,4,4,1,1,2024,12,1,0,0,Home Win
2024-12-14,2024,Bromley,Port Vale,0,0,4,4,0,0,2024,12,0,0,1,Draw
2024-12-14,2024,Carlisle United,Chesterfield,0,2,4,4,2,-2,2024,12,0,1,0,Away Win
2024-12-14,2024,Cheltenham,Morecambe,2,0,4,4,2,2,2024,12,1,0,0,Home Win
2024-12-14,2024,Colchester United,Newport County,0,0,4,4,0,0,2024,12,0,0,1,Draw
2024-12-14,2024,Grimsby Town,Crewe Alexandra,0,2,4,4,2,-2,2024,12,0,1,0,Away Win
2024-12-14,2024,Milton Keynes Dons,Gillingham,0,1,4,4,1,-1,2024,12,0,1,0,Away Win
2024-12-14,2024,Walsall,Barrow,1,0,4,4,1,1,2024,12,1,0,0,Home Win
2024-12-15,2024,Brighton & Hove Albion,Crystal Palace,1,3,1,1,4,-2,2024,12,0,1,0,Away Win
2024-12-15,2024,Manchester City,Manchester United,1,2,1,1,3,-1,2024,12,0,1,0,Away Win
2024-12-15,2024,Chelsea,Brentford,2,1,1,1,3,1,2024,12,1,0,0,Home Win
2024-12-15,2024,Southampton,Tottenham Hotspur,0,5,1,1,5,-5,2024,12,0,1,0,Away Win
2024-12-15,2024,Watford,West Bromwich Albion,2,1,2,2,3,1,2024,12,1,0,0,Home Win
2024-12-15,2024,Norwich City,Burnley,1,2,2,2,3,-1,2024,12,0,1,0,Away Win
2024-12-16,2024,AFC Bournemouth,West Ham United,1,1,1,1,2,0,2024,12,0,0,1,Draw
2024-12-16,2024,Fleetwood Town,Accrington,1,1,4,4,2,0,2024,12,0,0,1,Draw
2024-12-20,2024,Luton Town,Derby County,2,1,2,2,3,1,2024,12,1,0,0,Home Win
2024-12-20,2024,Cambridge United,Huddersfield Town,0,4,3,3,4,-4,2024,12,0,1,0,Away Win
2024-12-20,2024,Stockport County,Peterborough United,2,1,3,3,3,1,2024,12,1,0,0,Home Win
2024-12-20,2024,Wycombe Wanderers,Bolton Wanderers,0,0,3,3,0,0,2024,12,0,0,1,Draw
2024-12-20,2024,Crewe Alexandra,Colchester United,0,0,4,4,0,0,2024,12,0,0,1,Draw
2024-12-20,2024,Gillingham,Cheltenham,2,2,4,4,4,0,2024,12,0,0,1,Draw
2024-12-21,2024,Aston Villa,Manchester City,2,1,1,1,3,1,2024,12,1,0,0,Home Win
2024-12-21,2024,Brentford,Nottingham Forest,0,2,1,1,2,-2,2024,12,0,1,0,Away Win
2024-12-21,2024,Ipswich Town,Newcastle United,0,4,1,1,4,-4,2024,12,0,1,0,Away Win
2024-12-21,2024,West Ham United,Brighton & Hove Albion,1,1,1,1,2,0,2024,12,0,0,1,Draw
2024-12-21,2024,Crystal Palace,Arsenal,1,5,1,1,6,-4,2024,12,0,1,0,Away Win
2024-12-21,2024,Hull City,Swansea City,2,1,2,2,3,1,2024,12,1,0,0,Home Win
2024-12-21,2024,Portsmouth,Coventry City,4,1,2,2,5,3,2024,12,1,0,0,Home Win
2024-12-21,2024,Sheffield Wednesday,Stoke City,2,0,2,2,2,2,2024,12,1,0,0,Home Win
2024-12-21,2024,Burnley,Watford,2,1,2,2,3,1,2024,12,1,0,0,Home Win
2024-12-21,2024,Cardiff City,Sheffield United,0,2,2,2,2,-2,2024,12,0,1,0,Away Win
2024-12-21,2024,Leeds United,Oxford United,4,0,2,2,4,4,2024,12,1,0,0,Home Win
2024-12-21,2024,Millwall,Blackburn Rovers,1,0,2,2,1,1,2024,12,1,0,0,Home Win
2024-12-21,2024,Plymouth Argyle,Middlesbrough,3,3,2,2,6,0,2024,12,0,0,1,Draw
2024-12-21,2024,Queens Park Rangers,Preston North End,2,1,2,2,3,1,2024,12,1,0,0,Home Win
2024-12-21,2024,Sunderland,Norwich City,2,1,2,2,3,1,2024,12,1,0,0,Home Win
2024-12-21,2024,Bristol Rovers,Wrexham,1,1,3,3,2,0,2024,12,0,0,1,Draw
2024-12-21,2024,Lincoln City,Reading,2,0,3,3,2,2,2024,12,1,0,0,Home Win
2024-12-21,2024,Barnsley,Leyton Orient,0,4,3,3,4,-4,2024,12,0,1,0,Away Win
2024-12-21,2024,Blackpool,Stevenage Borough,0,0,3,3,0,0,2024,12,0,0,1,Draw
2024-12-21,2024,Burton Albion,Exeter City,1,2,3,3,3,-1,2024,12,0,1,0,Away Win
2024-12-21,2024,Mansfield Town,Rotherham United,1,0,3,3,1,1,2024,12,1,0,0,Home Win
2024-12-21,2024,Northampton Town,Charlton Athletic,0,5,3,3,5,-5,2024,12,0,1,0,Away Win
2024-12-21,2024,Wigan Athletic,Shrewsbury Town,2,2,3,3,4,0,2024,12,0,0,1,Draw
2024-12-21,2024,Barrow,Fleetwood Town,2,0,4,4,2,2,2024,12,1,0,0,Home Win
2024-12-21,2024,Doncaster Rovers,Tranmere Rovers,3,1,4,4,4,2,2024,12,1,0,0,Home Win
2024-12-21,2024,Accrington,Salford City,0,2,4,4,2,-2,2024,12,0,1,0,Away Win
2024-12-21,2024,Chesterfield,AFC Wimbledon,1,0,4,4,1,1,2024,12,1,0,0,Home Win
2024-12-21,2024,Harrogate Town A.F.C.,Walsall,0,2,4,4,2,-2,2024,12,0,1,0,Away Win
2024-12-21,2024,Morecambe,Bromley,0,2,4,4,2,-2,2024,12,0,1,0,Away Win
2024-12-21,2024,Newport County,Milton Keynes Dons,6,3,4,4,9,3,2024,12,1,0,0,Home Win
2024-12-21,2024,Notts County,Bradford City,3,0,4,4,3,3,2024,12,1,0,0,Home Win
2024-12-21,2024,Port Vale,Carlisle United,0,0,4,4,0,0,2024,12,0,0,1,Draw
2024-12-21,2024,Swindon Town,Grimsby Town,3,1,4,4,4,2,2024,12,1,0,0,Home Win
2024-12-22,2024,Everton,Chelsea,0,0,1,1,0,0,2024,12,0,0,1,Draw
2024-12-22,2024,Fulham,Southampton,0,0,1,1,0,0,2024,12,0,0,1,Draw
2024-12-22,2024,Leicester City,Wolverhampton Wanderers,0,3,1,1,3,-3,2024,12,0,1,0,Away Win
2024-12-22,2024,Manchester United,AFC Bournemouth,0,3,1,1,3,-3,2024,12,0,1,0,Away Win
2024-12-22,2024,Tottenham Hotspur,Liverpool,3,6,1,1,9,-3,2024,12,0,1,0,Away Win
2024-12-22,2024,West Bromwich Albion,Bristol City,2,0,2,2,2,2,2024,12,1,0,0,Home Win
2024-12-23,2024,Crawley Town,Birmingham City,0,1,3,3,1,-1,2024,12,0,1,0,Away Win
2024-12-26,2024,Manchester City,Everton,1,1,1,1,2,0,2024,12,0,0,1,Draw
2024-12-26,2024,AFC Bournemouth,Crystal Palace,0,0,1,1,0,0,2024,12,0,0,1,Draw
2024-12-26,2024,Chelsea,Fulham,1,2,1,1,3,-1,2024,12,0,1,0,Away Win
2024-12-26,2024,Newcastle United,Aston Villa,3,0,1,1,3,3,2024,12,1,0,0,Home Win
2024-12-26,2024,Nottingham Forest,Tottenham Hotspur,1,0,1,1,1,1,2024,12,1,0,0,Home Win
2024-12-26,2024,Southampton,West Ham United,0,1,1,1,1,-1,2024,12,0,1,0,Away Win
2024-12-26,2024,Wolverhampton Wanderers,Manchester United,2,0,1,1,2,2,2024,12,1,0,0,Home Win
2024-12-26,2024,Liverpool,Leicester City,3,1,1,1,4,2,2024,12,1,0,0,Home Win
2024-12-26,2024,Blackburn Rovers,Sunderland,2,2,2,2,4,0,2024,12,0,0,1,Draw
2024-12-26,2024,Bristol City,Luton Town,1,0,2,2,1,1,2024,12,1,0,0,Home Win
2024-12-26,2024,Coventry City,Plymouth Argyle,4,0,2,2,4,4,2024,12,1,0,0,Home Win
2024-12-26,2024,Middlesbrough,Sheffield Wednesday,3,3,2,2,6,0,2024,12,0,0,1,Draw
2024-12-26,2024,Norwich City,Millwall,2,1,2,2,3,1,2024,12,1,0,0,Home Win
2024-12-26,2024,Oxford United,Cardiff City,3,2,2,2,5,1,2024,12,1,0,0,Home Win
2024-12-26,2024,Preston North End,Hull City,1,0,2,2,1,1,2024,12,1,0,0,Home Win
2024-12-26,2024,Sheffield United,Burnley,0,2,2,2,2,-2,2024,12,0,1,0,Away Win
2024-12-26,2024,Swansea City,Queens Park Rangers,3,0,2,2,3,3,2024,12,1,0,0,Home Win
2024-12-26,2024,Watford,Portsmouth,2,1,2,2,3,1,2024,12,1,0,0,Home Win
2024-12-26,2024,Derby County,West Bromwich Albion,2,1,2,2,3,1,2024,12,1,0,0,Home Win
2024-12-26,2024,Stoke City,Leeds United,0,2,2,2,2,-2,2024,12,0,1,0,Away Win
2024-12-26,2024,Leyton Orient,Crawley Town,3,0,3,3,3,3,2024,12,1,0,0,Home Win
2024-12-26,2024,Birmingham City,Burton Albion,2,0,3,3,2,2,2024,12,1,0,0,Home Win
2024-12-26,2024,Bolton Wanderers,Barnsley,1,2,3,3,3,-1,2024,12,0,1,0,Away Win
2024-12-26,2024,Charlton Athletic,Cambridge United,2,1,3,3,3,1,2024,12,1,0,0,Home Win
2024-12-26,2024,Exeter City,Bristol Rovers,3,1,3,3,4,2,2024,12,1,0,0,Home Win
2024-12-26,2024,Huddersfield Town,Stockport County,1,0,3,3,1,1,2024,12,1,0,0,Home Win
2024-12-26,2024,Peterborough United,Mansfield Town,0,3,3,3,3,-3,2024,12,0,1,0,Away Win
2024-12-26,2024,Reading,Northampton Town,4,1,3,3,5,3,2024,12,1,0,0,Home Win
2024-12-26,2024,Rotherham United,Wigan Athletic,0,1,3,3,1,-1,2024,12,0,1,0,Away Win
2024-12-26,2024,Shrewsbury Town,Lincoln City,1,0,3,3,1,1,2024,12,1,0,0,Home Win
2024-12-26,2024,Stevenage Borough,Wycombe Wanderers,0,3,3,3,3,-3,2024,12,0,1,0,Away Win
2024-12-26,2024,Wrexham,Blackpool,2,1,3,3,3,1,2024,12,1,0,0,Home Win
2024-12-26,2024,AFC Wimbledon,Swindon Town,1,1,4,4,2,0,2024,12,0,0,1,Draw
2024-12-26,2024,Bradford City,Port Vale,2,1,4,4,3,1,2024,12,1,0,0,Home Win
2024-12-26,2024,Bromley,Newport County,5,2,4,4,7,3,2024,12,1,0,0,Home Win
2024-12-26,2024,Carlisle United,Morecambe,0,1,4,4,1,-1,2024,12,0,1,0,Away Win
2024-12-26,2024,Cheltenham,Crewe Alexandra,2,1,4,4,3,1,2024,12,1,0,0,Home Win
2024-12-26,2024,Colchester United,Gillingham,2,0,4,4,2,2,2024,12,1,0,0,Home Win
2024-12-26,2024,Fleetwood Town,Chesterfield,2,0,4,4,2,2,2024,12,1,0,0,Home Win
2024-12-26,2024,Grimsby Town,Harrogate Town A.F.C.,2,1,4,4,3,1,2024,12,1,0,0,Home Win
2024-12-26,2024,Milton Keynes Dons,Notts County,0,2,4,4,2,-2,2024,12,0,1,0,Away Win
2024-12-26,2024,Salford City,Barrow,3,0,4,4,3,3,2024,12,1,0,0,Home Win
2024-12-26,2024,Walsall,Doncaster Rovers,2,0,4,4,2,2,2024,12,1,0,0,Home Win
2024-12-27,2024,Brighton & Hove Albion,Brentford,0,0,1,1,0,0,2024,12,0,0,1,Draw
2024-12-27,2024,Arsenal,Ipswich Town,1,0,1,1,1,1,2024,12,1,0,0,Home Win
2024-12-29,2024,Leicester City,Manchester City,0,2,1,1,2,-2,2024,12,0,1,0,Away Win
2024-12-29,2024,Crystal Palace,Southampton,2,1,1,1,3,1,2024,12,1,0,0,Home Win
2024-12-29,2024,Everton,Nottingham Forest,0,2,1,1,2,-2,2024,12,0,1,0,Away Win
2024-12-29,2024,Fulham,AFC Bournemouth,2,2,1,1,4,0,2024,12,0,0,1,Draw
2024-12-29,2024,Tottenham Hotspur,Wolverhampton Wanderers,2,2,1,1,4,0,2024,12,0,0,1,Draw
2024-12-29,2024,West Ham United,Liverpool,0,5,1,1,5,-5,2024,12,0,1,0,Away Win
2024-12-29,2024,Norwich City,Queens Park Rangers,1,1,2,2,2,0,2024,12,0,0,1,Draw
2024-12-29,2024,Preston North End,Sheffield Wednesday,3,1,2,2,4,2,2024,12,1,0,0,Home Win
2024-12-29,2024,Sheffield United,West Bromwich Albion,1,1,2,2,2,0,2024,12,0,0,1,Draw
2024-12-29,2024,Blackburn Rovers,Hull City,0,1,2,2,1,-1,2024,12,0,1,0,Away Win
2024-12-29,2024,Bristol City,Portsmouth,3,0,2,2,3,3,2024,12,1,0,0,Home Win
2024-12-29,2024,Coventry City,Millwall,0,0,2,2,0,0,2024,12,0,0,1,Draw
2024-12-29,2024,Oxford United,Plymouth Argyle,2,0,2,2,2,2,2024,12,1,0,0,Home Win
2024-12-29,2024,Stoke City,Sunderland,1,0,2,2,1,1,2024,12,1,0,0,Home Win
2024-12-29,2024,Swansea City,Luton Town,2,1,2,2,3,1,2024,12,1,0,0,Home Win
2024-12-29,2024,Watford,Cardiff City,1,2,2,2,3,-1,2024,12,0,1,0,Away Win
2024-12-29,2024,Derby County,Leeds United,0,1,2,2,1,-1,2024,12,0,1,0,Away Win
2024-12-29,2024,Middlesbrough,Burnley,0,0,2,2,0,0,2024,12,0,0,1,Draw
2024-12-29,2024,Charlton Athletic,Wycombe Wanderers,2,1,3,3,3,1,2024,12,1,0,0,Home Win
2024-12-29,2024,Rotherham United,Stockport County,1,1,3,3,2,0,2024,12,0,0,1,Draw
2024-12-29,2024,Birmingham City,Blackpool,0,0,3,3,0,0,2024,12,0,0,1,Draw
2024-12-29,2024,Bolton Wanderers,Lincoln City,3,0,3,3,3,3,2024,12,1,0,0,Home Win
2024-12-29,2024,Exeter City,Crawley Town,4,4,3,3,8,0,2024,12,0,0,1,Draw
2024-12-29,2024,Huddersfield Town,Burton Albion,1,1,3,3,2,0,2024,12,0,0,1,Draw
2024-12-29,2024,Leyton Orient,Cambridge United,2,0,3,3,2,2,2024,12,1,0,0,Home Win
2024-12-29,2024,Peterborough United,Barnsley,1,3,3,3,4,-2,2024,12,0,1,0,Away Win
2024-12-29,2024,Reading,Mansfield Town,2,1,3,3,3,1,2024,12,1,0,0,Home Win
2024-12-29,2024,Shrewsbury Town,Northampton Town,1,1,3,3,2,0,2024,12,0,0,1,Draw
2024-12-29,2024,Stevenage Borough,Bristol Rovers,3,0,3,3,3,3,2024,12,1,0,0,Home Win
2024-12-29,2024,Wrexham,Wigan Athletic,2,1,3,3,3,1,2024,12,1,0,0,Home Win
2024-12-29,2024,Bromley,Swindon Town,1,1,4,4,2,0,2024,12,0,0,1,Draw
2024-12-29,2024,Carlisle United,Accrington,2,1,4,4,3,1,2024,12,1,0,0,Home Win
2024-12-29,2024,Bradford City,Chesterfield,2,1,4,4,3,1,2024,12,1,0,0,Home Win
2024-12-29,2024,Cheltenham,Notts County,3,5,4,4,8,-2,2024,12,0,1,0,Away Win
2024-12-29,2024,Colchester United,Doncaster Rovers,1,1,4,4,2,0,2024,12,0,0,1,Draw
2024-12-29,2024,Fleetwood Town,Harrogate Town A.F.C.,1,1,4,4,2,0,2024,12,0,0,1,Draw
2024-12-29,2024,Grimsby Town,Port Vale,3,0,4,4,3,3,2024,12,1,0,0,Home Win
2024-12-29,2024,Milton Keynes Dons,Crewe Alexandra,1,1,4,4,2,0,2024,12,0,0,1,Draw
2024-12-29,2024,Salford City,Morecambe,1,0,4,4,1,1,2024,12,1,0,0,Home Win
2024-12-29,2024,Tranmere Rovers,Barrow,1,1,4,4,2,0,2024,12,0,0,1,Draw
2024-12-29,2024,Walsall,Newport County,2,0,4,4,2,2,2024,12,1,0,0,Home Win
2024-12-30,2024,Aston Villa,Brighton & Hove Albion,2,2,1,1,4,0,2024,12,0,0,1,Draw
2024-12-30,2024,Ipswich Town,Chelsea,2,0,1,1,2,2,2024,12,1,0,0,Home Win
2024-12-30,2024,Manchester United,Newcastle United,0,2,1,1,2,-2,2024,12,0,1,0,Away Win
2024-12-30,2024,AFC Wimbledon,Gillingham,1,0,4,4,1,1,2024,12,1,0,0,Home Win
2025-01-01,2024,Brentford,Arsenal,1,3,1,1,4,-2,2025,1,0,1,0,Away Win
2025-01-01,2024,Plymouth Argyle,Bristol City,2,2,2,2,4,0,2025,1,0,0,1,Draw
2025-01-01,2024,Queens Park Rangers,Watford,3,1,2,2,4,2,2025,1,1,0,0,Home Win
2025-01-01,2024,Millwall,Oxford United,0,1,2,2,1,-1,2025,1,0,1,0,Away Win
2025-01-01,2024,Burnley,Stoke City,0,0,2,2,0,0,2025,1,0,0,1,Draw
2025-01-01,2024,Cardiff City,Coventry City,1,1,2,2,2,0,2025,1,0,0,1,Draw
2025-01-01,2024,Leeds United,Blackburn Rovers,1,1,2,2,2,0,2025,1,0,0,1,Draw
2025-01-01,2024,Luton Town,Norwich City,0,1,2,2,1,-1,2025,1,0,1,0,Away Win
2025-01-01,2024,Portsmouth,Swansea City,4,0,2,2,4,4,2025,1,1,0,0,Home Win
2025-01-01,2024,Sheffield Wednesday,Derby County,4,2,2,2,6,2,2025,1,1,0,0,Home Win
2025-01-01,2024,West Bromwich Albion,Preston North End,3,1,2,2,4,2,2025,1,1,0,0,Home Win
2025-01-01,2024,Hull City,Middlesbrough,0,1,2,2,1,-1,2025,1,0,1,0,Away Win
2025-01-01,2024,Sunderland,Sheffield United,2,1,2,2,3,1,2025,1,1,0,0,Home Win
2025-01-01,2024,Barnsley,Wrexham,2,1,3,3,3,1,2025,1,1,0,0,Home Win
2025-01-01,2024,Blackpool,Shrewsbury Town,1,1,3,3,2,0,2025,1,0,0,1,Draw
2025-01-01,2024,Bristol Rovers,Leyton Orient,2,3,3,3,5,-1,2025,1,0,1,0,Away Win
2025-01-01,2024,Burton Albion,Peterborough United,2,2,3,3,4,0,2025,1,0,0,1,Draw
2025-01-01,2024,Cambridge United,Reading,1,3,3,3,4,-2,2025,1,0,1,0,Away Win
2025-01-01,2024,Lincoln City,Rotherham United,0,1,3,3,1,-1,2025,1,0,1,0,Away Win
2025-01-01,2024,Mansfield Town,Bolton Wanderers,2,1,3,3,3,1,2025,1,1,0,0,Home Win
2025-01-01,2024,Northampton Town,Stevenage Borough,0,0,3,3,0,0,2025,1,0,0,1,Draw
2025-01-01,2024,Stockport County,Birmingham City,1,1,3,3,2,0,2025,1,0,0,1,Draw
2025-01-01,2024,Wycombe Wanderers,Exeter City,2,1,3,3,3,1,2025,1,1,0,0,Home Win
2025-01-01,2024,Accrington,Grimsby Town,3,2,4,4,5,1,2025,1,1,0,0,Home Win
2025-01-01,2024,Barrow,Bradford City,2,2,4,4,4,0,2025,1,0,0,1,Draw
2025-01-01,2024,Chesterfield,Milton Keynes Dons,1,2,4,4,3,-1,2025,1,0,1,0,Away Win
2025-01-01,2024,Crewe Alexandra,Carlisle United,3,2,4,4,5,1,2025,1,1,0,0,Home Win
2025-01-01,2024,Doncaster Rovers,Fleetwood Town,2,1,4,4,3,1,2025,1,1,0,0,Home Win
2025-01-01,2024,Harrogate Town A.F.C.,Salford City,0,2,4,4,2,-2,2025,1,0,1,0,Away Win
2025-01-01,2024,Morecambe,Tranmere Rovers,2,0,4,4,2,2,2025,1,1,0,0,Home Win
2025-01-01,2024,Notts County,Walsall,1,2,4,4,3,-1,2025,1,0,1,0,Away Win
2025-01-01,2024,Port Vale,Cheltenham,0,0,4,4,0,0,2025,1,0,0,1,Draw
2025-01-01,2024,Swindon Town,Colchester United,3,2,4,4,5,1,2025,1,1,0,0,Home Win
2025-01-02,2024,Gillingham,Bromley,0,3,4,4,3,-3,2025,1,0,1,0,Away Win
2025-01-02,2024,Newport County,AFC Wimbledon,1,2,4,4,3,-1,2025,1,0,1,0,Away Win
2025-01-04,2024,Tottenham Hotspur,Newcastle United,1,2,1,1,3,-1,2025,1,0,1,0,Away Win
2025-01-04,2024,Aston Villa,Leicester City,2,1,1,1,3,1,2025,1,1,0,0,Home Win
2025-01-04,2024,AFC Bournemouth,Everton,1,0,1,1,1,1,2025,1,1,0,0,Home Win
2025-01-04,2024,Crystal Palace,Chelsea,1,1,1,1,2,0,2025,1,0,0,1,Draw
2025-01-04,2024,Manchester City,West Ham United,4,1,1,1,5,3,2025,1,1,0,0,Home Win
2025-01-04,2024,Southampton,Brentford,0,5,1,1,5,-5,2025,1,0,1,0,Away Win
2025-01-04,2024,Brighton & Hove Albion,Arsenal,1,1,1,1,2,0,2025,1,0,0,1,Draw
2025-01-04,2024,Blackburn Rovers,Burnley,0,1,2,2,1,-1,2025,1,0,1,0,Away Win
2025-01-04,2024,Stoke City,Plymouth Argyle,0,0,2,2,0,0,2025,1,0,0,1,Draw
2025-01-04,2024,Swansea City,West Bromwich Albion,1,1,2,2,2,0,2025,1,0,0,1,Draw
2025-01-04,2024,Bristol City,Derby County,1,0,2,2,1,1,2025,1,1,0,0,Home Win
2025-01-04,2024,Hull City,Leeds United,3,3,2,2,6,0,2025,1,0,0,1,Draw
2025-01-04,2024,Middlesbrough,Cardiff City,1,1,2,2,2,0,2025,1,0,0,1,Draw
2025-01-04,2024,Norwich City,Coventry City,2,1,2,2,3,1,2025,1,1,0,0,Home Win
2025-01-04,2024,Preston North End,Oxford United,1,1,2,2,2,0,2025,1,0,0,1,Draw
2025-01-04,2024,Sheffield Wednesday,Millwall,2,2,2,2,4,0,2025,1,0,0,1,Draw
2025-01-04,2024,Watford,Sheffield United,1,2,2,2,3,-1,2025,1,0,1,0,Away Win
2025-01-04,2024,Burton Albion,Northampton Town,0,1,3,3,1,-1,2025,1,0,1,0,Away Win
2025-01-04,2024,Cambridge United,Bristol Rovers,0,1,3,3,1,-1,2025,1,0,1,0,Away Win
2025-01-04,2024,Barnsley,Crawley Town,3,0,3,3,3,3,2025,1,1,0,0,Home Win
2025-01-04,2024,Charlton Athletic,Reading,0,0,3,3,0,0,2025,1,0,0,1,Draw
2025-01-04,2024,Exeter City,Bolton Wanderers,1,2,3,3,3,-1,2025,1,0,1,0,Away Win
2025-01-04,2024,Huddersfield Town,Rotherham United,0,0,3,3,0,0,2025,1,0,0,1,Draw
2025-01-04,2024,Leyton Orient,Shrewsbury Town,1,0,3,3,1,1,2025,1,1,0,0,Home Win
2025-01-04,2024,Lincoln City,Stevenage Borough,0,0,3,3,0,0,2025,1,0,0,1,Draw
2025-01-04,2024,Stockport County,Mansfield Town,1,2,3,3,3,-1,2025,1,0,1,0,Away Win
2025-01-04,2024,Wigan Athletic,Birmingham City,0,3,3,3,3,-3,2025,1,0,1,0,Away Win
2025-01-04,2024,Wrexham,Peterborough United,1,0,3,3,1,1,2025,1,1,0,0,Home Win
2025-01-04,2024,Wycombe Wanderers,Blackpool,1,1,3,3,2,0,2025,1,0,0,1,Draw
2025-01-04,2024,Notts County,Swindon Town,2,0,4,4,2,2,2025,1,1,0,0,Home Win
2025-01-04,2024,Bradford City,Grimsby Town,3,1,4,4,4,2,2025,1,1,0,0,Home Win
2025-01-04,2024,Barrow,Harrogate Town A.F.C.,0,2,4,4,2,-2,2025,1,0,1,0,Away Win
2025-01-04,2024,Colchester United,Accrington,0,2,4,4,2,-2,2025,1,0,1,0,Away Win
2025-01-04,2024,Doncaster Rovers,Port Vale,1,2,4,4,3,-1,2025,1,0,1,0,Away Win
2025-01-04,2024,Milton Keynes Dons,Salford City,0,1,4,4,1,-1,2025,1,0,1,0,Away Win
2025-01-04,2024,Tranmere Rovers,Carlisle United,1,0,4,4,1,1,2025,1,1,0,0,Home Win
2025-01-05,2024,Fulham,Ipswich Town,2,2,1,1,4,0,2025,1,0,0,1,Draw
2025-01-05,2024,Liverpool,Manchester United,2,2,1,1,4,0,2025,1,0,0,1,Draw
2025-01-05,2024,Sunderland,Portsmouth,1,0,2,2,1,1,2025,1,1,0,0,Home Win
2025-01-05,2024,Crewe Alexandra,Bromley,4,1,4,4,5,3,2025,1,1,0,0,Home Win
2025-01-06,2024,Wolverhampton Wanderers,Nottingham Forest,0,3,1,1,3,-3,2025,1,0,1,0,Away Win
2025-01-06,2024,Queens Park Rangers,Luton Town,2,1,2,2,3,1,2025,1,1,0,0,Home Win
2025-01-07,2024,Wycombe Wanderers,Huddersfield Town,0,1,3,3,1,-1,2025,1,0,1,0,Away Win
2025-01-11,2024,Rotherham United,Bolton Wanderers,3,1,3,3,4,2,2025,1,1,0,0,Home Win
2025-01-11,2024,Walsall,Tranmere Rovers,5,1,4,4,6,4,2025,1,1,0,0,Home Win
2025-01-11,2024,Swindon Town,Crewe Alexandra,0,0,4,4,0,0,2025,1,0,0,1,Draw
2025-01-14,2024,Brentford,Manchester City,2,2,1,1,4,0,2025,1,0,0,1,Draw
2025-01-14,2024,Chelsea,AFC Bournemouth,2,2,1,1,4,0,2025,1,0,0,1,Draw
2025-01-14,2024,West Ham United,Fulham,3,2,1,1,5,1,2025,1,1,0,0,Home Win
2025-01-14,2024,Nottingham Forest,Liverpool,1,1,1,1,2,0,2025,1,0,0,1,Draw
2025-01-14,2024,Cardiff City,Watford,1,1,2,2,2,0,2025,1,0,0,1,Draw
2025-01-14,2024,Plymouth Argyle,Oxford United,1,1,2,2,2,0,2025,1,0,0,1,Draw
2025-01-15,2024,Everton,Aston Villa,0,1,1,1,1,-1,2025,1,0,1,0,Away Win
2025-01-15,2024,Leicester City,Crystal Palace,0,2,1,1,2,-2,2025,1,0,1,0,Away Win
2025-01-15,2024,Newcastle United,Wolverhampton Wanderers,3,0,1,1,3,3,2025,1,1,0,0,Home Win
2025-01-15,2024,Arsenal,Tottenham Hotspur,2,1,1,1,3,1,2025,1,1,0,0,Home Win
2025-01-15,2024,Blackburn Rovers,Portsmouth,3,0,2,2,3,3,2025,1,1,0,0,Home Win
2025-01-16,2024,Ipswich Town,Brighton & Hove Albion,0,2,1,1,2,-2,2025,1,0,1,0,Away Win
2025-01-16,2024,Manchester United,Southampton,3,1,1,1,4,2,2025,1,1,0,0,Home Win
2025-01-16,2024,Shrewsbury Town,Wrexham,2,1,3,3,3,1,2025,1,1,0,0,Home Win
2025-01-17,2024,Burnley,Sunderland,0,0,2,2,0,0,2025,1,0,0,1,Draw
2025-01-17,2024,Harrogate Town A.F.C.,Cheltenham,2,0,4,4,2,2,2025,1,1,0,0,Home Win
2025-01-18,2024,Newcastle United,AFC Bournemouth,1,4,1,1,5,-3,2025,1,0,1,0,Away Win
2025-01-18,2024,Brentford,Liverpool,0,2,1,1,2,-2,2025,1,0,1,0,Away Win
2025-01-18,2024,Leicester City,Fulham,0,2,1,1,2,-2,2025,1,0,1,0,Away Win
2025-01-18,2024,West Ham United,Crystal Palace,0,2,1,1,2,-2,2025,1,0,1,0,Away Win
2025-01-18,2024,Arsenal,Aston Villa,2,2,1,1,4,0,2025,1,0,0,1,Draw
2025-01-18,2024,Cardiff City,Swansea City,3,0,2,2,3,3,2025,1,1,0,0,Home Win
2025-01-18,2024,Millwall,Hull City,0,1,2,2,1,-1,2025,1,0,1,0,Away Win
2025-01-18,2024,Plymouth Argyle,Queens Park Rangers,0,1,2,2,1,-1,2025,1,0,1,0,Away Win
2025-01-18,2024,Coventry City,Bristol City,1,0,2,2,1,1,2025,1,1,0,0,Home Win
2025-01-18,2024,Derby County,Watford,0,2,2,2,2,-2,2025,1,0,1,0,Away Win
2025-01-18,2024,Luton Town,Preston North End,0,0,2,2,0,0,2025,1,0,0,1,Draw
2025-01-18,2024,Oxford United,Blackburn Rovers,1,0,2,2,1,1,2025,1,1,0,0,Home Win
2025-01-18,2024,Portsmouth,Middlesbrough,2,1,2,2,3,1,2025,1,1,0,0,Home Win
2025-01-18,2024,Sheffield United,Norwich City,2,0,2,2,2,2,2025,1,1,0,0,Home Win
2025-01-18,2024,West Bromwich Albion,Stoke City,1,1,2,2,2,0,2025,1,0,0,1,Draw
2025-01-18,2024,Blackpool,Huddersfield Town,2,2,3,3,4,0,2025,1,0,0,1,Draw
2025-01-18,2024,Peterborough United,Leyton Orient,0,0,3,3,0,0,2025,1,0,0,1,Draw
2025-01-18,2024,Northampton Town,Lincoln City,0,1,3,3,1,-1,2025,1,0,1,0,Away Win
2025-01-18,2024,Birmingham City,Exeter City,1,0,3,3,1,1,2025,1,1,0,0,Home Win
2025-01-18,2024,Bolton Wanderers,Cambridge United,2,2,3,3,4,0,2025,1,0,0,1,Draw
2025-01-18,2024,Bristol Rovers,Barnsley,3,1,3,3,4,2,2025,1,1,0,0,Home Win
2025-01-18,2024,Crawley Town,Burton Albion,1,1,3,3,2,0,2025,1,0,0,1,Draw
2025-01-18,2024,Mansfield Town,Wycombe Wanderers,1,2,3,3,3,-1,2025,1,0,1,0,Away Win
2025-01-18,2024,Reading,Stockport County,1,3,3,3,4,-2,2025,1,0,1,0,Away Win
2025-01-18,2024,Rotherham United,Charlton Athletic,4,2,3,3,6,2,2025,1,1,0,0,Home Win
2025-01-18,2024,Stevenage Borough,Wigan Athletic,1,2,3,3,3,-1,2025,1,0,1,0,Away Win
2025-01-18,2024,Carlisle United,Bradford City,0,1,4,4,1,-1,2025,1,0,1,0,Away Win
2025-01-18,2024,Gillingham,Doncaster Rovers,0,1,4,4,1,-1,2025,1,0,1,0,Away Win
2025-01-18,2024,Accrington,Notts County,0,3,4,4,3,-3,2025,1,0,1,0,Away Win
2025-01-18,2024,AFC Wimbledon,Tranmere Rovers,2,0,4,4,2,2,2025,1,1,0,0,Home Win
2025-01-18,2024,Bromley,Colchester United,0,1,4,4,1,-1,2025,1,0,1,0,Away Win
2025-01-18,2024,Grimsby Town,Chesterfield,1,1,4,4,2,0,2025,1,0,0,1,Draw
2025-01-18,2024,Morecambe,Crewe Alexandra,0,1,4,4,1,-1,2025,1,0,1,0,Away Win
2025-01-18,2024,Port Vale,Newport County,3,2,4,4,5,1,2025,1,1,0,0,Home Win
2025-01-18,2024,Salford City,Fleetwood Town,0,2,4,4,2,-2,2025,1,0,1,0,Away Win
2025-01-18,2024,Swindon Town,Barrow,2,0,4,4,2,2,2025,1,1,0,0,Home Win
2025-01-18,2024,Walsall,Milton Keynes Dons,4,2,4,4,6,2,2025,1,1,0,0,Home Win
2025-01-19,2024,Everton,Tottenham Hotspur,3,2,1,1,5,1,2025,1,1,0,0,Home Win
2025-01-19,2024,Manchester United,Brighton & Hove Albion,1,3,1,1,4,-2,2025,1,0,1,0,Away Win
2025-01-19,2024,Nottingham Forest,Southampton,3,2,1,1,5,1,2025,1,1,0,0,Home Win
2025-01-19,2024,Ipswich Town,Manchester City,0,6,1,1,6,-6,2025,1,0,1,0,Away Win
2025-01-19,2024,Leeds United,Sheffield Wednesday,3,0,2,2,3,3,2025,1,1,0,0,Home Win
2025-01-20,2024,Chelsea,Wolverhampton Wanderers,3,1,1,1,4,2,2025,1,1,0,0,Home Win
2025-01-21,2024,Blackburn Rovers,Coventry City,0,2,2,2,2,-2,2025,1,0,1,0,Away Win
2025-01-21,2024,Derby County,Sunderland,0,1,2,2,1,-1,2025,1,0,1,0,Away Win
2025-01-21,2024,Hull City,Queens Park Rangers,1,2,2,2,3,-1,2025,1,0,1,0,Away Win
2025-01-21,2024,Middlesbrough,West Bromwich Albion,2,0,2,2,2,2,2025,1,1,0,0,Home Win
2025-01-21,2024,Oxford United,Luton Town,3,2,2,2,5,1,2025,1,1,0,0,Home Win
2025-01-21,2024,Swansea City,Sheffield United,1,2,2,2,3,-1,2025,1,0,1,0,Away Win
2025-01-21,2024,Watford,Preston North End,1,2,2,2,3,-1,2025,1,0,1,0,Away Win
2025-01-21,2024,Millwall,Cardiff City,2,2,2,2,4,0,2025,1,0,0,1,Draw
2025-01-21,2024,Bolton Wanderers,Charlton Athletic,1,2,3,3,3,-1,2025,1,0,1,0,Away Win
2025-01-21,2024,Peterborough United,Exeter City,1,1,3,3,2,0,2025,1,0,0,1,Draw
2025-01-21,2024,Wigan Athletic,Burton Albion,1,2,3,3,3,-1,2025,1,0,1,0,Away Win
2025-01-21,2024,Fleetwood Town,Milton Keynes Dons,2,1,4,4,3,1,2025,1,1,0,0,Home Win
2025-01-21,2024,Harrogate Town A.F.C.,Colchester United,0,0,4,4,0,0,2025,1,0,0,1,Draw
2025-01-22,2024,Leeds United,Norwich City,2,0,2,2,2,2,2025,1,1,0,0,Home Win
2025-01-22,2024,Portsmouth,Stoke City,3,1,2,2,4,2,2025,1,1,0,0,Home Win
2025-01-22,2024,Sheffield Wednesday,Bristol City,2,2,2,2,4,0,2025,1,0,0,1,Draw
2025-01-22,2024,Plymouth Argyle,Burnley,0,5,2,2,5,-5,2025,1,0,1,0,Away Win
2025-01-23,2024,Wrexham,Birmingham City,1,1,3,3,2,0,2025,1,0,0,1,Draw
2025-01-24,2024,Sheffield United,Hull City,0,3,2,2,3,-3,2025,1,0,1,0,Away Win
2025-01-24,2024,Newport County,Swindon Town,1,2,4,4,3,-1,2025,1,0,1,0,Away Win
2025-01-25,2024,AFC Bournemouth,Nottingham Forest,5,0,1,1,5,5,2025,1,1,0,0,Home Win
2025-01-25,2024,Brighton & Hove Albion,Everton,0,1,1,1,1,-1,2025,1,0,1,0,Away Win
2025-01-25,2024,Liverpool,Ipswich Town,4,1,1,1,5,3,2025,1,1,0,0,Home Win
2025-01-25,2024,Southampton,Newcastle United,1,3,1,1,4,-2,2025,1,0,1,0,Away Win
2025-01-25,2024,Wolverhampton Wanderers,Arsenal,0,1,1,1,1,-1,2025,1,0,1,0,Away Win
2025-01-25,2024,Manchester City,Chelsea,3,1,1,1,4,2,2025,1,1,0,0,Home Win
2025-01-25,2024,Luton Town,Millwall,0,1,2,2,1,-1,2025,1,0,1,0,Away Win
2025-01-25,2024,Norwich City,Swansea City,5,1,2,2,6,4,2025,1,1,0,0,Home Win
2025-01-25,2024,Stoke City,Oxford United,0,0,2,2,0,0,2025,1,0,0,1,Draw
2025-01-25,2024,Bristol City,Blackburn Rovers,2,1,2,2,3,1,2025,1,1,0,0,Home Win
2025-01-25,2024,Cardiff City,Derby County,2,1,2,2,3,1,2025,1,1,0,0,Home Win
2025-01-25,2024,Coventry City,Watford,2,1,2,2,3,1,2025,1,1,0,0,Home Win
2025-01-25,2024,Preston North End,Middlesbrough,2,1,2,2,3,1,2025,1,1,0,0,Home Win
2025-01-25,2024,Queens Park Rangers,Sheffield Wednesday,0,2,2,2,2,-2,2025,1,0,1,0,Away Win
2025-01-25,2024,Sunderland,Plymouth Argyle,2,2,2,2,4,0,2025,1,0,0,1,Draw
2025-01-25,2024,West Bromwich Albion,Portsmouth,5,1,2,2,6,4,2025,1,1,0,0,Home Win
2025-01-25,2024,Cambridge United,Mansfield Town,3,2,3,3,5,1,2025,1,1,0,0,Home Win
2025-01-25,2024,Huddersfield Town,Bolton Wanderers,0,1,3,3,1,-1,2025,1,0,1,0,Away Win
2025-01-25,2024,Barnsley,Stevenage Borough,0,1,3,3,1,-1,2025,1,0,1,0,Away Win
2025-01-25,2024,Burton Albion,Rotherham United,4,2,3,3,6,2,2025,1,1,0,0,Home Win
2025-01-25,2024,Charlton Athletic,Shrewsbury Town,1,0,3,3,1,1,2025,1,1,0,0,Home Win
2025-01-25,2024,Exeter City,Blackpool,1,3,3,3,4,-2,2025,1,0,1,0,Away Win
2025-01-25,2024,Leyton Orient,Reading,2,0,3,3,2,2,2025,1,1,0,0,Home Win
2025-01-25,2024,Lincoln City,Peterborough United,5,1,3,3,6,4,2025,1,1,0,0,Home Win
2025-01-25,2024,Stockport County,Crawley Town,2,0,3,3,2,2,2025,1,1,0,0,Home Win
2025-01-25,2024,Wigan Athletic,Bristol Rovers,2,0,3,3,2,2,2025,1,1,0,0,Home Win
2025-01-25,2024,Wycombe Wanderers,Northampton Town,0,0,3,3,0,0,2025,1,0,0,1,Draw
2025-01-25,2024,Bradford City,Walsall,3,0,4,4,3,3,2025,1,1,0,0,Home Win
2025-01-25,2024,Milton Keynes Dons,AFC Wimbledon,0,0,4,4,0,0,2025,1,0,0,1,Draw
2025-01-25,2024,Barrow,Grimsby Town,3,0,4,4,3,3,2025,1,1,0,0,Home Win
2025-01-25,2024,Cheltenham,Salford City,2,1,4,4,3,1,2025,1,1,0,0,Home Win
2025-01-25,2024,Chesterfield,Port Vale,1,1,4,4,2,0,2025,1,0,0,1,Draw
2025-01-25,2024,Colchester United,Morecambe,1,0,4,4,1,1,2025,1,1,0,0,Home Win
2025-01-25,2024,Crewe Alexandra,Accrington,0,1,4,4,1,-1,2025,1,0,1,0,Away Win
2025-01-25,2024,Doncaster Rovers,Harrogate Town A.F.C.,1,0,4,4,1,1,2025,1,1,0,0,Home Win
2025-01-25,2024,Fleetwood Town,Carlisle United,1,2,4,4,3,-1,2025,1,0,1,0,Away Win
2025-01-25,2024,Notts County,Bromley,1,1,4,4,2,0,2025,1,0,0,1,Draw
2025-01-25,2024,Tranmere Rovers,Gillingham,1,1,4,4,2,0,2025,1,0,0,1,Draw
2025-01-26,2024,Crystal Palace,Brentford,1,2,1,1,3,-1,2025,1,0,1,0,Away Win
2025-01-26,2024,Tottenham Hotspur,Leicester City,1,2,1,1,3,-1,2025,1,0,1,0,Away Win
2025-01-26,2024,Aston Villa,West Ham United,1,1,1,1,2,0,2025,1,0,0,1,Draw
2025-01-26,2024,Fulham,Manchester United,0,1,1,1,1,-1,2025,1,0,1,0,Away Win
2025-01-27,2024,Burnley,Leeds United,0,0,2,2,0,0,2025,1,0,0,1,Draw
2025-01-28,2024,Portsmouth,Millwall,0,1,2,2,1,-1,2025,1,0,1,0,Away Win
2025-01-28,2024,Bolton Wanderers,Northampton Town,3,1,3,3,4,2,2025,1,1,0,0,Home Win
2025-01-28,2024,Burton Albion,Reading,3,2,3,3,5,1,2025,1,1,0,0,Home Win
2025-01-28,2024,Charlton Athletic,Bristol Rovers,2,0,3,3,2,2,2025,1,1,0,0,Home Win
2025-01-28,2024,Exeter City,Leyton Orient,2,6,3,3,8,-4,2025,1,0,1,0,Away Win
2025-01-28,2024,Lincoln City,Blackpool,0,2,3,3,2,-2,2025,1,0,1,0,Away Win
2025-01-28,2024,Mansfield Town,Crawley Town,0,1,3,3,1,-1,2025,1,0,1,0,Away Win
2025-01-28,2024,Peterborough United,Wigan Athletic,1,0,3,3,1,1,2025,1,1,0,0,Home Win
2025-01-28,2024,Rotherham United,Cambridge United,2,1,3,3,3,1,2025,1,1,0,0,Home Win
2025-01-28,2024,Stockport County,Shrewsbury Town,1,0,3,3,1,1,2025,1,1,0,0,Home Win
2025-01-28,2024,Wrexham,Stevenage Borough,2,3,3,3,5,-1,2025,1,0,1,0,Away Win
2025-01-28,2024,Wycombe Wanderers,Barnsley,2,1,3,3,3,1,2025,1,1,0,0,Home Win
2025-01-28,2024,Huddersfield Town,Birmingham City,0,1,3,3,1,-1,2025,1,0,1,0,Away Win
2025-01-28,2024,Accrington,Cheltenham,0,0,4,4,0,0,2025,1,0,0,1,Draw
2025-01-28,2024,Bradford City,Morecambe,1,0,4,4,1,1,2025,1,1,0,0,Home Win
2025-01-28,2024,Chesterfield,Bromley,3,0,4,4,3,3,2025,1,1,0,0,Home Win
2025-01-28,2024,Crewe Alexandra,AFC Wimbledon,1,1,4,4,2,0,2025,1,0,0,1,Draw
2025-01-28,2024,Fleetwood Town,Walsall,2,0,4,4,2,2,2025,1,1,0,0,Home Win
2025-01-28,2024,Grimsby Town,Gillingham,1,1,4,4,2,0,2025,1,0,0,1,Draw
2025-01-28,2024,Milton Keynes Dons,Harrogate Town A.F.C.,2,1,4,4,3,1,2025,1,1,0,0,Home Win
2025-01-28,2024,Notts County,Carlisle United,1,0,4,4,1,1,2025,1,1,0,0,Home Win
2025-01-28,2024,Salford City,Newport County,1,1,4,4,2,0,2025,1,0,0,1,Draw
2025-01-28,2024,Swindon Town,Tranmere Rovers,3,1,4,4,4,2,2025,1,1,0,0,Home Win
2025-01-29,2024,Barrow,Doncaster Rovers,1,3,4,4,4,-2,2025,1,0,1,0,Away Win
2025-01-31,2024,Blackburn Rovers,Preston North End,2,1,2,2,3,1,2025,1,1,0,0,Home Win
2025-02-01,2024,Nottingham Forest,Brighton & Hove Albion,7,0,1,1,7,7,2025,2,1,0,0,Home Win
2025-02-01,2024,AFC Bournemouth,Liverpool,0,2,1,1,2,-2,2025,2,0,1,0,Away Win
2025-02-01,2024,Everton,Leicester City,4,0,1,1,4,4,2025,2,1,0,0,Home Win
2025-02-01,2024,Ipswich Town,Southampton,1,2,1,1,3,-1,2025,2,0,1,0,Away Win
2025-02-01,2024,Newcastle United,Fulham,1,2,1,1,3,-1,2025,2,0,1,0,Away Win
2025-02-01,2024,Wolverhampton Wanderers,Aston Villa,2,0,1,1,2,2,2025,2,1,0,0,Home Win
2025-02-01,2024,Oxford United,Bristol City,1,1,2,2,2,0,2025,2,0,0,1,Draw
2025-02-01,2024,Plymouth Argyle,West Bromwich Albion,2,1,2,2,3,1,2025,2,1,0,0,Home Win
2025-02-01,2024,Watford,Norwich City,0,1,2,2,1,-1,2025,2,0,1,0,Away Win
2025-02-01,2024,Derby County,Sheffield United,0,1,2,2,1,-1,2025,2,0,1,0,Away Win
2025-02-01,2024,Hull City,Stoke City,1,2,2,2,3,-1,2025,2,0,1,0,Away Win
2025-02-01,2024,Leeds United,Cardiff City,7,0,2,2,7,7,2025,2,1,0,0,Home Win
2025-02-01,2024,Millwall,Queens Park Rangers,2,1,2,2,3,1,2025,2,1,0,0,Home Win
2025-02-01,2024,Portsmouth,Burnley,0,0,2,2,0,0,2025,2,0,0,1,Draw
2025-02-01,2024,Sheffield Wednesday,Luton Town,1,1,2,2,2,0,2025,2,0,0,1,Draw
2025-02-01,2024,Swansea City,Coventry City,0,2,2,2,2,-2,2025,2,0,1,0,Away Win
2025-02-01,2024,Barnsley,Burton Albion,0,0,3,3,0,0,2025,2,0,0,1,Draw
2025-02-01,2024,Stevenage Borough,Exeter City,4,1,3,3,5,3,2025,2,1,0,0,Home Win
2025-02-01,2024,Birmingham City,Rotherham United,2,1,3,3,3,1,2025,2,1,0,0,Home Win
2025-02-01,2024,Blackpool,Charlton Athletic,2,2,3,3,4,0,2025,2,0,0,1,Draw
2025-02-01,2024,Cambridge United,Wycombe Wanderers,1,1,3,3,2,0,2025,2,0,0,1,Draw
2025-02-01,2024,Crawley Town,Wrexham,1,2,3,3,3,-1,2025,2,0,1,0,Away Win
2025-02-01,2024,Leyton Orient,Stockport County,0,1,3,3,1,-1,2025,2,0,1,0,Away Win
2025-02-01,2024,Northampton Town,Huddersfield Town,3,2,3,3,5,1,2025,2,1,0,0,Home Win
2025-02-01,2024,Reading,Bolton Wanderers,1,0,3,3,1,1,2025,2,1,0,0,Home Win
2025-02-01,2024,Shrewsbury Town,Mansfield Town,2,1,3,3,3,1,2025,2,1,0,0,Home Win
2025-02-01,2024,Wigan Athletic,Lincoln City,1,1,3,3,2,0,2025,2,0,0,1,Draw
2025-02-01,2024,Cheltenham,Chesterfield,1,0,4,4,1,1,2025,2,1,0,0,Home Win
2025-02-01,2024,Gillingham,Notts County,1,2,4,4,3,-1,2025,2,0,1,0,Away Win
2025-02-01,2024,AFC Wimbledon,Bradford City,1,0,4,4,1,1,2025,2,1,0,0,Home Win
2025-02-01,2024,Bromley,Grimsby Town,0,2,4,4,2,-2,2025,2,0,1,0,Away Win
2025-02-01,2024,Carlisle United,Swindon Town,1,5,4,4,6,-4,2025,2,0,1,0,Away Win
2025-02-01,2024,Doncaster Rovers,Milton Keynes Dons,2,1,4,4,3,1,2025,2,1,0,0,Home Win
2025-02-01,2024,Harrogate Town A.F.C.,Crewe Alexandra,1,1,4,4,2,0,2025,2,0,0,1,Draw
2025-02-01,2024,Morecambe,Fleetwood Town,4,2,4,4,6,2,2025,2,1,0,0,Home Win
2025-02-01,2024,Newport County,Barrow,1,0,4,4,1,1,2025,2,1,0,0,Home Win
2025-02-01,2024,Port Vale,Accrington,2,1,4,4,3,1,2025,2,1,0,0,Home Win
2025-02-01,2024,Tranmere Rovers,Colchester United,1,3,4,4,4,-2,2025,2,0,1,0,Away Win
2025-02-01,2024,Walsall,Salford City,2,2,4,4,4,0,2025,2,0,0,1,Draw
2025-02-02,2024,Brentford,Tottenham Hotspur,0,2,1,1,2,-2,2025,2,0,1,0,Away Win
2025-02-02,2024,Manchester United,Crystal Palace,0,2,1,1,2,-2,2025,2,0,1,0,Away Win
2025-02-02,2024,Arsenal,Manchester City,5,1,1,1,6,4,2025,2,1,0,0,Home Win
2025-02-02,2024,Bristol Rovers,Peterborough United,3,1,3,3,4,2,2025,2,1,0,0,Home Win
2025-02-03,2024,Chelsea,West Ham United,2,1,1,1,3,1,2025,2,1,0,0,Home Win
2025-02-03,2024,Middlesbrough,Sunderland,2,3,2,2,5,-1,2025,2,0,1,0,Away Win
2025-02-04,2024,Burnley,Oxford United,1,0,2,2,1,1,2025,2,1,0,0,Home Win
2025-02-04,2024,Queens Park Rangers,Blackburn Rovers,2,1,2,2,3,1,2025,2,1,0,0,Home Win
2025-02-04,2024,Newport County,Morecambe,2,1,4,4,3,1,2025,2,1,0,0,Home Win
2025-02-04,2024,Salford City,Bromley,3,3,4,4,6,0,2025,2,0,0,1,Draw
2025-02-05,2024,Coventry City,Leeds United,0,2,2,2,2,-2,2025,2,0,1,0,Away Win
2025-02-06,2024,Chesterfield,Doncaster Rovers,5,2,4,4,7,3,2025,2,1,0,0,Home Win
2025-02-07,2024,Mansfield Town,Northampton Town,0,1,3,3,1,-1,2025,2,0,1,0,Away Win
2025-02-08,2024,Sunderland,Watford,2,2,2,2,4,0,2025,2,0,0,1,Draw
2025-02-08,2024,West Bromwich Albion,Sheffield Wednesday,2,1,2,2,3,1,2025,2,1,0,0,Home Win
2025-02-08,2024,Norwich City,Derby County,1,1,2,2,2,0,2025,2,0,0,1,Draw
2025-02-08,2024,Sheffield United,Portsmouth,2,1,2,2,3,1,2025,2,1,0,0,Home Win
2025-02-08,2024,Charlton Athletic,Stevenage Borough,2,0,3,3,2,2,2025,2,1,0,0,Home Win
2025-02-08,2024,Stockport County,Barnsley,2,1,3,3,3,1,2025,2,1,0,0,Home Win
2025-02-08,2024,Bolton Wanderers,Crawley Town,4,3,3,3,7,1,2025,2,1,0,0,Home Win
2025-02-08,2024,Burton Albion,Blackpool,1,1,3,3,2,0,2025,2,0,0,1,Draw
2025-02-08,2024,Huddersfield Town,Reading,0,0,3,3,0,0,2025,2,0,0,1,Draw
2025-02-08,2024,Lincoln City,Cambridge United,1,1,3,3,2,0,2025,2,0,0,1,Draw
2025-02-08,2024,Rotherham United,Shrewsbury Town,1,2,3,3,3,-1,2025,2,0,1,0,Away Win
2025-02-08,2024,Bradford City,Harrogate Town A.F.C.,1,0,4,4,1,1,2025,2,1,0,0,Home Win
2025-02-08,2024,Swindon Town,Port Vale,3,3,4,4,6,0,2025,2,0,0,1,Draw
2025-02-08,2024,Accrington,AFC Wimbledon,0,0,4,4,0,0,2025,2,0,0,1,Draw
2025-02-08,2024,Barrow,Gillingham,3,0,4,4,3,3,2025,2,1,0,0,Home Win
2025-02-08,2024,Colchester United,Walsall,2,1,4,4,3,1,2025,2,1,0,0,Home Win
2025-02-08,2024,Crewe Alexandra,Newport County,0,3,4,4,3,-3,2025,2,0,1,0,Away Win
2025-02-08,2024,Fleetwood Town,Cheltenham,2,0,4,4,2,2,2025,2,1,0,0,Home Win
2025-02-08,2024,Grimsby Town,Carlisle United,2,1,4,4,3,1,2025,2,1,0,0,Home Win
2025-02-08,2024,Milton Keynes Dons,Bromley,0,1,4,4,1,-1,2025,2,0,1,0,Away Win
2025-02-08,2024,Notts County,Morecambe,2,0,4,4,2,2,2025,2,1,0,0,Home Win
2025-02-08,2024,Salford City,Tranmere Rovers,2,0,4,4,2,2,2025,2,1,0,0,Home Win
2025-02-09,2024,Bristol City,Swansea City,0,1,2,2,1,-1,2025,2,0,1,0,Away Win
2025-02-11,2024,Coventry City,Queens Park Rangers,1,0,2,2,1,1,2025,2,1,0,0,Home Win
2025-02-11,2024,Derby County,Oxford United,0,0,2,2,0,0,2025,2,0,0,1,Draw
2025-02-11,2024,Portsmouth,Cardiff City,2,1,2,2,3,1,2025,2,1,0,0,Home Win
2025-02-11,2024,Watford,Leeds United,0,4,2,2,4,-4,2025,2,0,1,0,Away Win
2025-02-11,2024,Norwich City,Preston North End,0,1,2,2,1,-1,2025,2,0,1,0,Away Win
2025-02-11,2024,Birmingham City,Cambridge United,4,0,3,3,4,4,2025,2,1,0,0,Home Win
2025-02-11,2024,Blackpool,Rotherham United,0,0,3,3,0,0,2025,2,0,0,1,Draw
2025-02-11,2024,Bristol Rovers,Stockport County,1,1,3,3,2,0,2025,2,0,0,1,Draw
2025-02-11,2024,Charlton Athletic,Peterborough United,2,1,3,3,3,1,2025,2,1,0,0,Home Win
2025-02-11,2024,Crawley Town,Stevenage Borough,3,1,3,3,4,2,2025,2,1,0,0,Home Win
2025-02-11,2024,Leyton Orient,Mansfield Town,3,0,3,3,3,3,2025,2,1,0,0,Home Win
2025-02-11,2024,Reading,Shrewsbury Town,1,1,3,3,2,0,2025,2,0,0,1,Draw
2025-02-11,2024,AFC Wimbledon,Crewe Alexandra,3,0,4,4,3,3,2025,2,1,0,0,Home Win
2025-02-11,2024,Barrow,Milton Keynes Dons,2,1,4,4,3,1,2025,2,1,0,0,Home Win
2025-02-11,2024,Bradford City,Accrington,1,0,4,4,1,1,2025,2,1,0,0,Home Win
2025-02-11,2024,Newport County,Carlisle United,1,0,4,4,1,1,2025,2,1,0,0,Home Win
2025-02-11,2024,Tranmere Rovers,Fleetwood Town,0,0,4,4,0,0,2025,2,0,0,1,Draw
2025-02-11,2024,Walsall,Gillingham,1,1,4,4,2,0,2025,2,0,0,1,Draw
2025-02-12,2024,Everton,Liverpool,2,2,1,1,4,0,2025,2,0,0,1,Draw
2025-02-12,2024,Bristol City,Stoke City,2,0,2,2,2,2,2025,2,1,0,0,Home Win
2025-02-12,2024,Burnley,Hull City,2,0,2,2,2,2,2025,2,1,0,0,Home Win
2025-02-12,2024,Plymouth Argyle,Millwall,5,1,2,2,6,4,2025,2,1,0,0,Home Win
2025-02-12,2024,Sunderland,Luton Town,2,0,2,2,2,2,2025,2,1,0,0,Home Win
2025-02-12,2024,Swansea City,Sheffield Wednesday,0,1,2,2,1,-1,2025,2,0,1,0,Away Win
2025-02-12,2024,Sheffield United,Middlesbrough,3,1,2,2,4,2,2025,2,1,0,0,Home Win
2025-02-12,2024,West Bromwich Albion,Blackburn Rovers,0,2,2,2,2,-2,2025,2,0,1,0,Away Win
2025-02-13,2024,Port Vale,Notts County,1,0,4,4,1,1,2025,2,1,0,0,Home Win
2025-02-14,2024,Brighton & Hove Albion,Chelsea,3,0,1,1,3,3,2025,2,1,0,0,Home Win
2025-02-14,2024,Queens Park Rangers,Derby County,4,0,2,2,4,4,2025,2,1,0,0,Home Win
2025-02-15,2024,Leicester City,Arsenal,0,2,1,1,2,-2,2025,2,0,1,0,Away Win
2025-02-15,2024,Aston Villa,Ipswich Town,1,1,1,1,2,0,2025,2,0,0,1,Draw
2025-02-15,2024,Fulham,Nottingham Forest,2,1,1,1,3,1,2025,2,1,0,0,Home Win
2025-02-15,2024,Manchester City,Newcastle United,4,0,1,1,4,4,2025,2,1,0,0,Home Win
2025-02-15,2024,Southampton,AFC Bournemouth,1,3,1,1,4,-2,2025,2,0,1,0,Away Win
2025-02-15,2024,West Ham United,Brentford,0,1,1,1,1,-1,2025,2,0,1,0,Away Win
2025-02-15,2024,Crystal Palace,Everton,1,2,1,1,3,-1,2025,2,0,1,0,Away Win
2025-02-15,2024,Cardiff City,Bristol City,1,1,2,2,2,0,2025,2,0,0,1,Draw
2025-02-15,2024,Oxford United,Portsmouth,0,2,2,2,2,-2,2025,2,0,1,0,Away Win
2025-02-15,2024,Preston North End,Burnley,0,0,2,2,0,0,2025,2,0,0,1,Draw
2025-02-15,2024,Blackburn Rovers,Plymouth Argyle,2,0,2,2,2,2,2025,2,1,0,0,Home Win
2025-02-15,2024,Hull City,Norwich City,1,1,2,2,2,0,2025,2,0,0,1,Draw
2025-02-15,2024,Luton Town,Sheffield United,0,1,2,2,1,-1,2025,2,0,1,0,Away Win
2025-02-15,2024,Middlesbrough,Watford,0,1,2,2,1,-1,2025,2,0,1,0,Away Win
2025-02-15,2024,Millwall,West Bromwich Albion,1,1,2,2,2,0,2025,2,0,0,1,Draw
2025-02-15,2024,Sheffield Wednesday,Coventry City,1,2,2,2,3,-1,2025,2,0,1,0,Away Win
2025-02-15,2024,Stoke City,Swansea City,3,1,2,2,4,2,2025,2,1,0,0,Home Win
2025-02-15,2024,Cambridge United,Exeter City,0,1,3,3,1,-1,2025,2,0,1,0,Away Win
2025-02-15,2024,Northampton Town,Wrexham,0,2,3,3,2,-2,2025,2,0,1,0,Away Win
2025-02-15,2024,Barnsley,Huddersfield Town,1,2,3,3,3,-1,2025,2,0,1,0,Away Win
2025-02-15,2024,Birmingham City,Charlton Athletic,1,0,3,3,1,1,2025,2,1,0,0,Home Win
2025-02-15,2024,Blackpool,Mansfield Town,3,3,3,3,6,0,2025,2,0,0,1,Draw
2025-02-15,2024,Bristol Rovers,Burton Albion,3,1,3,3,4,2,2025,2,1,0,0,Home Win
2025-02-15,2024,Crawley Town,Wycombe Wanderers,1,1,3,3,2,0,2025,2,0,0,1,Draw
2025-02-15,2024,Leyton Orient,Lincoln City,3,2,3,3,5,1,2025,2,1,0,0,Home Win
2025-02-15,2024,Reading,Rotherham United,2,1,3,3,3,1,2025,2,1,0,0,Home Win
2025-02-15,2024,Shrewsbury Town,Bolton Wanderers,2,3,3,3,5,-1,2025,2,0,1,0,Away Win
2025-02-15,2024,Stevenage Borough,Peterborough United,1,1,3,3,2,0,2025,2,0,0,1,Draw
2025-02-15,2024,Wigan Athletic,Stockport County,0,2,3,3,2,-2,2025,2,0,1,0,Away Win
2025-02-15,2024,AFC Wimbledon,Salford City,1,0,4,4,1,1,2025,2,1,0,0,Home Win
2025-02-15,2024,Doncaster Rovers,Grimsby Town,1,2,4,4,3,-1,2025,2,0,1,0,Away Win
2025-02-15,2024,Bromley,Fleetwood Town,1,0,4,4,1,1,2025,2,1,0,0,Home Win
2025-02-15,2024,Carlisle United,Colchester United,0,0,4,4,0,0,2025,2,0,0,1,Draw
2025-02-15,2024,Cheltenham,Barrow,3,2,4,4,5,1,2025,2,1,0,0,Home Win
2025-02-15,2024,Gillingham,Crewe Alexandra,0,0,4,4,0,0,2025,2,0,0,1,Draw
2025-02-15,2024,Harrogate Town A.F.C.,Swindon Town,1,0,4,4,1,1,2025,2,1,0,0,Home Win
2025-02-15,2024,Morecambe,Accrington,2,0,4,4,2,2,2025,2,1,0,0,Home Win
2025-02-15,2024,Newport County,Bradford City,0,0,4,4,0,0,2025,2,0,0,1,Draw
2025-02-15,2024,Tranmere Rovers,Milton Keynes Dons,1,1,4,4,2,0,2025,2,0,0,1,Draw
2025-02-15,2024,Walsall,Chesterfield,3,1,4,4,4,2,2025,2,1,0,0,Home Win
2025-02-16,2024,Liverpool,Wolverhampton Wanderers,2,1,1,1,3,1,2025,2,1,0,0,Home Win
2025-02-16,2024,Tottenham Hotspur,Manchester United,1,0,1,1,1,1,2025,2,1,0,0,Home Win
2025-02-17,2024,Leeds United,Sunderland,2,1,2,2,3,1,2025,2,1,0,0,Home Win
2025-02-18,2024,Preston North End,Millwall,1,1,2,2,2,0,2025,2,0,0,1,Draw
2025-02-18,2024,Crawley Town,Wigan Athletic,1,1,3,3,2,0,2025,2,0,0,1,Draw
2025-02-18,2024,Mansfield Town,Lincoln City,0,3,3,3,3,-3,2025,2,0,1,0,Away Win
2025-02-18,2024,Shrewsbury Town,Huddersfield Town,0,1,3,3,1,-1,2025,2,0,1,0,Away Win
2025-02-18,2024,Stevenage Borough,Burton Albion,0,1,3,3,1,-1,2025,2,0,1,0,Away Win
2025-02-18,2024,Wrexham,Leyton Orient,1,2,3,3,3,-1,2025,2,0,1,0,Away Win
2025-02-18,2024,Wycombe Wanderers,Bristol Rovers,2,0,3,3,2,2,2025,2,1,0,0,Home Win
2025-02-18,2024,Fleetwood Town,AFC Wimbledon,0,0,4,4,0,0,2025,2,0,0,1,Draw
2025-02-18,2024,Morecambe,Doncaster Rovers,0,1,4,4,1,-1,2025,2,0,1,0,Away Win
2025-02-18,2024,Notts County,Colchester United,1,1,4,4,2,0,2025,2,0,0,1,Draw
2025-02-19,2024,Aston Villa,Liverpool,2,2,1,1,4,0,2025,2,0,0,1,Draw
2025-02-19,2024,Luton Town,Plymouth Argyle,1,1,2,2,2,0,2025,2,0,0,1,Draw
2025-02-21,2024,Leicester City,Brentford,0,4,1,1,4,-4,2025,2,0,1,0,Away Win
2025-02-21,2024,Bristol City,Middlesbrough,2,1,2,2,3,1,2025,2,1,0,0,Home Win
2025-02-21,2024,Burnley,Sheffield Wednesday,4,0,2,2,4,4,2025,2,1,0,0,Home Win
2025-02-22,2024,Everton,Manchester United,2,2,1,1,4,0,2025,2,0,0,1,Draw
2025-02-22,2024,Arsenal,West Ham United,0,1,1,1,1,-1,2025,2,0,1,0,Away Win
2025-02-22,2024,AFC Bournemouth,Wolverhampton Wanderers,0,1,1,1,1,-1,2025,2,0,1,0,Away Win
2025-02-22,2024,Fulham,Crystal Palace,0,2,1,1,2,-2,2025,2,0,1,0,Away Win
2025-02-22,2024,Ipswich Town,Tottenham Hotspur,1,4,1,1,5,-3,2025,2,0,1,0,Away Win
2025-02-22,2024,Southampton,Brighton & Hove Albion,0,4,1,1,4,-4,2025,2,0,1,0,Away Win
2025-02-22,2024,Aston Villa,Chelsea,2,1,1,1,3,1,2025,2,1,0,0,Home Win
2025-02-22,2024,Derby County,Millwall,0,1,2,2,1,-1,2025,2,0,1,0,Away Win
2025-02-22,2024,Plymouth Argyle,Cardiff City,1,1,2,2,2,0,2025,2,0,0,1,Draw
2025-02-22,2024,Sunderland,Hull City,0,1,2,2,1,-1,2025,2,0,1,0,Away Win
2025-02-22,2024,Coventry City,Preston North End,2,1,2,2,3,1,2025,2,1,0,0,Home Win
2025-02-22,2024,Norwich City,Stoke City,4,2,2,2,6,2,2025,2,1,0,0,Home Win
2025-02-22,2024,Portsmouth,Queens Park Rangers,2,1,2,2,3,1,2025,2,1,0,0,Home Win
2025-02-22,2024,Swansea City,Blackburn Rovers,3,0,2,2,3,3,2025,2,1,0,0,Home Win
2025-02-22,2024,West Bromwich Albion,Oxford United,2,0,2,2,2,2,2025,2,1,0,0,Home Win
2025-02-22,2024,Reading,Birmingham City,0,0,3,3,0,0,2025,2,0,0,1,Draw
2025-02-22,2024,Rotherham United,Barnsley,0,1,3,3,1,-1,2025,2,0,1,0,Away Win
2025-02-22,2024,Blackpool,Crawley Town,3,1,3,3,4,2,2025,2,1,0,0,Home Win
2025-02-22,2024,Bolton Wanderers,Leyton Orient,2,1,3,3,3,1,2025,2,1,0,0,Home Win
2025-02-22,2024,Cambridge United,Stockport County,2,0,3,3,2,2,2025,2,1,0,0,Home Win
2025-02-22,2024,Charlton Athletic,Exeter City,3,0,3,3,3,3,2025,2,1,0,0,Home Win
2025-02-22,2024,Huddersfield Town,Peterborough United,0,1,3,3,1,-1,2025,2,0,1,0,Away Win
2025-02-22,2024,Lincoln City,Burton Albion,0,1,3,3,1,-1,2025,2,0,1,0,Away Win
2025-02-22,2024,Northampton Town,Bristol Rovers,2,1,3,3,3,1,2025,2,1,0,0,Home Win
2025-02-22,2024,Shrewsbury Town,Stevenage Borough,0,1,3,3,1,-1,2025,2,0,1,0,Away Win
2025-02-22,2024,Wycombe Wanderers,Wigan Athletic,0,0,3,3,0,0,2025,2,0,0,1,Draw
2025-02-22,2024,Crewe Alexandra,Barrow,3,0,4,4,3,3,2025,2,1,0,0,Home Win
2025-02-22,2024,Morecambe,Walsall,0,2,4,4,2,-2,2025,2,0,1,0,Away Win
2025-02-22,2024,Accrington,Doncaster Rovers,1,2,4,4,3,-1,2025,2,0,1,0,Away Win
2025-02-22,2024,Bradford City,Milton Keynes Dons,2,0,4,4,2,2,2025,2,1,0,0,Home Win
2025-02-22,2024,Bromley,Harrogate Town A.F.C.,2,0,4,4,2,2,2025,2,1,0,0,Home Win
2025-02-22,2024,Carlisle United,Gillingham,0,0,4,4,0,0,2025,2,0,0,1,Draw
2025-02-22,2024,Colchester United,AFC Wimbledon,1,1,4,4,2,0,2025,2,0,0,1,Draw
2025-02-22,2024,Grimsby Town,Fleetwood Town,2,1,4,4,3,1,2025,2,1,0,0,Home Win
2025-02-22,2024,Newport County,Cheltenham,0,3,4,4,3,-3,2025,2,0,1,0,Away Win
2025-02-22,2024,Notts County,Tranmere Rovers,2,1,4,4,3,1,2025,2,1,0,0,Home Win
2025-02-22,2024,Port Vale,Salford City,2,1,4,4,3,1,2025,2,1,0,0,Home Win
2025-02-22,2024,Swindon Town,Chesterfield,1,0,4,4,1,1,2025,2,1,0,0,Home Win
2025-02-23,2024,Newcastle United,Nottingham Forest,4,3,1,1,7,1,2025,2,1,0,0,Home Win
2025-02-23,2024,Manchester City,Liverpool,0,2,1,1,2,-2,2025,2,0,1,0,Away Win
2025-02-23,2024,Watford,Luton Town,2,0,2,2,2,2,2025,2,1,0,0,Home Win
2025-02-23,2024,Mansfield Town,Wrexham,1,2,3,3,3,-1,2025,2,0,1,0,Away Win
2025-02-24,2024,Sheffield United,Leeds United,1,3,2,2,4,-2,2025,2,0,1,0,Away Win
2025-02-25,2024,Brighton & Hove Albion,AFC Bournemouth,2,1,1,1,3,1,2025,2,1,0,0,Home Win
2025-02-25,2024,Crystal Palace,Aston Villa,4,1,1,1,5,3,2025,2,1,0,0,Home Win
2025-02-25,2024,Wolverhampton Wanderers,Fulham,1,2,1,1,3,-1,2025,2,0,1,0,Away Win
2025-02-25,2024,Chelsea,Southampton,4,0,1,1,4,4,2025,2,1,0,0,Home Win
2025-02-25,2024,Cardiff City,Hull City,1,0,2,2,1,1,2025,2,1,0,0,Home Win
2025-02-25,2024,Stoke City,Middlesbrough,1,3,2,2,4,-2,2025,2,0,1,0,Away Win
2025-02-25,2024,Birmingham City,Leyton Orient,2,0,3,3,2,2,2025,2,1,0,0,Home Win
2025-02-25,2024,Northampton Town,Barnsley,1,2,3,3,3,-1,2025,2,0,1,0,Away Win
2025-02-25,2024,Wigan Athletic,Huddersfield Town,2,1,3,3,3,1,2025,2,1,0,0,Home Win
2025-02-25,2024,Bromley,Bradford City,0,1,4,4,1,-1,2025,2,0,1,0,Away Win
2025-02-25,2024,Cheltenham,Walsall,2,2,4,4,4,0,2025,2,0,0,1,Draw
2025-02-25,2024,Gillingham,Fleetwood Town,1,2,4,4,3,-1,2025,2,0,1,0,Away Win
2025-02-25,2024,Tranmere Rovers,Accrington,0,1,4,4,1,-1,2025,2,0,1,0,Away Win
2025-02-26,2024,Brentford,Everton,1,1,1,1,2,0,2025,2,0,0,1,Draw
2025-02-26,2024,Manchester United,Ipswich Town,3,2,1,1,5,1,2025,2,1,0,0,Home Win
2025-02-26,2024,Nottingham Forest,Arsenal,0,0,1,1,0,0,2025,2,0,0,1,Draw
2025-02-26,2024,Tottenham Hotspur,Manchester City,0,1,1,1,1,-1,2025,2,0,1,0,Away Win
2025-02-26,2024,Liverpool,Newcastle United,2,0,1,1,2,2,2025,2,1,0,0,Home Win
2025-02-27,2024,West Ham United,Leicester City,2,0,1,1,2,2,2025,2,1,0,0,Home Win
2025-02-27,2024,Barrow,Carlisle United,0,1,4,4,1,-1,2025,2,0,1,0,Away Win
2025-02-28,2024,Sheffield Wednesday,Sunderland,1,2,2,2,3,-1,2025,2,0,1,0,Away Win
2025-03-01,2024,Blackburn Rovers,Norwich City,1,1,2,2,2,0,2025,3,0,0,1,Draw
2025-03-01,2024,Leeds United,West Bromwich Albion,1,1,2,2,2,0,2025,3,0,0,1,Draw
2025-03-01,2024,Oxford United,Coventry City,2,3,2,2,5,-1,2025,3,0,1,0,Away Win
2025-03-01,2024,Luton Town,Portsmouth,1,0,2,2,1,1,2025,3,1,0,0,Home Win
2025-03-01,2024,Middlesbrough,Derby County,1,0,2,2,1,1,2025,3,1,0,0,Home Win
2025-03-01,2024,Queens Park Rangers,Sheffield United,1,2,2,2,3,-1,2025,3,0,1,0,Away Win
2025-03-01,2024,Stoke City,Watford,0,0,2,2,0,0,2025,3,0,0,1,Draw
2025-03-01,2024,Birmingham City,Wycombe Wanderers,1,0,3,3,1,1,2025,3,1,0,0,Home Win
2025-03-01,2024,Wrexham,Bolton Wanderers,0,0,3,3,0,0,2025,3,0,0,1,Draw
2025-03-01,2024,Barnsley,Lincoln City,4,3,3,3,7,1,2025,3,1,0,0,Home Win
2025-03-01,2024,Bristol Rovers,Rotherham United,2,3,3,3,5,-1,2025,3,0,1,0,Away Win
2025-03-01,2024,Burton Albion,Mansfield Town,1,1,3,3,2,0,2025,3,0,0,1,Draw
2025-03-01,2024,Crawley Town,Cambridge United,0,2,3,3,2,-2,2025,3,0,1,0,Away Win
2025-03-01,2024,Exeter City,Northampton Town,1,1,3,3,2,0,2025,3,0,0,1,Draw
2025-03-01,2024,Leyton Orient,Charlton Athletic,1,2,3,3,3,-1,2025,3,0,1,0,Away Win
2025-03-01,2024,Peterborough United,Shrewsbury Town,3,1,3,3,4,2,2025,3,1,0,0,Home Win
2025-03-01,2024,Stevenage Borough,Huddersfield Town,1,2,3,3,3,-1,2025,3,0,1,0,Away Win
2025-03-01,2024,Stockport County,Blackpool,2,1,3,3,3,1,2025,3,1,0,0,Home Win
2025-03-01,2024,Wigan Athletic,Reading,1,2,3,3,3,-1,2025,3,0,1,0,Away Win
2025-03-01,2024,Salford City,Bradford City,1,2,4,4,3,-1,2025,3,0,1,0,Away Win
2025-03-01,2024,Tranmere Rovers,Port Vale,1,1,4,4,2,0,2025,3,0,0,1,Draw
2025-03-01,2024,AFC Wimbledon,Bromley,0,1,4,4,1,-1,2025,3,0,1,0,Away Win
2025-03-01,2024,Cheltenham,Grimsby Town,1,1,4,4,2,0,2025,3,0,0,1,Draw
2025-03-01,2024,Chesterfield,Crewe Alexandra,1,3,4,4,4,-2,2025,3,0,1,0,Away Win
2025-03-01,2024,Doncaster Rovers,Newport County,3,0,4,4,3,3,2025,3,1,0,0,Home Win
2025-03-01,2024,Fleetwood Town,Notts County,2,2,4,4,4,0,2025,3,0,0,1,Draw
2025-03-01,2024,Gillingham,Morecambe,1,0,4,4,1,1,2025,3,1,0,0,Home Win
2025-03-01,2024,Harrogate Town A.F.C.,Accrington,2,1,4,4,3,1,2025,3,1,0,0,Home Win
2025-03-01,2024,Milton Keynes Dons,Colchester United,0,1,4,4,1,-1,2025,3,0,1,0,Away Win
2025-03-01,2024,Walsall,Swindon Town,0,1,4,4,1,-1,2025,3,0,1,0,Away Win
2025-03-04,2024,Cardiff City,Burnley,1,2,2,2,3,-1,2025,3,0,1,0,Away Win
2025-03-04,2024,Hull City,Plymouth Argyle,2,0,2,2,2,2,2025,3,1,0,0,Home Win
2025-03-04,2024,Millwall,Bristol City,0,2,2,2,2,-2,2025,3,0,1,0,Away Win
2025-03-04,2024,Preston North End,Swansea City,0,0,2,2,0,0,2025,3,0,0,1,Draw
2025-03-04,2024,Blackpool,Peterborough United,0,0,3,3,0,0,2025,3,0,0,1,Draw
2025-03-04,2024,Bolton Wanderers,Birmingham City,3,1,3,3,4,2,2025,3,1,0,0,Home Win
2025-03-04,2024,Cambridge United,Stevenage Borough,0,1,3,3,1,-1,2025,3,0,1,0,Away Win
2025-03-04,2024,Charlton Athletic,Barnsley,1,0,3,3,1,1,2025,3,1,0,0,Home Win
2025-03-04,2024,Huddersfield Town,Wrexham,0,1,3,3,1,-1,2025,3,0,1,0,Away Win
2025-03-04,2024,Lincoln City,Crawley Town,4,1,3,3,5,3,2025,3,1,0,0,Home Win
2025-03-04,2024,Mansfield Town,Wigan Athletic,0,0,3,3,0,0,2025,3,0,0,1,Draw
2025-03-04,2024,Northampton Town,Stockport County,1,1,3,3,2,0,2025,3,0,0,1,Draw
2025-03-04,2024,Rotherham United,Leyton Orient,1,0,3,3,1,1,2025,3,1,0,0,Home Win
2025-03-04,2024,Shrewsbury Town,Bristol Rovers,0,0,3,3,0,0,2025,3,0,0,1,Draw
2025-03-04,2024,Reading,Exeter City,0,0,3,3,0,0,2025,3,0,0,1,Draw
2025-03-04,2024,Wycombe Wanderers,Burton Albion,2,0,3,3,2,2,2025,3,1,0,0,Home Win
2025-03-04,2024,Accrington,Milton Keynes Dons,2,0,4,4,2,2,2025,3,1,0,0,Home Win
2025-03-04,2024,Bradford City,Cheltenham,3,0,4,4,3,3,2025,3,1,0,0,Home Win
2025-03-04,2024,Bromley,Doncaster Rovers,1,0,4,4,1,1,2025,3,1,0,0,Home Win
2025-03-04,2024,Carlisle United,Walsall,1,1,4,4,2,0,2025,3,0,0,1,Draw
2025-03-04,2024,Colchester United,Chesterfield,1,0,4,4,1,1,2025,3,1,0,0,Home Win
2025-03-04,2024,Crewe Alexandra,Fleetwood Town,1,4,4,4,5,-3,2025,3,0,1,0,Away Win
2025-03-04,2024,Grimsby Town,Tranmere Rovers,1,1,4,4,2,0,2025,3,0,0,1,Draw
2025-03-04,2024,Morecambe,AFC Wimbledon,1,0,4,4,1,1,2025,3,1,0,0,Home Win
2025-03-04,2024,Newport County,Gillingham,3,1,4,4,4,2,2025,3,1,0,0,Home Win
2025-03-04,2024,Notts County,Barrow,1,2,4,4,3,-1,2025,3,0,1,0,Away Win
2025-03-04,2024,Port Vale,Harrogate Town A.F.C.,0,0,4,4,0,0,2025,3,0,0,1,Draw
2025-03-04,2024,Swindon Town,Salford City,2,2,4,4,4,0,2025,3,0,0,1,Draw
2025-03-07,2024,Norwich City,Oxford United,1,1,2,2,2,0,2025,3,0,0,1,Draw
2025-03-08,2024,Nottingham Forest,Manchester City,1,0,1,1,1,1,2025,3,1,0,0,Home Win
2025-03-08,2024,Brighton & Hove Albion,Fulham,2,1,1,1,3,1,2025,3,1,0,0,Home Win
2025-03-08,2024,Crystal Palace,Ipswich Town,1,0,1,1,1,1,2025,3,1,0,0,Home Win
2025-03-08,2024,Liverpool,Southampton,3,1,1,1,4,2,2025,3,1,0,0,Home Win
2025-03-08,2024,Brentford,Aston Villa,0,1,1,1,1,-1,2025,3,0,1,0,Away Win
2025-03-08,2024,Wolverhampton Wanderers,Everton,1,1,1,1,2,0,2025,3,0,0,1,Draw
2025-03-08,2024,Coventry City,Stoke City,3,2,2,2,5,1,2025,3,1,0,0,Home Win
2025-03-08,2024,Watford,Millwall,1,2,2,2,3,-1,2025,3,0,1,0,Away Win
2025-03-08,2024,Bristol City,Hull City,1,1,2,2,2,0,2025,3,0,0,1,Draw
2025-03-08,2024,Burnley,Luton Town,4,0,2,2,4,4,2025,3,1,0,0,Home Win
2025-03-08,2024,Derby County,Blackburn Rovers,2,1,2,2,3,1,2025,3,1,0,0,Home Win
2025-03-08,2024,Plymouth Argyle,Sheffield Wednesday,0,3,2,2,3,-3,2025,3,0,1,0,Away Win
2025-03-08,2024,Sheffield United,Preston North End,1,0,2,2,1,1,2025,3,1,0,0,Home Win
2025-03-08,2024,Sunderland,Cardiff City,2,1,2,2,3,1,2025,3,1,0,0,Home Win
2025-03-08,2024,Swansea City,Middlesbrough,1,0,2,2,1,1,2025,3,1,0,0,Home Win
2025-03-08,2024,West Bromwich Albion,Queens Park Rangers,1,0,2,2,1,1,2025,3,1,0,0,Home Win
2025-03-08,2024,Crawley Town,Reading,1,1,3,3,2,0,2025,3,0,0,1,Draw
2025-03-08,2024,Stockport County,Charlton Athletic,0,0,3,3,0,0,2025,3,0,0,1,Draw
2025-03-08,2024,Barnsley,Blackpool,0,3,3,3,3,-3,2025,3,0,1,0,Away Win
2025-03-08,2024,Birmingham City,Lincoln City,1,0,3,3,1,1,2025,3,1,0,0,Home Win
2025-03-08,2024,Bristol Rovers,Huddersfield Town,1,0,3,3,1,1,2025,3,1,0,0,Home Win
2025-03-08,2024,Burton Albion,Bolton Wanderers,1,2,3,3,3,-1,2025,3,0,1,0,Away Win
2025-03-08,2024,Exeter City,Shrewsbury Town,2,0,3,3,2,2,2025,3,1,0,0,Home Win
2025-03-08,2024,Leyton Orient,Northampton Town,1,2,3,3,3,-1,2025,3,0,1,0,Away Win
2025-03-08,2024,Peterborough United,Wycombe Wanderers,1,1,3,3,2,0,2025,3,0,0,1,Draw
2025-03-08,2024,Stevenage Borough,Mansfield Town,1,1,3,3,2,0,2025,3,0,0,1,Draw
2025-03-08,2024,Wigan Athletic,Cambridge United,1,0,3,3,1,1,2025,3,1,0,0,Home Win
2025-03-08,2024,Wrexham,Rotherham United,1,0,3,3,1,1,2025,3,1,0,0,Home Win
2025-03-08,2024,AFC Wimbledon,Notts County,2,0,4,4,2,2,2025,3,1,0,0,Home Win
2025-03-08,2024,Walsall,Grimsby Town,1,3,4,4,4,-2,2025,3,0,1,0,Away Win
2025-03-08,2024,Barrow,Accrington,2,0,4,4,2,2,2025,3,1,0,0,Home Win
2025-03-08,2024,Cheltenham,Colchester United,0,1,4,4,1,-1,2025,3,0,1,0,Away Win
2025-03-08,2024,Chesterfield,Newport County,2,1,4,4,3,1,2025,3,1,0,0,Home Win
2025-03-08,2024,Doncaster Rovers,Swindon Town,2,2,4,4,4,0,2025,3,0,0,1,Draw
2025-03-08,2024,Fleetwood Town,Port Vale,1,1,4,4,2,0,2025,3,0,0,1,Draw
2025-03-08,2024,Gillingham,Bradford City,1,0,4,4,1,1,2025,3,1,0,0,Home Win
2025-03-08,2024,Harrogate Town A.F.C.,Carlisle United,1,0,4,4,1,1,2025,3,1,0,0,Home Win
2025-03-08,2024,Milton Keynes Dons,Morecambe,2,1,4,4,3,1,2025,3,1,0,0,Home Win
2025-03-08,2024,Salford City,Crewe Alexandra,1,1,4,4,2,0,2025,3,0,0,1,Draw
2025-03-08,2024,Tranmere Rovers,Bromley,2,1,4,4,3,1,2025,3,1,0,0,Home Win
2025-03-09,2024,Chelsea,Leicester City,1,0,1,1,1,1,2025,3,1,0,0,Home Win
2025-03-09,2024,Tottenham Hotspur,AFC Bournemouth,2,2,1,1,4,0,2025,3,0,0,1,Draw
2025-03-09,2024,Manchester United,Arsenal,1,1,1,1,2,0,2025,3,0,0,1,Draw
2025-03-09,2024,Portsmouth,Leeds United,1,0,2,2,1,1,2025,3,1,0,0,Home Win
2025-03-10,2024,West Ham United,Newcastle United,0,1,1,1,1,-1,2025,3,0,1,0,Away Win
2025-03-11,2024,Burnley,West Bromwich Albion,1,1,2,2,2,0,2025,3,0,0,1,Draw
2025-03-11,2024,Cardiff City,Luton Town,1,2,2,2,3,-1,2025,3,0,1,0,Away Win
2025-03-11,2024,Derby County,Coventry City,2,0,2,2,2,2,2025,3,1,0,0,Home Win
2025-03-11,2024,Middlesbrough,Queens Park Rangers,2,1,2,2,3,1,2025,3,1,0,0,Home Win
2025-03-11,2024,Norwich City,Sheffield Wednesday,2,3,2,2,5,-1,2025,3,0,1,0,Away Win
2025-03-11,2024,Sunderland,Preston North End,1,1,2,2,2,0,2025,3,0,0,1,Draw
2025-03-11,2024,Sheffield United,Bristol City,1,1,2,2,2,0,2025,3,0,0,1,Draw
2025-03-11,2024,Birmingham City,Stevenage Borough,2,1,3,3,3,1,2025,3,1,0,0,Home Win
2025-03-11,2024,Blackpool,Cambridge United,2,1,3,3,3,1,2025,3,1,0,0,Home Win
2025-03-11,2024,Bristol Rovers,Bolton Wanderers,3,2,3,3,5,1,2025,3,1,0,0,Home Win
2025-03-11,2024,Crawley Town,Charlton Athletic,0,1,3,3,1,-1,2025,3,0,1,0,Away Win
2025-03-11,2024,Exeter City,Mansfield Town,2,0,3,3,2,2,2025,3,1,0,0,Home Win
2025-03-11,2024,Reading,Wrexham,2,0,3,3,2,2,2025,3,1,0,0,Home Win
2025-03-11,2024,Accrington,Newport County,5,0,4,4,5,5,2025,3,1,0,0,Home Win
2025-03-11,2024,AFC Wimbledon,Cheltenham,1,2,4,4,3,-1,2025,3,0,1,0,Away Win
2025-03-11,2024,Colchester United,Port Vale,2,1,4,4,3,1,2025,3,1,0,0,Home Win
2025-03-11,2024,Grimsby Town,Notts County,0,2,4,4,2,-2,2025,3,0,1,0,Away Win
2025-03-11,2024,Salford City,Chesterfield,0,4,4,4,4,-4,2025,3,0,1,0,Away Win
2025-03-12,2024,Hull City,Oxford United,2,1,2,2,3,1,2025,3,1,0,0,Home Win
2025-03-12,2024,Leeds United,Millwall,2,0,2,2,2,2,2025,3,1,0,0,Home Win
2025-03-12,2024,Portsmouth,Plymouth Argyle,1,2,2,2,3,-1,2025,3,0,1,0,Away Win
2025-03-12,2024,Watford,Swansea City,1,0,2,2,1,1,2025,3,1,0,0,Home Win
2025-03-12,2024,Stoke City,Blackburn Rovers,1,0,2,2,1,1,2025,3,1,0,0,Home Win
2025-03-13,2024,Bromley,Walsall,2,2,4,4,4,0,2025,3,0,0,1,Draw
2025-03-14,2024,Bristol City,Norwich City,2,1,2,2,3,1,2025,3,1,0,0,Home Win
2025-03-15,2024,Everton,West Ham United,1,1,1,1,2,0,2025,3,0,0,1,Draw
2025-03-15,2024,Ipswich Town,Nottingham Forest,2,4,1,1,6,-2,2025,3,0,1,0,Away Win
2025-03-15,2024,Manchester City,Brighton & Hove Albion,2,2,1,1,4,0,2025,3,0,0,1,Draw
2025-03-15,2024,Southampton,Wolverhampton Wanderers,1,2,1,1,3,-1,2025,3,0,1,0,Away Win
2025-03-15,2024,AFC Bournemouth,Brentford,1,2,1,1,3,-1,2025,3,0,1,0,Away Win
2025-03-15,2024,Millwall,Stoke City,1,0,2,2,1,1,2025,3,1,0,0,Home Win
2025-03-15,2024,Queens Park Rangers,Leeds United,2,2,2,2,4,0,2025,3,0,0,1,Draw
2025-03-15,2024,Blackburn Rovers,Cardiff City,1,2,2,2,3,-1,2025,3,0,1,0,Away Win
2025-03-15,2024,Coventry City,Sunderland,3,0,2,2,3,3,2025,3,1,0,0,Home Win
2025-03-15,2024,Luton Town,Middlesbrough,0,0,2,2,0,0,2025,3,0,0,1,Draw
2025-03-15,2024,Oxford United,Watford,1,0,2,2,1,1,2025,3,1,0,0,Home Win
2025-03-15,2024,Plymouth Argyle,Derby County,2,3,2,2,5,-1,2025,3,0,1,0,Away Win
2025-03-15,2024,Preston North End,Portsmouth,2,1,2,2,3,1,2025,3,1,0,0,Home Win
2025-03-15,2024,Swansea City,Burnley,0,2,2,2,2,-2,2025,3,0,1,0,Away Win
2025-03-15,2024,West Bromwich Albion,Hull City,1,1,2,2,2,0,2025,3,0,0,1,Draw
2025-03-15,2024,Bolton Wanderers,Stockport County,0,1,3,3,1,-1,2025,3,0,1,0,Away Win
2025-03-15,2024,Cambridge United,Peterborough United,0,1,3,3,1,-1,2025,3,0,1,0,Away Win
2025-03-15,2024,Blackpool,Leyton Orient,1,2,3,3,3,-1,2025,3,0,1,0,Away Win
2025-03-15,2024,Charlton Athletic,Wigan Athletic,2,1,3,3,3,1,2025,3,1,0,0,Home Win
2025-03-15,2024,Huddersfield Town,Crawley Town,5,1,3,3,6,4,2025,3,1,0,0,Home Win
2025-03-15,2024,Lincoln City,Bristol Rovers,5,0,3,3,5,5,2025,3,1,0,0,Home Win
2025-03-15,2024,Mansfield Town,Barnsley,2,1,3,3,3,1,2025,3,1,0,0,Home Win
2025-03-15,2024,Northampton Town,Birmingham City,1,1,3,3,2,0,2025,3,0,0,1,Draw
2025-03-15,2024,Reading,Stevenage Borough,1,1,3,3,2,0,2025,3,0,0,1,Draw
2025-03-15,2024,Rotherham United,Exeter City,1,1,3,3,2,0,2025,3,0,0,1,Draw
2025-03-15,2024,Shrewsbury Town,Burton Albion,0,2,3,3,2,-2,2025,3,0,1,0,Away Win
2025-03-15,2024,Wycombe Wanderers,Wrexham,0,1,3,3,1,-1,2025,3,0,1,0,Away Win
2025-03-15,2024,Crewe Alexandra,Doncaster Rovers,1,1,4,4,2,0,2025,3,0,0,1,Draw
2025-03-15,2024,Swindon Town,Cheltenham,3,3,4,4,6,0,2025,3,0,0,1,Draw
2025-03-15,2024,Accrington,Gillingham,1,1,4,4,2,0,2025,3,0,0,1,Draw
2025-03-15,2024,Bradford City,Tranmere Rovers,0,1,4,4,1,-1,2025,3,0,1,0,Away Win
2025-03-15,2024,Carlisle United,AFC Wimbledon,1,2,4,4,3,-1,2025,3,0,1,0,Away Win
2025-03-15,2024,Colchester United,Fleetwood Town,3,0,4,4,3,3,2025,3,1,0,0,Home Win
2025-03-15,2024,Grimsby Town,Salford City,0,1,4,4,1,-1,2025,3,0,1,0,Away Win
2025-03-15,2024,Morecambe,Barrow,2,2,4,4,4,0,2025,3,0,0,1,Draw
2025-03-15,2024,Newport County,Harrogate Town A.F.C.,3,0,4,4,3,3,2025,3,1,0,0,Home Win
2025-03-15,2024,Notts County,Chesterfield,1,2,4,4,3,-1,2025,3,0,1,0,Away Win
2025-03-15,2024,Port Vale,Milton Keynes Dons,3,0,4,4,3,3,2025,3,1,0,0,Home Win
2025-03-16,2024,Arsenal,Chelsea,1,0,1,1,1,1,2025,3,1,0,0,Home Win
2025-03-16,2024,Fulham,Tottenham Hotspur,2,0,1,1,2,2,2025,3,1,0,0,Home Win
2025-03-16,2024,Leicester City,Manchester United,0,3,1,1,3,-3,2025,3,0,1,0,Away Win
2025-03-16,2024,Sheffield Wednesday,Sheffield United,0,1,2,2,1,-1,2025,3,0,1,0,Away Win
2025-03-18,2024,Rotherham United,Wycombe Wanderers,2,3,3,3,5,-1,2025,3,0,1,0,Away Win
2025-03-22,2024,Barnsley,Cambridge United,1,1,3,3,2,0,2025,3,0,0,1,Draw
2025-03-22,2024,Crawley Town,Bristol Rovers,1,0,3,3,1,1,2025,3,1,0,0,Home Win
2025-03-22,2024,Lincoln City,Exeter City,0,0,3,3,0,0,2025,3,0,0,1,Draw
2025-03-22,2024,Northampton Town,Blackpool,0,2,3,3,2,-2,2025,3,0,1,0,Away Win
2025-03-22,2024,Peterborough United,Charlton Athletic,3,0,3,3,3,3,2025,3,1,0,0,Home Win
2025-03-22,2024,Wrexham,Stockport County,1,0,3,3,1,1,2025,3,1,0,0,Home Win
2025-03-22,2024,Notts County,Crewe Alexandra,0,0,4,4,0,0,2025,3,0,0,1,Draw
2025-03-22,2024,AFC Wimbledon,Barrow,2,2,4,4,4,0,2025,3,0,0,1,Draw
2025-03-22,2024,Bradford City,Colchester United,4,1,4,4,5,3,2025,3,1,0,0,Home Win
2025-03-22,2024,Carlisle United,Bromley,2,1,4,4,3,1,2025,3,1,0,0,Home Win
2025-03-22,2024,Cheltenham,Milton Keynes Dons,0,1,4,4,1,-1,2025,3,0,1,0,Away Win
2025-03-22,2024,Chesterfield,Harrogate Town A.F.C.,0,0,4,4,0,0,2025,3,0,0,1,Draw
2025-03-22,2024,Fleetwood Town,Tranmere Rovers,0,0,4,4,0,0,2025,3,0,0,1,Draw
2025-03-22,2024,Gillingham,Walsall,0,0,4,4,0,0,2025,3,0,0,1,Draw
2025-03-22,2024,Grimsby Town,Newport County,1,0,4,4,1,1,2025,3,1,0,0,Home Win
2025-03-22,2024,Port Vale,Morecambe,1,0,4,4,1,1,2025,3,1,0,0,Home Win
2025-03-22,2024,Swindon Town,Accrington,0,0,4,4,0,0,2025,3,0,0,1,Draw
2025-03-25,2024,Port Vale,Barrow,0,1,4,4,1,-1,2025,3,0,1,0,Away Win
2025-03-25,2024,Carlisle United,Milton Keynes Dons,2,2,4,4,4,0,2025,3,0,0,1,Draw
2025-03-27,2024,Leyton Orient,Stevenage Borough,1,0,3,3,1,1,2025,3,1,0,0,Home Win
2025-03-28,2024,Sheffield United,Coventry City,3,1,2,2,4,2,2025,3,1,0,0,Home Win
2025-03-28,2024,Colchester United,Grimsby Town,1,2,4,4,3,-1,2025,3,0,1,0,Away Win
2025-03-28,2024,Tranmere Rovers,Cheltenham,2,0,4,4,2,2,2025,3,1,0,0,Home Win
2025-03-29,2024,Hull City,Luton Town,0,1,2,2,1,-1,2025,3,0,1,0,Away Win
2025-03-29,2024,Watford,Plymouth Argyle,0,0,2,2,0,0,2025,3,0,0,1,Draw
2025-03-29,2024,Burnley,Bristol City,1,0,2,2,1,1,2025,3,1,0,0,Home Win
2025-03-29,2024,Cardiff City,Sheffield Wednesday,1,1,2,2,2,0,2025,3,0,0,1,Draw
2025-03-29,2024,Leeds United,Swansea City,2,2,2,2,4,0,2025,3,0,0,1,Draw
2025-03-29,2024,Middlesbrough,Oxford United,2,1,2,2,3,1,2025,3,1,0,0,Home Win
2025-03-29,2024,Norwich City,West Bromwich Albion,1,0,2,2,1,1,2025,3,1,0,0,Home Win
2025-03-29,2024,Portsmouth,Blackburn Rovers,1,0,2,2,1,1,2025,3,1,0,0,Home Win
2025-03-29,2024,Stoke City,Queens Park Rangers,3,1,2,2,4,2,2025,3,1,0,0,Home Win
2025-03-29,2024,Sunderland,Millwall,1,0,2,2,1,1,2025,3,1,0,0,Home Win
2025-03-29,2024,Charlton Athletic,Huddersfield Town,4,0,3,3,4,4,2025,3,1,0,0,Home Win
2025-03-29,2024,Stockport County,Burton Albion,2,1,3,3,3,1,2025,3,1,0,0,Home Win
2025-03-29,2024,Birmingham City,Shrewsbury Town,4,1,3,3,5,3,2025,3,1,0,0,Home Win
2025-03-29,2024,Blackpool,Bolton Wanderers,2,1,3,3,3,1,2025,3,1,0,0,Home Win
2025-03-29,2024,Bristol Rovers,Mansfield Town,1,2,3,3,3,-1,2025,3,0,1,0,Away Win
2025-03-29,2024,Cambridge United,Northampton Town,1,1,3,3,2,0,2025,3,0,0,1,Draw
2025-03-29,2024,Exeter City,Wrexham,0,2,3,3,2,-2,2025,3,0,1,0,Away Win
2025-03-29,2024,Reading,Peterborough United,3,1,3,3,4,2,2025,3,1,0,0,Home Win
2025-03-29,2024,Rotherham United,Crawley Town,0,4,3,3,4,-4,2025,3,0,1,0,Away Win
2025-03-29,2024,Wigan Athletic,Barnsley,1,1,3,3,2,0,2025,3,0,0,1,Draw
2025-03-29,2024,Wycombe Wanderers,Lincoln City,1,0,3,3,1,1,2025,3,1,0,0,Home Win
2025-03-29,2024,Accrington,Bradford City,0,0,4,4,0,0,2025,3,0,0,1,Draw
2025-03-29,2024,Crewe Alexandra,Port Vale,0,1,4,4,1,-1,2025,3,0,1,0,Away Win
2025-03-29,2024,Barrow,Chesterfield,0,1,4,4,1,-1,2025,3,0,1,0,Away Win
2025-03-29,2024,Bromley,Salford City,2,3,4,4,5,-1,2025,3,0,1,0,Away Win
2025-03-29,2024,Doncaster Rovers,Carlisle United,3,0,4,4,3,3,2025,3,1,0,0,Home Win
2025-03-29,2024,Harrogate Town A.F.C.,Gillingham,1,1,4,4,2,0,2025,3,0,0,1,Draw
2025-03-29,2024,Milton Keynes Dons,Fleetwood Town,2,4,4,4,6,-2,2025,3,0,1,0,Away Win
2025-03-29,2024,Morecambe,Swindon Town,1,0,4,4,1,1,2025,3,1,0,0,Home Win
2025-03-29,2024,Newport County,Notts County,0,2,4,4,2,-2,2025,3,0,1,0,Away Win
2025-03-29,2024,Walsall,AFC Wimbledon,1,1,4,4,2,0,2025,3,0,0,1,Draw
2025-04-01,2024,Arsenal,Fulham,2,1,1,1,3,1,2025,4,1,0,0,Home Win
2025-04-01,2024,Wolverhampton Wanderers,West Ham United,1,0,1,1,1,1,2025,4,1,0,0,Home Win
2025-04-01,2024,Nottingham Forest,Manchester United,1,0,1,1,1,1,2025,4,1,0,0,Home Win
2025-04-01,2024,Barnsley,Exeter City,1,2,3,3,3,-1,2025,4,0,1,0,Away Win
2025-04-01,2024,Blackpool,Reading,3,0,3,3,3,3,2025,4,1,0,0,Home Win
2025-04-01,2024,Burton Albion,Leyton Orient,2,1,3,3,3,1,2025,4,1,0,0,Home Win
2025-04-01,2024,Cambridge United,Wrexham,2,2,3,3,4,0,2025,4,0,0,1,Draw
2025-04-01,2024,Crawley Town,Peterborough United,3,4,3,3,7,-1,2025,4,0,1,0,Away Win
2025-04-01,2024,Lincoln City,Huddersfield Town,1,0,3,3,1,1,2025,4,1,0,0,Home Win
2025-04-01,2024,Mansfield Town,Charlton Athletic,1,2,3,3,3,-1,2025,4,0,1,0,Away Win
2025-04-01,2024,Northampton Town,Rotherham United,0,2,3,3,2,-2,2025,4,0,1,0,Away Win
2025-04-01,2024,Stockport County,Stevenage Borough,3,0,3,3,3,3,2025,4,1,0,0,Home Win
2025-04-01,2024,Wigan Athletic,Bolton Wanderers,0,1,3,3,1,-1,2025,4,0,1,0,Away Win
2025-04-01,2024,Wycombe Wanderers,Shrewsbury Town,0,0,3,3,0,0,2025,4,0,0,1,Draw
2025-04-01,2024,Bristol Rovers,Birmingham City,1,2,3,3,3,-1,2025,4,0,1,0,Away Win
2025-04-01,2024,Accrington,Fleetwood Town,1,4,4,4,5,-3,2025,4,0,1,0,Away Win
2025-04-01,2024,Barrow,Salford City,1,1,4,4,2,0,2025,4,0,0,1,Draw
2025-04-01,2024,Chesterfield,Carlisle United,2,1,4,4,3,1,2025,4,1,0,0,Home Win
2025-04-01,2024,Crewe Alexandra,Grimsby Town,2,0,4,4,2,2,2025,4,1,0,0,Home Win
2025-04-01,2024,Doncaster Rovers,Walsall,2,2,4,4,4,0,2025,4,0,0,1,Draw
2025-04-01,2024,Gillingham,Colchester United,1,1,4,4,2,0,2025,4,0,0,1,Draw
2025-04-01,2024,Harrogate Town A.F.C.,Tranmere Rovers,3,2,4,4,5,1,2025,4,1,0,0,Home Win
2025-04-01,2024,Morecambe,Cheltenham,2,0,4,4,2,2,2025,4,1,0,0,Home Win
2025-04-01,2024,Newport County,Bromley,1,1,4,4,2,0,2025,4,0,0,1,Draw
2025-04-01,2024,Port Vale,Bradford City,2,0,4,4,2,2,2025,4,1,0,0,Home Win
2025-04-01,2024,Swindon Town,AFC Wimbledon,2,1,4,4,3,1,2025,4,1,0,0,Home Win
2025-04-02,2024,AFC Bournemouth,Ipswich Town,1,2,1,1,3,-1,2025,4,0,1,0,Away Win
2025-04-02,2024,Brighton & Hove Albion,Aston Villa,0,3,1,1,3,-3,2025,4,0,1,0,Away Win
2025-04-02,2024,Manchester City,Leicester City,2,0,1,1,2,2,2025,4,1,0,0,Home Win
2025-04-02,2024,Newcastle United,Brentford,2,1,1,1,3,1,2025,4,1,0,0,Home Win
2025-04-02,2024,Southampton,Crystal Palace,1,1,1,1,2,0,2025,4,0,0,1,Draw
2025-04-02,2024,Liverpool,Everton,1,0,1,1,1,1,2025,4,1,0,0,Home Win
2025-04-02,2024,Derby County,Preston North End,2,0,2,2,2,2,2025,4,1,0,0,Home Win
2025-04-02,2024,Notts County,Milton Keynes Dons,3,0,4,4,3,3,2025,4,1,0,0,Home Win
2025-04-03,2024,Chelsea,Tottenham Hotspur,1,0,1,1,1,1,2025,4,1,0,0,Home Win
2025-04-04,2024,Blackburn Rovers,Middlesbrough,0,2,2,2,2,-2,2025,4,0,1,0,Away Win
2025-04-05,2024,Everton,Arsenal,1,1,1,1,2,0,2025,4,0,0,1,Draw
2025-04-05,2024,Crystal Palace,Brighton & Hove Albion,2,1,1,1,3,1,2025,4,1,0,0,Home Win
2025-04-05,2024,Ipswich Town,Wolverhampton Wanderers,1,2,1,1,3,-1,2025,4,0,1,0,Away Win
2025-04-05,2024,West Ham United,AFC Bournemouth,2,2,1,1,4,0,2025,4,0,0,1,Draw
2025-04-05,2024,Aston Villa,Nottingham Forest,2,1,1,1,3,1,2025,4,1,0,0,Home Win
2025-04-05,2024,Coventry City,Burnley,1,2,2,2,3,-1,2025,4,0,1,0,Away Win
2025-04-05,2024,Luton Town,Leeds United,1,1,2,2,2,0,2025,4,0,0,1,Draw
2025-04-05,2024,West Bromwich Albion,Sunderland,0,1,2,2,1,-1,2025,4,0,1,0,Away Win
2025-04-05,2024,Bristol City,Watford,2,1,2,2,3,1,2025,4,1,0,0,Home Win
2025-04-05,2024,Millwall,Portsmouth,2,1,2,2,3,1,2025,4,1,0,0,Home Win
2025-04-05,2024,Oxford United,Sheffield United,1,0,2,2,1,1,2025,4,1,0,0,Home Win
2025-04-05,2024,Plymouth Argyle,Norwich City,2,1,2,2,3,1,2025,4,1,0,0,Home Win
2025-04-05,2024,Preston North End,Stoke City,1,1,2,2,2,0,2025,4,0,0,1,Draw
2025-04-05,2024,Queens Park Rangers,Cardiff City,0,0,2,2,0,0,2025,4,0,0,1,Draw
2025-04-05,2024,Sheffield Wednesday,Hull City,0,1,2,2,1,-1,2025,4,0,1,0,Away Win
2025-04-05,2024,Swansea City,Derby County,1,0,2,2,1,1,2025,4,1,0,0,Home Win
2025-04-05,2024,Reading,Wycombe Wanderers,1,0,3,3,1,1,2025,4,1,0,0,Home Win
2025-04-05,2024,Wrexham,Burton Albion,3,0,3,3,3,3,2025,4,1,0,0,Home Win
2025-04-05,2024,Birmingham City,Barnsley,6,2,3,3,8,4,2025,4,1,0,0,Home Win
2025-04-05,2024,Bolton Wanderers,Bristol Rovers,1,0,3,3,1,1,2025,4,1,0,0,Home Win
2025-04-05,2024,Charlton Athletic,Lincoln City,2,2,3,3,4,0,2025,4,0,0,1,Draw
2025-04-05,2024,Exeter City,Stockport County,0,2,3,3,2,-2,2025,4,0,1,0,Away Win
2025-04-05,2024,Huddersfield Town,Mansfield Town,2,1,3,3,3,1,2025,4,1,0,0,Home Win
2025-04-05,2024,Leyton Orient,Wigan Athletic,0,0,3,3,0,0,2025,4,0,0,1,Draw
2025-04-05,2024,Peterborough United,Northampton Town,0,4,3,3,4,-4,2025,4,0,1,0,Away Win
2025-04-05,2024,Rotherham United,Blackpool,2,1,3,3,3,1,2025,4,1,0,0,Home Win
2025-04-05,2024,Shrewsbury Town,Cambridge United,0,1,3,3,1,-1,2025,4,0,1,0,Away Win
2025-04-05,2024,Stevenage Borough,Crawley Town,3,1,3,3,4,2,2025,4,1,0,0,Home Win
2025-04-05,2024,Cheltenham,Doncaster Rovers,0,2,4,4,2,-2,2025,4,0,1,0,Away Win
2025-04-05,2024,Walsall,Port Vale,2,3,4,4,5,-1,2025,4,0,1,0,Away Win
2025-04-05,2024,Tranmere Rovers,Chesterfield,4,0,4,4,4,4,2025,4,1,0,0,Home Win
2025-04-05,2024,AFC Wimbledon,Harrogate Town A.F.C.,1,0,4,4,1,1,2025,4,1,0,0,Home Win
2025-04-05,2024,Bradford City,Crewe Alexandra,2,0,4,4,2,2,2025,4,1,0,0,Home Win
2025-04-05,2024,Bromley,Accrington,4,0,4,4,4,4,2025,4,1,0,0,Home Win
2025-04-05,2024,Carlisle United,Newport County,3,2,4,4,5,1,2025,4,1,0,0,Home Win
2025-04-05,2024,Colchester United,Notts County,1,0,4,4,1,1,2025,4,1,0,0,Home Win
2025-04-05,2024,Fleetwood Town,Swindon Town,0,4,4,4,4,-4,2025,4,0,1,0,Away Win
2025-04-05,2024,Grimsby Town,Morecambe,3,1,4,4,4,2,2025,4,1,0,0,Home Win
2025-04-05,2024,Milton Keynes Dons,Barrow,0,3,4,4,3,-3,2025,4,0,1,0,Away Win
2025-04-05,2024,Salford City,Gillingham,2,2,4,4,4,0,2025,4,0,0,1,Draw
2025-04-06,2024,Brentford,Chelsea,0,0,1,1,0,0,2025,4,0,0,1,Draw
2025-04-06,2024,Fulham,Liverpool,3,2,1,1,5,1,2025,4,1,0,0,Home Win
2025-04-06,2024,Tottenham Hotspur,Southampton,3,1,1,1,4,2,2025,4,1,0,0,Home Win
2025-04-06,2024,Manchester United,Manchester City,0,0,1,1,0,0,2025,4,0,0,1,Draw
2025-04-07,2024,Leicester City,Newcastle United,0,3,1,1,3,-3,2025,4,0,1,0,Away Win
2025-04-08,2024,Blackburn Rovers,Sheffield Wednesday,2,2,2,2,4,0,2025,4,0,0,1,Draw
2025-04-08,2024,Bristol City,West Bromwich Albion,2,1,2,2,3,1,2025,4,1,0,0,Home Win
2025-04-08,2024,Derby County,Burnley,0,0,2,2,0,0,2025,4,0,0,1,Draw
2025-04-08,2024,Norwich City,Sunderland,0,0,2,2,0,0,2025,4,0,0,1,Draw
2025-04-08,2024,Preston North End,Cardiff City,2,2,2,2,4,0,2025,4,0,0,1,Draw
2025-04-08,2024,Sheffield United,Millwall,0,1,2,2,1,-1,2025,4,0,1,0,Away Win
2025-04-08,2024,Stoke City,Luton Town,1,1,2,2,2,0,2025,4,0,0,1,Draw
2025-04-08,2024,Watford,Hull City,1,0,2,2,1,1,2025,4,1,0,0,Home Win
2025-04-08,2024,Middlesbrough,Leeds United,0,1,2,2,1,-1,2025,4,0,1,0,Away Win
2025-04-08,2024,Bolton Wanderers,Rotherham United,0,1,3,3,1,-1,2025,4,0,1,0,Away Win
2025-04-08,2024,Exeter City,Wigan Athletic,1,1,3,3,2,0,2025,4,0,0,1,Draw
2025-04-08,2024,Huddersfield Town,Wycombe Wanderers,0,1,3,3,1,-1,2025,4,0,1,0,Away Win
2025-04-08,2024,Mansfield Town,Leyton Orient,2,3,3,3,5,-1,2025,4,0,1,0,Away Win
2025-04-08,2024,Peterborough United,Birmingham City,1,2,3,3,3,-1,2025,4,0,1,0,Away Win
2025-04-08,2024,Shrewsbury Town,Reading,1,3,3,3,4,-2,2025,4,0,1,0,Away Win
2025-04-08,2024,Chesterfield,Gillingham,1,1,4,4,2,0,2025,4,0,0,1,Draw
2025-04-09,2024,Oxford United,Queens Park Rangers,1,3,2,2,4,-2,2025,4,0,1,0,Away Win
2025-04-09,2024,Swansea City,Plymouth Argyle,3,0,2,2,3,3,2025,4,1,0,0,Home Win
2025-04-09,2024,Coventry City,Portsmouth,1,0,2,2,1,1,2025,4,1,0,0,Home Win
2025-04-10,2024,Crewe Alexandra,Cheltenham,2,3,4,4,5,-1,2025,4,0,1,0,Away Win
2025-04-11,2024,Burnley,Norwich City,2,1,2,2,3,1,2025,4,1,0,0,Home Win
2025-04-11,2024,Notts County,Salford City,1,3,4,4,4,-2,2025,4,0,1,0,Away Win
2025-04-12,2024,Manchester City,Crystal Palace,5,2,1,1,7,3,2025,4,1,0,0,Home Win
2025-04-12,2024,Brighton & Hove Albion,Leicester City,2,2,1,1,4,0,2025,4,0,0,1,Draw
2025-04-12,2024,Nottingham Forest,Everton,0,1,1,1,1,-1,2025,4,0,1,0,Away Win
2025-04-12,2024,Southampton,Aston Villa,0,3,1,1,3,-3,2025,4,0,1,0,Away Win
2025-04-12,2024,Arsenal,Brentford,1,1,1,1,2,0,2025,4,0,0,1,Draw
2025-04-12,2024,Leeds United,Preston North End,2,1,2,2,3,1,2025,4,1,0,0,Home Win
2025-04-12,2024,Plymouth Argyle,Sheffield United,2,1,2,2,3,1,2025,4,1,0,0,Home Win
2025-04-12,2024,Cardiff City,Stoke City,0,1,2,2,1,-1,2025,4,0,1,0,Away Win
2025-04-12,2024,Luton Town,Blackburn Rovers,0,1,2,2,1,-1,2025,4,0,1,0,Away Win
2025-04-12,2024,Millwall,Middlesbrough,1,0,2,2,1,1,2025,4,1,0,0,Home Win
2025-04-12,2024,Portsmouth,Derby County,2,2,2,2,4,0,2025,4,0,0,1,Draw
2025-04-12,2024,Queens Park Rangers,Bristol City,1,1,2,2,2,0,2025,4,0,0,1,Draw
2025-04-12,2024,Sheffield Wednesday,Oxford United,0,1,2,2,1,-1,2025,4,0,1,0,Away Win
2025-04-12,2024,Sunderland,Swansea City,0,1,2,2,1,-1,2025,4,0,1,0,Away Win
2025-04-12,2024,West Bromwich Albion,Watford,2,1,2,2,3,1,2025,4,1,0,0,Home Win
2025-04-12,2024,Wigan Athletic,Wrexham,0,0,3,3,0,0,2025,4,0,0,1,Draw
2025-04-12,2024,Wycombe Wanderers,Stevenage Borough,1,0,3,3,1,1,2025,4,1,0,0,Home Win
2025-04-12,2024,Barnsley,Bolton Wanderers,4,1,3,3,5,3,2025,4,1,0,0,Home Win
2025-04-12,2024,Bristol Rovers,Exeter City,1,2,3,3,3,-1,2025,4,0,1,0,Away Win
2025-04-12,2024,Burton Albion,Huddersfield Town,3,0,3,3,3,3,2025,4,1,0,0,Home Win
2025-04-12,2024,Cambridge United,Charlton Athletic,0,1,3,3,1,-1,2025,4,0,1,0,Away Win
2025-04-12,2024,Crawley Town,Leyton Orient,1,3,3,3,4,-2,2025,4,0,1,0,Away Win
2025-04-12,2024,Lincoln City,Shrewsbury Town,1,1,3,3,2,0,2025,4,0,0,1,Draw
2025-04-12,2024,Northampton Town,Reading,0,0,3,3,0,0,2025,4,0,0,1,Draw
2025-04-12,2024,Stockport County,Rotherham United,3,1,3,3,4,2,2025,4,1,0,0,Home Win
2025-04-12,2024,Doncaster Rovers,AFC Wimbledon,1,1,4,4,2,0,2025,4,0,0,1,Draw
2025-04-12,2024,Swindon Town,Bradford City,5,4,4,4,9,1,2025,4,1,0,0,Home Win
2025-04-12,2024,Accrington,Tranmere Rovers,3,3,4,4,6,0,2025,4,0,0,1,Draw
2025-04-12,2024,Barrow,Walsall,2,0,4,4,2,2,2025,4,1,0,0,Home Win
2025-04-12,2024,Chesterfield,Fleetwood Town,3,0,4,4,3,3,2025,4,1,0,0,Home Win
2025-04-12,2024,Gillingham,Milton Keynes Dons,1,0,4,4,1,1,2025,4,1,0,0,Home Win
2025-04-12,2024,Harrogate Town A.F.C.,Grimsby Town,2,2,4,4,4,0,2025,4,0,0,1,Draw
2025-04-12,2024,Morecambe,Carlisle United,0,2,4,4,2,-2,2025,4,0,1,0,Away Win
2025-04-12,2024,Newport County,Colchester United,0,2,4,4,2,-2,2025,4,0,1,0,Away Win
2025-04-12,2024,Port Vale,Bromley,5,0,4,4,5,5,2025,4,1,0,0,Home Win
2025-04-13,2024,Chelsea,Ipswich Town,2,2,1,1,4,0,2025,4,0,0,1,Draw
2025-04-13,2024,Liverpool,West Ham United,2,1,1,1,3,1,2025,4,1,0,0,Home Win
2025-04-13,2024,Wolverhampton Wanderers,Tottenham Hotspur,4,2,1,1,6,2,2025,4,1,0,0,Home Win
2025-04-13,2024,Newcastle United,Manchester United,4,1,1,1,5,3,2025,4,1,0,0,Home Win
2025-04-14,2024,AFC Bournemouth,Fulham,1,0,1,1,1,1,2025,4,1,0,0,Home Win
2025-04-14,2024,Hull City,Coventry City,1,1,2,2,2,0,2025,4,0,0,1,Draw
2025-04-15,2024,Salford City,Doncaster Rovers,1,1,4,4,2,0,2025,4,0,0,1,Draw
2025-04-16,2024,Newcastle United,Crystal Palace,5,0,1,1,5,5,2025,4,1,0,0,Home Win
2025-04-17,2024,Bradford City,Notts County,1,1,4,4,2,0,2025,4,0,0,1,Draw
2025-04-18,2024,Derby County,Luton Town,0,1,2,2,1,-1,2025,4,0,1,0,Away Win
2025-04-18,2024,Blackburn Rovers,Millwall,4,1,2,2,5,3,2025,4,1,0,0,Home Win
2025-04-18,2024,Bristol City,Sunderland,2,1,2,2,3,1,2025,4,1,0,0,Home Win
2025-04-18,2024,Coventry City,West Bromwich Albion,2,0,2,2,2,2,2025,4,1,0,0,Home Win
2025-04-18,2024,Middlesbrough,Plymouth Argyle,2,1,2,2,3,1,2025,4,1,0,0,Home Win
2025-04-18,2024,Norwich City,Portsmouth,3,5,2,2,8,-2,2025,4,0,1,0,Away Win
2025-04-18,2024,Preston North End,Queens Park Rangers,1,2,2,2,3,-1,2025,4,0,1,0,Away Win
2025-04-18,2024,Stoke City,Sheffield Wednesday,2,0,2,2,2,2,2025,4,1,0,0,Home Win
2025-04-18,2024,Swansea City,Hull City,1,0,2,2,1,1,2025,4,1,0,0,Home Win
2025-04-18,2024,Watford,Burnley,1,2,2,2,3,-1,2025,4,0,1,0,Away Win
2025-04-18,2024,Sheffield United,Cardiff City,2,0,2,2,2,2,2025,4,1,0,0,Home Win
2025-04-18,2024,Oxford United,Leeds United,0,1,2,2,1,-1,2025,4,0,1,0,Away Win
2025-04-18,2024,Exeter City,Burton Albion,0,0,3,3,0,0,2025,4,0,0,1,Draw
2025-04-18,2024,Birmingham City,Crawley Town,0,0,3,3,0,0,2025,4,0,0,1,Draw
2025-04-18,2024,Bolton Wanderers,Wycombe Wanderers,0,2,3,3,2,-2,2025,4,0,1,0,Away Win
2025-04-18,2024,Charlton Athletic,Northampton Town,2,1,3,3,3,1,2025,4,1,0,0,Home Win
2025-04-18,2024,Huddersfield Town,Cambridge United,1,2,3,3,3,-1,2025,4,0,1,0,Away Win
2025-04-18,2024,Leyton Orient,Barnsley,4,3,3,3,7,1,2025,4,1,0,0,Home Win
2025-04-18,2024,Peterborough United,Stockport County,1,1,3,3,2,0,2025,4,0,0,1,Draw
2025-04-18,2024,Reading,Lincoln City,0,1,3,3,1,-1,2025,4,0,1,0,Away Win
2025-04-18,2024,Rotherham United,Mansfield Town,3,3,3,3,6,0,2025,4,0,0,1,Draw
2025-04-18,2024,Shrewsbury Town,Wigan Athletic,0,1,3,3,1,-1,2025,4,0,1,0,Away Win
2025-04-18,2024,Stevenage Borough,Blackpool,1,3,3,3,4,-2,2025,4,0,1,0,Away Win
2025-04-18,2024,Wrexham,Bristol Rovers,1,1,3,3,2,0,2025,4,0,0,1,Draw
2025-04-18,2024,AFC Wimbledon,Chesterfield,0,0,4,4,0,0,2025,4,0,0,1,Draw
2025-04-18,2024,Bromley,Morecambe,1,0,4,4,1,1,2025,4,1,0,0,Home Win
2025-04-18,2024,Carlisle United,Port Vale,3,2,4,4,5,1,2025,4,1,0,0,Home Win
2025-04-18,2024,Cheltenham,Gillingham,1,1,4,4,2,0,2025,4,0,0,1,Draw
2025-04-18,2024,Colchester United,Crewe Alexandra,0,0,4,4,0,0,2025,4,0,0,1,Draw
2025-04-18,2024,Fleetwood Town,Barrow,0,0,4,4,0,0,2025,4,0,0,1,Draw
2025-04-18,2024,Grimsby Town,Swindon Town,0,4,4,4,4,-4,2025,4,0,1,0,Away Win
2025-04-18,2024,Milton Keynes Dons,Newport County,0,0,4,4,0,0,2025,4,0,0,1,Draw
2025-04-18,2024,Salford City,Accrington,1,2,4,4,3,-1,2025,4,0,1,0,Away Win
2025-04-18,2024,Tranmere Rovers,Doncaster Rovers,0,3,4,4,3,-3,2025,4,0,1,0,Away Win
2025-04-18,2024,Walsall,Harrogate Town A.F.C.,2,2,4,4,4,0,2025,4,0,0,1,Draw
2025-04-19,2024,Brentford,Brighton & Hove Albion,4,2,1,1,6,2,2025,4,1,0,0,Home Win
2025-04-19,2024,Crystal Palace,AFC Bournemouth,0,0,1,1,0,0,2025,4,0,0,1,Draw
2025-04-19,2024,Everton,Manchester City,0,2,1,1,2,-2,2025,4,0,1,0,Away Win
2025-04-19,2024,West Ham United,Southampton,1,1,1,1,2,0,2025,4,0,0,1,Draw
2025-04-19,2024,Aston Villa,Newcastle United,4,1,1,1,5,3,2025,4,1,0,0,Home Win
2025-04-20,2024,Fulham,Chelsea,1,2,1,1,3,-1,2025,4,0,1,0,Away Win
2025-04-20,2024,Ipswich Town,Arsenal,0,4,1,1,4,-4,2025,4,0,1,0,Away Win
2025-04-20,2024,Manchester United,Wolverhampton Wanderers,0,1,1,1,1,-1,2025,4,0,1,0,Away Win
2025-04-20,2024,Leicester City,Liverpool,0,1,1,1,1,-1,2025,4,0,1,0,Away Win
2025-04-21,2024,Tottenham Hotspur,Nottingham Forest,1,2,1,1,3,-1,2025,4,0,1,0,Away Win
2025-04-21,2024,Cardiff City,Oxford United,1,1,2,2,2,0,2025,4,0,0,1,Draw
2025-04-21,2024,Hull City,Preston North End,2,1,2,2,3,1,2025,4,1,0,0,Home Win
2025-04-21,2024,Leeds United,Stoke City,6,0,2,2,6,6,2025,4,1,0,0,Home Win
2025-04-21,2024,Luton Town,Bristol City,3,1,2,2,4,2,2025,4,1,0,0,Home Win
2025-04-21,2024,Millwall,Norwich City,3,1,2,2,4,2,2025,4,1,0,0,Home Win
2025-04-21,2024,Plymouth Argyle,Coventry City,3,1,2,2,4,2,2025,4,1,0,0,Home Win
2025-04-21,2024,Portsmouth,Watford,1,0,2,2,1,1,2025,4,1,0,0,Home Win
2025-04-21,2024,Queens Park Rangers,Swansea City,1,2,2,2,3,-1,2025,4,0,1,0,Away Win
2025-04-21,2024,Sheffield Wednesday,Middlesbrough,2,1,2,2,3,1,2025,4,1,0,0,Home Win
2025-04-21,2024,Sunderland,Blackburn Rovers,0,1,2,2,1,-1,2025,4,0,1,0,Away Win
2025-04-21,2024,West Bromwich Albion,Derby County,1,3,2,2,4,-2,2025,4,0,1,0,Away Win
2025-04-21,2024,Burnley,Sheffield United,2,1,2,2,3,1,2025,4,1,0,0,Home Win
2025-04-21,2024,Barnsley,Peterborough United,1,1,3,3,2,0,2025,4,0,0,1,Draw
2025-04-21,2024,Blackpool,Wrexham,1,2,3,3,3,-1,2025,4,0,1,0,Away Win
2025-04-21,2024,Bristol Rovers,Stevenage Borough,0,1,3,3,1,-1,2025,4,0,1,0,Away Win
2025-04-21,2024,Burton Albion,Birmingham City,1,2,3,3,3,-1,2025,4,0,1,0,Away Win
2025-04-21,2024,Cambridge United,Leyton Orient,1,2,3,3,3,-1,2025,4,0,1,0,Away Win
2025-04-21,2024,Crawley Town,Exeter City,3,1,3,3,4,2,2025,4,1,0,0,Home Win
2025-04-21,2024,Lincoln City,Bolton Wanderers,4,2,3,3,6,2,2025,4,1,0,0,Home Win
2025-04-21,2024,Mansfield Town,Reading,1,5,3,3,6,-4,2025,4,0,1,0,Away Win
2025-04-21,2024,Northampton Town,Shrewsbury Town,4,1,3,3,5,3,2025,4,1,0,0,Home Win
2025-04-21,2024,Stockport County,Huddersfield Town,2,1,3,3,3,1,2025,4,1,0,0,Home Win
2025-04-21,2024,Wigan Athletic,Rotherham United,1,0,3,3,1,1,2025,4,1,0,0,Home Win
2025-04-21,2024,Wycombe Wanderers,Charlton Athletic,0,4,3,3,4,-4,2025,4,0,1,0,Away Win
2025-04-21,2024,Newport County,Walsall,0,0,4,4,0,0,2025,4,0,0,1,Draw
2025-04-21,2024,Accrington,Carlisle United,1,1,4,4,2,0,2025,4,0,0,1,Draw
2025-04-21,2024,Barrow,Tranmere Rovers,0,0,4,4,0,0,2025,4,0,0,1,Draw
2025-04-21,2024,Chesterfield,Bradford City,3,3,4,4,6,0,2025,4,0,0,1,Draw
2025-04-21,2024,Crewe Alexandra,Milton Keynes Dons,0,1,4,4,1,-1,2025,4,0,1,0,Away Win
2025-04-21,2024,Doncaster Rovers,Colchester United,3,0,4,4,3,3,2025,4,1,0,0,Home Win
2025-04-21,2024,Gillingham,AFC Wimbledon,1,0,4,4,1,1,2025,4,1,0,0,Home Win
2025-04-21,2024,Harrogate Town A.F.C.,Fleetwood Town,3,1,4,4,4,2,2025,4,1,0,0,Home Win
2025-04-21,2024,Morecambe,Salford City,1,3,4,4,4,-2,2025,4,0,1,0,Away Win
2025-04-21,2024,Notts County,Cheltenham,1,2,4,4,3,-1,2025,4,0,1,0,Away Win
2025-04-21,2024,Port Vale,Grimsby Town,2,2,4,4,4,0,2025,4,0,0,1,Draw
2025-04-21,2024,Swindon Town,Bromley,0,1,4,4,1,-1,2025,4,0,1,0,Away Win
2025-04-22,2024,Manchester City,Aston Villa,2,1,1,1,3,1,2025,4,1,0,0,Home Win
2025-04-23,2024,Arsenal,Crystal Palace,2,2,1,1,4,0,2025,4,0,0,1,Draw
2025-04-24,2024,Stevenage Borough,Birmingham City,0,1,3,3,1,-1,2025,4,0,1,0,Away Win
2025-04-25,2024,Stoke City,Sheffield United,0,2,2,2,2,-2,2025,4,0,1,0,Away Win
2025-04-26,2024,Chelsea,Everton,1,0,1,1,1,1,2025,4,1,0,0,Home Win
2025-04-26,2024,Brighton & Hove Albion,West Ham United,3,2,1,1,5,1,2025,4,1,0,0,Home Win
2025-04-26,2024,Newcastle United,Ipswich Town,3,0,1,1,3,3,2025,4,1,0,0,Home Win
2025-04-26,2024,Southampton,Fulham,1,2,1,1,3,-1,2025,4,0,1,0,Away Win
2025-04-26,2024,Wolverhampton Wanderers,Leicester City,3,0,1,1,3,3,2025,4,1,0,0,Home Win
2025-04-26,2024,Luton Town,Coventry City,1,0,2,2,1,1,2025,4,1,0,0,Home Win
2025-04-26,2024,Queens Park Rangers,Burnley,0,5,2,2,5,-5,2025,4,0,1,0,Away Win
2025-04-26,2024,Blackburn Rovers,Watford,2,1,2,2,3,1,2025,4,1,0,0,Home Win
2025-04-26,2024,Cardiff City,West Bromwich Albion,0,0,2,2,0,0,2025,4,0,0,1,Draw
2025-04-26,2024,Hull City,Derby County,0,1,2,2,1,-1,2025,4,0,1,0,Away Win
2025-04-26,2024,Middlesbrough,Norwich City,0,0,2,2,0,0,2025,4,0,0,1,Draw
2025-04-26,2024,Millwall,Swansea City,1,0,2,2,1,1,2025,4,1,0,0,Home Win
2025-04-26,2024,Oxford United,Sunderland,2,0,2,2,2,2,2025,4,1,0,0,Home Win
2025-04-26,2024,Preston North End,Plymouth Argyle,1,2,2,2,3,-1,2025,4,0,1,0,Away Win
2025-04-26,2024,Sheffield Wednesday,Portsmouth,1,1,2,2,2,0,2025,4,0,0,1,Draw
2025-04-26,2024,Bristol Rovers,Reading,0,2,3,3,2,-2,2025,4,0,1,0,Away Win
2025-04-26,2024,Leyton Orient,Wycombe Wanderers,1,0,3,3,1,1,2025,4,1,0,0,Home Win
2025-04-26,2024,Barnsley,Shrewsbury Town,1,2,3,3,3,-1,2025,4,0,1,0,Away Win
2025-04-26,2024,Burton Albion,Cambridge United,2,1,3,3,3,1,2025,4,1,0,0,Home Win
2025-04-26,2024,Crawley Town,Northampton Town,3,0,3,3,3,3,2025,4,1,0,0,Home Win
2025-04-26,2024,Exeter City,Huddersfield Town,3,1,3,3,4,2,2025,4,1,0,0,Home Win
2025-04-26,2024,Peterborough United,Bolton Wanderers,1,1,3,3,2,0,2025,4,0,0,1,Draw
2025-04-26,2024,Stockport County,Lincoln City,3,2,3,3,5,1,2025,4,1,0,0,Home Win
2025-04-26,2024,Wigan Athletic,Blackpool,1,1,3,3,2,0,2025,4,0,0,1,Draw
2025-04-26,2024,Wrexham,Charlton Athletic,3,0,3,3,3,3,2025,4,1,0,0,Home Win
2025-04-26,2024,AFC Wimbledon,Port Vale,0,2,4,4,2,-2,2025,4,0,1,0,Away Win
2025-04-26,2024,Doncaster Rovers,Bradford City,2,1,4,4,3,1,2025,4,1,0,0,Home Win
2025-04-26,2024,Harrogate Town A.F.C.,Notts County,1,3,4,4,4,-2,2025,4,0,1,0,Away Win
2025-04-26,2024,Barrow,Bromley,3,3,4,4,6,0,2025,4,0,0,1,Draw
2025-04-26,2024,Cheltenham,Carlisle United,3,2,4,4,5,1,2025,4,1,0,0,Home Win
2025-04-26,2024,Chesterfield,Morecambe,4,1,4,4,5,3,2025,4,1,0,0,Home Win
2025-04-26,2024,Fleetwood Town,Newport County,2,0,4,4,2,2,2025,4,1,0,0,Home Win
2025-04-26,2024,Gillingham,Swindon Town,1,1,4,4,2,0,2025,4,0,0,1,Draw
2025-04-26,2024,Milton Keynes Dons,Grimsby Town,0,0,4,4,0,0,2025,4,0,0,1,Draw
2025-04-26,2024,Salford City,Colchester United,4,1,4,4,5,3,2025,4,1,0,0,Home Win
2025-04-26,2024,Tranmere Rovers,Crewe Alexandra,2,0,4,4,2,2,2025,4,1,0,0,Home Win
2025-04-26,2024,Walsall,Accrington,0,1,4,4,1,-1,2025,4,0,1,0,Away Win
2025-04-27,2024,AFC Bournemouth,Manchester United,1,1,1,1,2,0,2025,4,0,0,1,Draw
2025-04-27,2024,Liverpool,Tottenham Hotspur,5,1,1,1,6,4,2025,4,1,0,0,Home Win
2025-04-27,2024,Stevenage Borough,Rotherham United,1,1,3,3,2,0,2025,4,0,0,1,Draw
2025-04-27,2024,Birmingham City,Mansfield Town,4,0,3,3,4,4,2025,4,1,0,0,Home Win
2025-04-28,2024,Leeds United,Bristol City,4,0,2,2,4,4,2025,4,1,0,0,Home Win
2025-04-29,2024,Burton Albion,Wigan Athletic,1,1,3,3,2,0,2025,4,0,0,1,Draw
2025-04-30,2024,Blackpool,Birmingham City,0,2,3,3,2,-2,2025,4,0,1,0,Away Win
2025-04-30,2024,Mansfield Town,Peterborough United,4,2,3,3,6,2,2025,4,1,0,0,Home Win
2025-05-01,2024,Nottingham Forest,Brentford,0,2,1,1,2,-2,2025,5,0,1,0,Away Win
2025-05-02,2024,Manchester City,Wolverhampton Wanderers,1,0,1,1,1,1,2025,5,1,0,0,Home Win
2025-05-03,2024,Aston Villa,Fulham,1,0,1,1,1,1,2025,5,1,0,0,Home Win
2025-05-03,2024,Everton,Ipswich Town,2,2,1,1,4,0,2025,5,0,0,1,Draw
2025-05-03,2024,Leicester City,Southampton,2,0,1,1,2,2,2025,5,1,0,0,Home Win
2025-05-03,2024,Arsenal,AFC Bournemouth,1,2,1,1,3,-1,2025,5,0,1,0,Away Win
2025-05-03,2024,Bristol City,Preston North End,2,2,2,2,4,0,2025,5,0,0,1,Draw
2025-05-03,2024,Burnley,Millwall,3,1,2,2,4,2,2025,5,1,0,0,Home Win
2025-05-03,2024,Coventry City,Middlesbrough,2,0,2,2,2,2,2025,5,1,0,0,Home Win
2025-05-03,2024,Derby County,Stoke City,0,0,2,2,0,0,2025,5,0,0,1,Draw
2025-05-03,2024,Norwich City,Cardiff City,4,2,2,2,6,2,2025,5,1,0,0,Home Win
2025-05-03,2024,Plymouth Argyle,Leeds United,1,2,2,2,3,-1,2025,5,0,1,0,Away Win
2025-05-03,2024,Portsmouth,Hull City,1,1,2,2,2,0,2025,5,0,0,1,Draw
2025-05-03,2024,Sheffield United,Blackburn Rovers,1,1,2,2,2,0,2025,5,0,0,1,Draw
2025-05-03,2024,Sunderland,Queens Park Rangers,0,1,2,2,1,-1,2025,5,0,1,0,Away Win
2025-05-03,2024,Swansea City,Oxford United,3,3,2,2,6,0,2025,5,0,0,1,Draw
2025-05-03,2024,Watford,Sheffield Wednesday,1,1,2,2,2,0,2025,5,0,0,1,Draw
2025-05-03,2024,West Bromwich Albion,Luton Town,5,3,2,2,8,2,2025,5,1,0,0,Home Win
2025-05-03,2024,Blackpool,Bristol Rovers,4,1,3,3,5,3,2025,5,1,0,0,Home Win
2025-05-03,2024,Bolton Wanderers,Stevenage Borough,1,1,3,3,2,0,2025,5,0,0,1,Draw
2025-05-03,2024,Cambridge United,Birmingham City,1,2,3,3,3,-1,2025,5,0,1,0,Away Win
2025-05-03,2024,Charlton Athletic,Burton Albion,3,1,3,3,4,2,2025,5,1,0,0,Home Win
2025-05-03,2024,Huddersfield Town,Leyton Orient,1,4,3,3,5,-3,2025,5,0,1,0,Away Win
2025-05-03,2024,Lincoln City,Wrexham,0,2,3,3,2,-2,2025,5,0,1,0,Away Win
2025-05-03,2024,Mansfield Town,Exeter City,3,0,3,3,3,3,2025,5,1,0,0,Home Win
2025-05-03,2024,Northampton Town,Wigan Athletic,1,1,3,3,2,0,2025,5,0,0,1,Draw
2025-05-03,2024,Reading,Barnsley,2,4,3,3,6,-2,2025,5,0,1,0,Away Win
2025-05-03,2024,Rotherham United,Peterborough United,2,1,3,3,3,1,2025,5,1,0,0,Home Win
2025-05-03,2024,Shrewsbury Town,Crawley Town,1,2,3,3,3,-1,2025,5,0,1,0,Away Win
2025-05-03,2024,Wycombe Wanderers,Stockport County,1,3,3,3,4,-2,2025,5,0,1,0,Away Win
2025-05-03,2024,Accrington,Chesterfield,0,1,4,4,1,-1,2025,5,0,1,0,Away Win
2025-05-03,2024,Bradford City,Fleetwood Town,1,0,4,4,1,1,2025,5,1,0,0,Home Win
2025-05-03,2024,Bromley,Cheltenham,3,0,4,4,3,3,2025,5,1,0,0,Home Win
2025-05-03,2024,Carlisle United,Salford City,2,2,4,4,4,0,2025,5,0,0,1,Draw
2025-05-03,2024,Colchester United,Barrow,0,0,4,4,0,0,2025,5,0,0,1,Draw
2025-05-03,2024,Crewe Alexandra,Walsall,0,1,4,4,1,-1,2025,5,0,1,0,Away Win
2025-05-03,2024,Grimsby Town,AFC Wimbledon,0,1,4,4,1,-1,2025,5,0,1,0,Away Win
2025-05-03,2024,Morecambe,Harrogate Town A.F.C.,1,2,4,4,3,-1,2025,5,0,1,0,Away Win
2025-05-03,2024,Newport County,Tranmere Rovers,1,4,4,4,5,-3,2025,5,0,1,0,Away Win
2025-05-03,2024,Notts County,Doncaster Rovers,1,2,4,4,3,-1,2025,5,0,1,0,Away Win
2025-05-03,2024,Port Vale,Gillingham,0,1,4,4,1,-1,2025,5,0,1,0,Away Win
2025-05-03,2024,Swindon Town,Milton Keynes Dons,0,0,4,4,0,0,2025,5,0,0,1,Draw
2025-05-04,2024,Brentford,Manchester United,4,3,1,1,7,1,2025,5,1,0,0,Home Win
2025-05-04,2024,Brighton & Hove Albion,Newcastle United,1,1,1,1,2,0,2025,5,0,0,1,Draw
2025-05-04,2024,West Ham United,Tottenham Hotspur,1,1,1,1,2,0,2025,5,0,0,1,Draw
2025-05-04,2024,Chelsea,Liverpool,3,1,1,1,4,2,2025,5,1,0,0,Home Win
2025-05-05,2024,Crystal Palace,Nottingham Forest,1,1,1,1,2,0,2025,5,0,0,1,Draw
2025-05-10,2024,Fulham,Everton,1,3,1,1,4,-2,2025,5,0,1,0,Away Win
2025-05-10,2024,Ipswich Town,Brentford,0,1,1,1,1,-1,2025,5,0,1,0,Away Win
2025-05-10,2024,Southampton,Manchester City,0,0,1,1,0,0,2025,5,0,0,1,Draw
2025-05-10,2024,Wolverhampton Wanderers,Brighton & Hove Albion,0,2,1,1,2,-2,2025,5,0,1,0,Away Win
2025-05-10,2024,AFC Bournemouth,Aston Villa,0,1,1,1,1,-1,2025,5,0,1,0,Away Win
2025-05-11,2024,Newcastle United,Chelsea,2,0,1,1,2,2,2025,5,1,0,0,Home Win
2025-05-11,2024,Manchester United,West Ham United,0,2,1,1,2,-2,2025,5,0,1,0,Away Win
2025-05-11,2024,Nottingham Forest,Leicester City,2,2,1,1,4,0,2025,5,0,0,1,Draw
2025-05-11,2024,Tottenham Hotspur,Crystal Palace,0,2,1,1,2,-2,2025,5,0,1,0,Away Win
2025-05-11,2024,Liverpool,Arsenal,2,2,1,1,4,0,2025,5,0,0,1,Draw
2025-05-16,2024,Aston Villa,Tottenham Hotspur,2,0,1,1,2,2,2025,5,1,0,0,Home Win
2025-05-16,2024,Chelsea,Manchester United,1,0,1,1,1,1,2025,5,1,0,0,Home Win
2025-05-18,2024,Everton,Southampton,2,0,1,1,2,2,2025,5,1,0,0,Home Win
2025-05-18,2024,West Ham United,Nottingham Forest,1,2,1,1,3,-1,2025,5,0,1,0,Away Win
2025-05-18,2024,Brentford,Fulham,2,3,1,1,5,-1,2025,5,0,1,0,Away Win
2025-05-18,2024,Leicester City,Ipswich Town,2,0,1,1,2,2,2025,5,1,0,0,Home Win
2025-05-18,2024,Arsenal,Newcastle United,1,0,1,1,1,1,2025,5,1,0,0,Home Win
2025-05-19,2024,Brighton & Hove Albion,Liverpool,3,2,1,1,5,1,2025,5,1,0,0,Home Win
2025-05-20,2024,Crystal Palace,Wolverhampton Wanderers,4,2,1,1,6,2,2025,5,1,0,0,Home Win
2025-05-20,2024,Manchester City,AFC Bournemouth,3,1,1,1,4,2,2025,5,1,0,0,Home Win
2025-05-25,2024,AFC Bournemouth,Leicester City,2,0,1,1,2,2,2025,5,1,0,0,Home Win
2025-05-25,2024,Fulham,Manchester City,0,2,1,1,2,-2,2025,5,0,1,0,Away Win
2025-05-25,2024,Ipswich Town,West Ham United,1,3,1,1,4,-2,2025,5,0,1,0,Away Win
2025-05-25,2024,Liverpool,Crystal Palace,1,1,1,1,2,0,2025,5,0,0,1,Draw
2025-05-25,2024,Manchester United,Aston Villa,2,0,1,1,2,2,2025,5,1,0,0,Home Win
2025-05-25,2024,Newcastle United,Everton,0,1,1,1,1,-1,2025,5,0,1,0,Away Win
2025-05-25,2024,Nottingham Forest,Chelsea,0,1,1,1,1,-1,2025,5,0,1,0,Away Win
2025-05-25,2024,Southampton,Arsenal,1,2,1,1,3,-1,2025,5,0,1,0,Away Win
2025-05-25,2024,Tottenham Hotspur,Brighton & Hove Albion,1,4,1,1,5,-3,2025,5,0,1,0,Away Win
2025-05-25,2024,Wolverhampton Wanderers,Brentford,1,1,1,1,2,0,2025,5,0,0,1,Draw
